{"title": ["Joanna Aizenberg"], "alternative": [null], "creator": ["VPRO"], "subject": ["Materials", "Material science", "Biomimetics", "Natural sciences", "Evolution", "Organisms", "Architecture", "Technology", "Design", "Nanotechnology"], "description": ["Material scientist Joanna Aizenberg is an international pioneering in the creation of new, adaptive materials inspired by nature."], "abstract": [null], "publisher": ["VPRO", "https://www.openbeelden.nl/users/vpro"], "contributor": ["Joanna Aizenberg"], "date": ["2016-09-21"], "type": ["Moving Image"], "extent": ["PT1H6M52S"], "medium": ["https://www.openbeelden.nl/files/10/02/1002086.1002058.Joanna_Aizenberg.mp4", "https://www.openbeelden.nl/files/10/02/1002088.1002058.Joanna_Aizenberg.mp4", "https://www.openbeelden.nl/files/10/02/1002058.Joanna_Aizenberg.mp4", "https://www.openbeelden.nl/files/10/02/1002090.1002058.Joanna_Aizenberg.webm", "https://www.openbeelden.nl/files/10/02/1002092.1002058.Joanna_Aizenberg.ogv", "https://www.openbeelden.nl/files/10/02/1002094.1002058.Joanna_Aizenberg.ogv", "https://www.openbeelden.nl/files/10/02/1002099.1002058.Joanna_Aizenberg.m3u8", "https://www.openbeelden.nl/images/1003176/Joanna_Aizenberg_%2833_26%29.png"], "language": ["en"], "references": [null], "mediator": [null], "spatial": ["Boston"], "attributionName": ["VPRO"], "attributionURL": ["https://www.openbeelden.nl/media/1002054"], "license": ["https://creativecommons.org/licenses/by-sa/3.0/nl/"]}