{"title": ["Jean-Jacques Hublin on human evolution"], "alternative": [null], "creator": ["VPRO"], "subject": ["Palaeontology", "Evolution", "Species", "Homo sapiens", "Hunter-gatherer", "Natural history", "Archaeology", "Paleoarchaeology", "Prehistory", "History"], "description": ["Jean-Jacques Hublin talking about evolution of the human species and the question what makes us so dangerous."], "abstract": [null], "publisher": ["VPRO", "https://www.openbeelden.nl/users/vpro"], "contributor": ["Jean-Jacques Hublin"], "date": ["2016-07-05"], "type": ["Moving Image"], "extent": ["PT1H36M26S"], "medium": ["https://www.openbeelden.nl/files/10/03/1003701.1003694.Jean-Jacques_Hublin.mp4", "https://www.openbeelden.nl/files/10/03/1003703.1003694.Jean-Jacques_Hublin.mp4", "https://www.openbeelden.nl/files/10/03/1003694.Jean-Jacques_Hublin.mp4", "https://www.openbeelden.nl/files/10/03/1003705.1003694.Jean-Jacques_Hublin.webm", "https://www.openbeelden.nl/files/10/03/1003707.1003694.Jean-Jacques_Hublin.ogv", "https://www.openbeelden.nl/files/10/03/1003709.1003694.Jean-Jacques_Hublin.ogv", "https://www.openbeelden.nl/files/10/03/1003742.1003694.Jean_Jacques_Hublin.m3u8", "https://www.openbeelden.nl/images/1003935/Jean-Jacques_Hublin_on_human_evolution_%2848_13%29.png"], "language": ["en"], "references": [null], "mediator": [null], "spatial": ["Leipzig, Germany"], "attributionName": ["VPRO"], "attributionURL": ["https://www.openbeelden.nl/media/1003690"], "license": ["https://creativecommons.org/licenses/by-sa/3.0/nl/"]}