{"title": ["Virus hunter Ron Fouchier on conquering the virus world"], "alternative": [null], "creator": ["VPRO"], "subject": ["Virology", "Viruses", "Pandemic", "Microbiology", "Swine flu", "Bird flu", "Mexican flu", "Medical sciences", "Wild animals", "Birds", "Preventive medicine", "Virotherapy", "Diseases"], "description": ["Virus hunter Ron Fouchier on understanding the evolution of viruses in order to protect mankind and animals from virus attacks and even using viruses as a future treatment for deadly diseases such as cancers."], "abstract": [null], "publisher": ["VPRO", "https://www.openbeelden.nl/users/vpro"], "contributor": ["Ron Fouchier"], "date": ["2016-03-23"], "type": ["Moving Image"], "extent": ["PT53M32S"], "medium": ["https://www.openbeelden.nl/files/10/03/1003898.1003895.Ron_Fouchier.mp4", "https://www.openbeelden.nl/files/10/03/1003900.1003895.Ron_Fouchier.mp4", "https://www.openbeelden.nl/files/10/03/1003895.Ron_Fouchier.mp4", "https://www.openbeelden.nl/files/10/03/1003902.1003895.Ron_Fouchier.webm", "https://www.openbeelden.nl/files/10/03/1003904.1003895.Ron_Fouchier.ogv", "https://www.openbeelden.nl/files/10/03/1003906.1003895.Ron_Fouchier.ogv", "https://www.openbeelden.nl/files/10/03/1003914.1003895.Ron_Fouchier.m3u8", "https://www.openbeelden.nl/images/1003933/Virus_hunter_Ron_Fouchier_on_conquering_the_virus_world_%2826_46%29.png"], "language": ["en"], "references": [null], "mediator": [null], "spatial": ["Rotterdam, The Netherlands"], "attributionName": ["VPRO"], "attributionURL": ["https://www.openbeelden.nl/media/1003891"], "license": ["https://creativecommons.org/licenses/by-sa/3.0/nl/"]}