{"title": ["Segenet Kelemu on how Africa can conquer the world through its knowledge of the world of insects"], "alternative": [null], "creator": ["VPRO"], "subject": ["Plants", "Plant biology", "Plant pathology", "Entomology", "Food technology", "Food", "Insects", "Symbiosis"], "description": ["Segenet Kelemu on how Africa can conquer the world through its knowledge of the world of insects, creating new medicines and herbicides and sustainable food systems."], "abstract": [null], "publisher": ["VPRO", "https://www.openbeelden.nl/users/vpro"], "contributor": ["Segenet Kelemu"], "date": ["2015-11-24"], "type": ["Moving Image"], "extent": ["PT1H1M55S"], "medium": ["https://www.openbeelden.nl/files/10/04/1004361.1004358.Segenet_Kelemu.mp4", "https://www.openbeelden.nl/files/10/04/1004363.1004358.Segenet_Kelemu.mp4", "https://www.openbeelden.nl/files/10/04/1004358.Segenet_Kelemu.mp4", "https://www.openbeelden.nl/files/10/04/1004365.1004358.Segenet_Kelemu.webm", "https://www.openbeelden.nl/files/10/04/1004367.1004358.Segenet_Kelemu.ogv", "https://www.openbeelden.nl/files/10/04/1004369.1004358.Segenet_Kelemu.ogv", "https://www.openbeelden.nl/files/10/04/1004382.1004358.Segenet_Kelemu.m3u8", "https://www.openbeelden.nl/images/1004427/Segenet_Kelemu_on_how_Africa_can_conquer_the_world_through_its_knowledge_of_the_world_of_insects_%2830_57%29.png"], "language": ["en"], "references": [null], "mediator": [null], "spatial": ["Nairobi, Kenia"], "attributionName": ["VPRO"], "attributionURL": ["https://www.openbeelden.nl/media/1004354"], "license": ["https://creativecommons.org/licenses/by-sa/3.0/nl/"]}