{"title": ["VEERTIEN SEPTEMBER BETOGINGEN TE AMSTERDAM EN ROTTERDAM"], "alternative": ["Weeknummer 30-36"], "creator": ["Polygoon-Profilti (producent) / Nederlands Instituut voor Beeld en Geluid (beheerder)"], "subject": ["betogingen", "ontwapening", "regen", "socialisme"], "description": ["Bioscoopjournaals waarin Nederlandse onderwerpen van een bepaalde week worden gepresenteerd."], "abstract": ["Beelden van grote betogingen tegen oa vlootplannen regeling in Amsterdam en Rotterdam door de SDAP. Bij deze betogingen waren oa W. Drees sr., J.Brautigam, B. Woudenberg, de Labella, J. Oudegeest en H. Polak aanwezig. -Overzicht grote mensenmassa 10\"; mensenmassa in regen, met paraplu's 16\" + 17\"; -voetoptocht van mannen, vrouwen en jeugd met vlaggen, vaandels en spandoeken van oa de SDAP, de \"Nederlandsche Arbeiders Sport Bond\" en leuzen tegen oorlog 2'13\" + (waaronder shots praalwagen met opschrift \"Sijmen\") 3'51\" -hoge heren (...) gevolgd door lange stoet mensen 11\"; stoet mensen 6\"; -toespraak van diverse vooraanstaande SDAP-leden 1'16\"; -medium shot klappend publiek 5\"; overzicht publiek 28\"; -medium shot muziekband tussen stoet 11\"; -stoomtrein rijdt langs perron 7\"; -mensen voornamelijk in klederdracht op station 26\"; -div. shots aankomst mensen met veer Gouda-Rotterdam 19\";"], "publisher": ["Nederlands Instituut voor Beeld en Geluid", "https://www.openbeelden.nl/users/beeldengeluid"], "date": ["1930-09-13"], "type": ["Moving Image"], "extent": ["PT10M2S"], "medium": ["https://www.openbeelden.nl/files/10/05/1005794.1005791.WEEKNUMMER303-HRE00004B2A.mp4", "https://www.openbeelden.nl/files/10/05/1005796.1005791.WEEKNUMMER303-HRE00004B2A.mp4", "https://www.openbeelden.nl/files/10/05/1005791.WEEKNUMMER303-HRE00004B2A.mp4", "https://www.openbeelden.nl/files/10/05/1005798.1005791.WEEKNUMMER303-HRE00004B2A.webm", "https://www.openbeelden.nl/files/10/05/1005800.1005791.WEEKNUMMER303-HRE00004B2A.ogv", "https://www.openbeelden.nl/files/10/05/1005802.1005791.WEEKNUMMER303-HRE00004B2A.ogv", "https://www.openbeelden.nl/files/10/05/1005804.1005791.WEEKNUMMER303_HRE00004B2A.m3u8", "https://www.openbeelden.nl/images/1006214/VEERTIEN_SEPTEMBER_BETOGINGEN_TE_AMSTERDAM_EN_ROTTERDAM_%285_01%29.png"], "identifier": ["28954"], "source": ["Weeknummer303-HRE00004B2A"], "language": ["nl"], "references": [null], "mediator": [null], "spatial": ["Rotterdam", "Nederland", "Amsterdam"], "attributionName": ["Polygoon-Profilti (producent) / Nederlands Instituut voor Beeld en Geluid (beheerder)"], "attributionURL": ["https://www.openbeelden.nl/media/1005787"], "license": ["https://creativecommons.org/publicdomain/mark/1.0/"], "hasformat": ["Film"]}