{"title": ["Sara Seager: Extra footage 3"], "alternative": [null], "creator": ["VPRO"], "subject": ["Astrophysics", "Astronomy", "Astronomical observatories", "Astronomical systems", "Space", "Planets", "Engineering"], "description": ["Sara Seager Explains how the exoplanet finding satelite works and gives a tour around the campus"], "abstract": [null], "publisher": ["VPRO", "https://www.openbeelden.nl/users/vpro"], "contributor": ["Sara Seager"], "date": ["2017-04-26"], "type": ["Moving Image"], "extent": ["PT11M3S"], "medium": ["https://www.openbeelden.nl/files/10/23/1023915.1023912.Sara_Seager_ex.mp4", "https://www.openbeelden.nl/files/10/23/1023917.1023912.Sara_Seager_ex.mp4", "https://www.openbeelden.nl/files/10/23/1023912.Sara_Seager_ex.mp4", "https://www.openbeelden.nl/files/10/23/1023919.1023912.Sara_Seager_ex.webm", "https://www.openbeelden.nl/files/10/23/1023921.1023912.Sara_Seager_ex.ogv", "https://www.openbeelden.nl/files/10/23/1023923.1023912.Sara_Seager_ex.ogv", "https://www.openbeelden.nl/files/10/23/1023934.1023912.Sara_Seager_ex.m3u8", "https://www.openbeelden.nl/images/1023955/Sara_Seager_Extra_footage_3_%285_31%29.png"], "language": ["en"], "references": [null], "mediator": [null], "spatial": ["Boston, US"], "attributionName": ["VPRO"], "attributionURL": ["https://www.openbeelden.nl/media/1023908"], "license": ["https://creativecommons.org/licenses/by-sa/3.0/nl/"]}