{"title": ["Nicky Clayton - Extra footage"], "alternative": [null], "creator": ["VPRO"], "subject": ["Psychology", "Experimental psychology", "language", "Philosophy of mind", "Mind", "Intelligence", "Animals", "Experiments", "Cognition"], "description": ["Clayton demonstrates several bird experiments; kids try the same experiment; a crow caching food; Clayton on tango dancing."], "abstract": [null], "publisher": ["VPRO", "https://www.openbeelden.nl/users/vpro"], "contributor": ["Nicky Clayton"], "date": ["2016-06-22"], "type": ["Moving Image"], "extent": ["PT14M38S"], "medium": ["https://www.openbeelden.nl/files/10/23/1023608.1023605.Nicky_Clayton_br.mp4", "https://www.openbeelden.nl/files/10/23/1023610.1023605.Nicky_Clayton_br.mp4", "https://www.openbeelden.nl/files/10/23/1023605.Nicky_Clayton_br.mp4", "https://www.openbeelden.nl/files/10/23/1023612.1023605.Nicky_Clayton_br.webm", "https://www.openbeelden.nl/files/10/23/1023614.1023605.Nicky_Clayton_br.ogv", "https://www.openbeelden.nl/files/10/23/1023616.1023605.Nicky_Clayton_br.ogv", "https://www.openbeelden.nl/files/10/23/1023623.1023605.Nicky_Clayton_br.m3u8", "https://www.openbeelden.nl/images/1023860/Nicky_Clayton_-_Extra_footage_%287_19%29.png"], "language": ["en"], "references": [null], "mediator": [null], "spatial": ["Cambridge, United Kingdom"], "attributionName": ["VPRO"], "attributionURL": ["https://www.openbeelden.nl/media/1023601"], "license": ["https://creativecommons.org/licenses/by-sa/3.0/nl/"]}