{"title": ["John List: Extra footage 2"], "alternative": [null], "creator": ["VPRO"], "subject": ["Education", "Educational efficiency", "Economics", "Schoolchildren", "Schools", "USA"], "description": ["John List visits the school where he does one of his field expiriments."], "abstract": [null], "publisher": ["VPRO", "https://www.openbeelden.nl/users/vpro"], "contributor": ["John List"], "date": ["2016-10-25"], "type": ["Moving Image"], "extent": ["PT11M23S"], "medium": ["https://www.openbeelden.nl/files/10/23/1023779.1023776.John_List_ex3.mp4", "https://www.openbeelden.nl/files/10/23/1023781.1023776.John_List_ex3.mp4", "https://www.openbeelden.nl/files/10/23/1023776.John_List_ex3.mp4", "https://www.openbeelden.nl/files/10/23/1023783.1023776.John_List_ex3.webm", "https://www.openbeelden.nl/files/10/23/1023785.1023776.John_List_ex3.ogv", "https://www.openbeelden.nl/files/10/23/1023787.1023776.John_List_ex3.ogv", "https://www.openbeelden.nl/files/10/23/1023794.1023776.John_List_ex3.m3u8", "https://www.openbeelden.nl/images/1023856/John_List_Extra_footage_2_%285_41%29.png"], "language": ["en"], "references": [null], "mediator": [null], "spatial": ["Chicago, US"], "attributionName": ["VPRO"], "attributionURL": ["https://www.openbeelden.nl/media/1023772"], "license": ["https://creativecommons.org/licenses/by-sa/3.0/nl/"]}