{"title": ["Jian-Wei Pan: Extra footage 1"], "alternative": [null], "creator": ["VPRO"], "subject": ["Quantum theory", "Physics", "Observation", "China"], "description": ["Jian-Wei Pan travelling; images of the observatory in the mountains near Beijing; Jian-Wei Pan with family."], "abstract": [null], "publisher": ["VPRO", "https://www.openbeelden.nl/users/vpro"], "contributor": ["Jian-Wei Pan"], "date": ["1960-01-01"], "type": ["Moving Image"], "extent": ["PT5M12S"], "medium": ["https://www.openbeelden.nl/files/10/24/1024744.1024741.Jian-Wei_Pan_br2.mp4", "https://www.openbeelden.nl/files/10/24/1024746.1024741.Jian-Wei_Pan_br2.mp4", "https://www.openbeelden.nl/files/10/24/1024741.Jian-Wei_Pan_br2.mp4", "https://www.openbeelden.nl/files/10/24/1024748.1024741.Jian-Wei_Pan_br2.webm", "https://www.openbeelden.nl/files/10/24/1024750.1024741.Jian-Wei_Pan_br2.ogv", "https://www.openbeelden.nl/files/10/24/1024752.1024741.Jian-Wei_Pan_br2.ogv", "https://www.openbeelden.nl/files/10/24/1024759.1024741.Jian_Wei_Pan_br2.m3u8", "https://www.openbeelden.nl/images/1024848/Jian-Wei_Pan_Extra_footage_1_%282_36%29.png"], "language": ["en"], "references": [null], "mediator": [null], "spatial": ["no Location"], "attributionName": ["VPRO"], "attributionURL": ["https://www.openbeelden.nl/media/1024737"], "license": ["https://creativecommons.org/licenses/by-sa/3.0/nl/"]}