{"title": ["Duikers recre\u00ebren onder water in de zuidelijke Noordzee"], "alternative": [null], "creator": ["Learning by action (producent);Klaudie Bartelink (camera);Stichting Natuurbeelden"], "subject": ["anker", "ankerlijn", "dag", "fauna", "getijdengebieden", "hefballon", "onderwateropname", "recre\u00ebren", "reel", "totaal", "vissen", "zomer", "zonnig"], "description": ["Clip gemaakt in de natuur uit de collectie van Stichting Natuurbeelden (www.natuurbeelden.nl)."], "abstract": ["Duikers dalen af langs de ankerlijn naar een wrak en aanschouwen het onderwaterleven in de zuidelijke Noordzee."], "publisher": ["Stichting  Natuurbeelden", "https://www.openbeelden.nl/users/stichting_natuurbeelden"], "contributor": ["Stichting Natuurbeelden", "http://www.openbeelden.nl/users/stichting_natuurbeelden"], "date": ["2017-07-21"], "type": ["Moving Image"], "extent": ["PT7M0S"], "medium": ["https://www.openbeelden.nl/files/10/27/1027728.1027646.LBA0808_4_REC-NAT00Z03A3W.mp4", "https://www.openbeelden.nl/files/10/27/1027732.1027646.LBA0808_4_REC-NAT00Z03A3W.mp4", "https://www.openbeelden.nl/files/10/27/1027646.LBA0808_4_REC-NAT00Z03A3W.mp4", "https://www.openbeelden.nl/files/10/27/1027734.1027646.LBA0808_4_REC-NAT00Z03A3W.webm", "https://www.openbeelden.nl/files/10/27/1027736.1027646.LBA0808_4_REC-NAT00Z03A3W.ogv", "https://www.openbeelden.nl/files/10/27/1027738.1027646.LBA0808_4_REC-NAT00Z03A3W.ogv", "https://www.openbeelden.nl/files/10/27/1027750.1027646.LBA0808_4_REC_NAT00Z03A3W.m3u8", "https://www.openbeelden.nl/images/1028057/Duikers_recre%C3%ABren_onder_water_in_de_zuidelijke_Noordzee_%283_30%29.png"], "identifier": ["4885799"], "source": ["LBA0808_4_REC-NAT00Z03A3W.mp4"], "language": ["nl"], "references": [null], "mediator": [null], "spatial": ["Noordzee", "Nederland"], "attributionName": ["Learning by action (producent);Klaudie Bartelink (camera);Stichting Natuurbeelden"], "attributionURL": ["https://www.openbeelden.nl/media/1027642"], "license": ["https://creativecommons.org/licenses/by-sa/3.0/nl/"]}