{"title": ["Overtocht van Harlingen naar Terschelling"], "alternative": [null], "creator": ["Learning by action (producent);Klaudie Bartelink (camera);Stichting Natuurbeelden"], "subject": ["buitenopname", "dag", "landschappen", "totaal", "zee\u00ebn", "zomer", "zonnig"], "description": ["Clip gemaakt in de natuur uit de collectie van Stichting Natuurbeelden (www.natuurbeelden.nl)."], "abstract": ["De afvaart naar Terschelling. Onderweg is o.a. te zien: zeilboten, sportvisserij, waterskie\u00ebrs, kitesurfers."], "publisher": ["Stichting  Natuurbeelden", "https://www.openbeelden.nl/users/stichting_natuurbeelden"], "contributor": ["Stichting Natuurbeelden", "http://www.openbeelden.nl/users/stichting_natuurbeelden"], "date": ["2017-07-21"], "type": ["Moving Image"], "extent": ["PT4M5S"], "medium": ["https://www.openbeelden.nl/files/10/27/1027261.1027095.LBA1616_1_TER-NAT00Z03A4C.mp4", "https://www.openbeelden.nl/files/10/27/1027263.1027095.LBA1616_1_TER-NAT00Z03A4C.mp4", "https://www.openbeelden.nl/files/10/27/1027095.LBA1616_1_TER-NAT00Z03A4C.mp4", "https://www.openbeelden.nl/files/10/27/1027265.1027095.LBA1616_1_TER-NAT00Z03A4C.webm", "https://www.openbeelden.nl/files/10/27/1027267.1027095.LBA1616_1_TER-NAT00Z03A4C.ogv", "https://www.openbeelden.nl/files/10/27/1027269.1027095.LBA1616_1_TER-NAT00Z03A4C.ogv", "https://www.openbeelden.nl/files/10/27/1027291.1027095.LBA1616_1_TER_NAT00Z03A4C.m3u8", "https://www.openbeelden.nl/images/1027424/Overtocht_van_Harlingen_naar_Terschelling_%282_02%29.png"], "identifier": ["4885789"], "source": ["LBA1616_1_TER-NAT00Z03A4C.mp4"], "language": ["nl"], "references": [null], "mediator": [null], "spatial": ["Noordzee", "Nederland", "Harlingen", "Terschelling"], "attributionName": ["Learning by action (producent);Klaudie Bartelink (camera);Stichting Natuurbeelden"], "attributionURL": ["https://www.openbeelden.nl/media/1027091"], "license": ["https://creativecommons.org/licenses/by-sa/3.0/nl/"]}