{"title": ["Duikers bevrijden tong uit een visnet"], "alternative": [null], "creator": ["Learning by action (producent);Klaudie Bartelink (camera);Stichting Natuurbeelden"], "subject": ["Solea solea", "bevrijden", "dag", "duiker", "fauna", "getijdengebieden", "netten", "onderwateropname", "tongen", "totaal", "vissen", "vluchten", "zomer", "zonnig", "zwemmen"], "description": ["Clip gemaakt in de natuur uit de collectie van Stichting Natuurbeelden (www.natuurbeelden.nl)."], "abstract": ["Duikers bevrijden tong uit een net. De tong zwemt over de zandbodem de vrijheid tegemoet."], "publisher": ["Stichting  Natuurbeelden", "https://www.openbeelden.nl/users/stichting_natuurbeelden"], "contributor": ["Stichting Natuurbeelden", "http://www.openbeelden.nl/users/stichting_natuurbeelden"], "date": ["2017-07-21"], "type": ["Moving Image"], "extent": ["PT4M18S"], "medium": ["https://www.openbeelden.nl/files/10/27/1027044.1027029.LBA0202_1_TON-NAT00Z03A2Y.mp4", "https://www.openbeelden.nl/files/10/27/1027046.1027029.LBA0202_1_TON-NAT00Z03A2Y.mp4", "https://www.openbeelden.nl/files/10/27/1027029.LBA0202_1_TON-NAT00Z03A2Y.mp4", "https://www.openbeelden.nl/files/10/27/1027048.1027029.LBA0202_1_TON-NAT00Z03A2Y.webm", "https://www.openbeelden.nl/files/10/27/1027050.1027029.LBA0202_1_TON-NAT00Z03A2Y.ogv", "https://www.openbeelden.nl/files/10/27/1027052.1027029.LBA0202_1_TON-NAT00Z03A2Y.ogv", "https://www.openbeelden.nl/files/10/27/1027110.1027029.LBA0202_1_TON_NAT00Z03A2Y.m3u8", "https://www.openbeelden.nl/images/1027430/Duikers_bevrijden_tong_uit_een_visnet_%282_09%29.png"], "identifier": ["4885780"], "source": ["LBA0202_1_TON-NAT00Z03A2Y.mp4"], "language": ["nl"], "references": [null], "mediator": [null], "spatial": ["Noordzee", "Nederland"], "attributionName": ["Learning by action (producent);Klaudie Bartelink (camera);Stichting Natuurbeelden"], "attributionURL": ["https://www.openbeelden.nl/media/1027025"], "license": ["https://creativecommons.org/licenses/by-sa/3.0/nl/"]}