{"title": ["Porcupine vissen zwemmen rustig tussen het koraal"], "alternative": [null], "creator": ["Learning by action (producent);Klaudie Bartelink (camera);Stichting Natuurbeelden"], "subject": ["Diodon hystrix", "dag", "fauna", "getijdengebieden", "onderwateropname", "porcupine vissen", "totaal", "vissen", "voorjaar", "zonnig"], "description": ["Clip gemaakt in de natuur uit de collectie van Stichting Natuurbeelden (www.natuurbeelden.nl)."], "abstract": ["Purcupine vissen zwemmen en zoeken tussen het koraal."], "publisher": ["Stichting  Natuurbeelden", "https://www.openbeelden.nl/users/stichting_natuurbeelden"], "contributor": ["Stichting Natuurbeelden", "http://www.openbeelden.nl/users/stichting_natuurbeelden"], "date": ["2017-07-21"], "type": ["Moving Image"], "extent": ["PT1M4S"], "medium": ["https://www.openbeelden.nl/files/10/28/1028787.1028784.LBA2006_17POR-NAT00Z03A5B.mp4", "https://www.openbeelden.nl/files/10/28/1028789.1028784.LBA2006_17POR-NAT00Z03A5B.mp4", "https://www.openbeelden.nl/files/10/28/1028784.LBA2006_17POR-NAT00Z03A5B.mp4", "https://www.openbeelden.nl/files/10/28/1028791.1028784.LBA2006_17POR-NAT00Z03A5B.webm", "https://www.openbeelden.nl/files/10/28/1028793.1028784.LBA2006_17POR-NAT00Z03A5B.ogv", "https://www.openbeelden.nl/files/10/28/1028795.1028784.LBA2006_17POR-NAT00Z03A5B.ogv", "https://www.openbeelden.nl/files/10/28/1028797.1028784.LBA2006_17POR_NAT00Z03A5B.m3u8", "https://www.openbeelden.nl/images/1028909/Porcupine_vissen_zwemmen_rustig_tussen_het_koraal_%280_32%29.png"], "identifier": ["4885839"], "source": ["LBA2006_17POR-NAT00Z03A5B.mp4"], "language": ["nl"], "references": [null], "mediator": [null], "spatial": ["Sint-Eustatius", "Cara\u00efbische Zee"], "attributionName": ["Learning by action (producent);Klaudie Bartelink (camera);Stichting Natuurbeelden"], "attributionURL": ["https://www.openbeelden.nl/media/1028780"], "license": ["https://creativecommons.org/licenses/by-sa/3.0/nl/"]}