{"title": ["Eekhoornvissen en soldaatvissen tussen het koraal"], "alternative": [null], "creator": ["Learning by action (producent);Klaudie Bartelink (camera);Stichting Natuurbeelden"], "subject": ["Holocentrus rufus", "Myripristis jacobus", "dag", "eekhoornvissen", "fauna", "getijdengebieden", "onderwateropname", "soldaatvissen", "totaal", "vissen", "voorjaar", "zonnig"], "description": ["Clip gemaakt in de natuur uit de collectie van Stichting Natuurbeelden (www.natuurbeelden.nl)."], "abstract": ["Eekhoornvissen en soldaatvissen zwemmen tussen het koraal."], "publisher": ["Stichting  Natuurbeelden", "https://www.openbeelden.nl/users/stichting_natuurbeelden"], "contributor": ["Stichting Natuurbeelden", "http://www.openbeelden.nl/users/stichting_natuurbeelden"], "date": ["2017-07-21"], "type": ["Moving Image"], "extent": ["PT2M46S"], "medium": ["https://www.openbeelden.nl/files/10/28/1028387.1028373.LBA2006_6_EEK-NAT00Z03A5S.mp4", "https://www.openbeelden.nl/files/10/28/1028389.1028373.LBA2006_6_EEK-NAT00Z03A5S.mp4", "https://www.openbeelden.nl/files/10/28/1028373.LBA2006_6_EEK-NAT00Z03A5S.mp4", "https://www.openbeelden.nl/files/10/28/1028391.1028373.LBA2006_6_EEK-NAT00Z03A5S.webm", "https://www.openbeelden.nl/files/10/28/1028393.1028373.LBA2006_6_EEK-NAT00Z03A5S.ogv", "https://www.openbeelden.nl/files/10/28/1028395.1028373.LBA2006_6_EEK-NAT00Z03A5S.ogv", "https://www.openbeelden.nl/files/10/28/1028424.1028373.LBA2006_6_EEK_NAT00Z03A5S.m3u8", "https://www.openbeelden.nl/images/1028924/Eekhoornvissen_en_soldaatvissen_tussen_het_koraal_%281_23%29.png"], "identifier": ["4885823"], "source": ["LBA2006_6_EEK-NAT00Z03A5S.mp4"], "language": ["nl"], "references": [null], "mediator": [null], "spatial": ["Sint-Eustatius", "Cara\u00efbische Zee"], "attributionName": ["Learning by action (producent);Klaudie Bartelink (camera);Stichting Natuurbeelden"], "attributionURL": ["https://www.openbeelden.nl/media/1028368"], "license": ["https://creativecommons.org/licenses/by-sa/3.0/nl/"]}