{"title": ["Koffervissen zwemmen in de nacht tussen het koraal"], "alternative": [null], "creator": ["Learning by action (producent);Klaudie Bartelink (camera);Stichting Natuurbeelden"], "subject": ["Fylum porifera", "Ostraciidae", "buissponzen", "fauna", "getijdengebieden", "koffervissen", "nacht", "onderwateropname", "totaal", "vissen", "voorjaar", "zonnig"], "description": ["Clip gemaakt in de natuur uit de collectie van Stichting Natuurbeelden (www.natuurbeelden.nl)."], "abstract": ["Koffervissen zwemmen in de nacht bij het koraal en een wrak."], "publisher": ["Stichting  Natuurbeelden", "https://www.openbeelden.nl/users/stichting_natuurbeelden"], "contributor": ["Stichting Natuurbeelden", "http://www.openbeelden.nl/users/stichting_natuurbeelden"], "date": ["2017-07-21"], "type": ["Moving Image"], "extent": ["PT44S"], "medium": ["https://www.openbeelden.nl/files/10/28/1028960.1028946.LBA2006_11KOF-NAT00Z03A54.mp4", "https://www.openbeelden.nl/files/10/28/1028962.1028946.LBA2006_11KOF-NAT00Z03A54.mp4", "https://www.openbeelden.nl/files/10/28/1028946.LBA2006_11KOF-NAT00Z03A54.mp4", "https://www.openbeelden.nl/files/10/28/1028964.1028946.LBA2006_11KOF-NAT00Z03A54.webm", "https://www.openbeelden.nl/files/10/28/1028966.1028946.LBA2006_11KOF-NAT00Z03A54.ogv", "https://www.openbeelden.nl/files/10/28/1028968.1028946.LBA2006_11KOF-NAT00Z03A54.ogv", "https://www.openbeelden.nl/files/10/28/1028970.1028946.LBA2006_11KOF_NAT00Z03A54.m3u8", "https://www.openbeelden.nl/images/1040159/Koffervissen_zwemmen_in_de_nacht_tussen_het_koraal_%280_22%29.png"], "identifier": ["4885845"], "source": ["LBA2006_11KOF-NAT00Z03A54.mp4"], "language": ["nl"], "references": [null], "mediator": [null], "spatial": ["Sint-Eustatius", "Cara\u00efbische Zee"], "attributionName": ["Learning by action (producent);Klaudie Bartelink (camera);Stichting Natuurbeelden"], "attributionURL": ["https://www.openbeelden.nl/media/1028942"], "license": ["https://creativecommons.org/licenses/by-sa/3.0/nl/"]}