{"title": ["Kruisspin spint prooi opnieuw in"], "alternative": [null], "creator": ["Veldkijker (producent);Willem Berents (camera);Stichting Natuurbeelden"], "subject": ["Arachnida", "Araneae", "Araneidae", "Araneus diadematus", "buitenopname", "close", "cultuurlandschappen", "exterieur", "fauna", "kruisspinnen", "maden", "middag", "prooi", "spinachtigen", "spinnen", "totaal", "voedselgedrag", "wielweb", "wielwebspinnen", "zomer", "zonnig"], "description": ["Clip gemaakt in de natuur uit de collectie van Stichting Natuurbeelden (www.natuurbeelden.nl)."], "abstract": ["Kruisspin in web met ingesponnen prooi waar maden uit kruipen. De spin spint de prooi, met maden, opnieuw in."], "publisher": ["Stichting  Natuurbeelden", "https://www.openbeelden.nl/users/stichting_natuurbeelden"], "contributor": ["Stichting Natuurbeelden", "http://www.openbeelden.nl/users/stichting_natuurbeelden"], "date": ["2007-01-01"], "type": ["Moving Image"], "extent": ["PT2M15S"], "medium": ["https://www.openbeelden.nl/files/10/29/1029717.1029697.VKS0203_049_1-NAT00Z029MA.mp4", "https://www.openbeelden.nl/files/10/29/1029719.1029697.VKS0203_049_1-NAT00Z029MA.mp4", "https://www.openbeelden.nl/files/10/29/1029697.VKS0203_049_1-NAT00Z029MA.mp4", "https://www.openbeelden.nl/files/10/29/1029721.1029697.VKS0203_049_1-NAT00Z029MA.webm", "https://www.openbeelden.nl/files/10/29/1029723.1029697.VKS0203_049_1-NAT00Z029MA.ogv", "https://www.openbeelden.nl/files/10/29/1029725.1029697.VKS0203_049_1-NAT00Z029MA.ogv", "https://www.openbeelden.nl/files/10/29/1029740.1029697.VKS0203_049_1_NAT00Z029MA.m3u8", "https://www.openbeelden.nl/images/1040126/Kruisspin_spint_prooi_opnieuw_in_%281_07%29.png"], "identifier": ["4698406"], "source": ["VKS0203_049_1-NAT00Z029MA.mp4"], "language": ["nl"], "references": [null], "mediator": [null], "spatial": ["Nederland", "Limburg", "Merselo"], "attributionName": ["Veldkijker (producent);Willem Berents (camera);Stichting Natuurbeelden"], "attributionURL": ["https://www.openbeelden.nl/media/1029693"], "license": ["https://creativecommons.org/licenses/by-sa/3.0/nl/"]}