{"title": ["Bloedrode heidelibel rust op bloem"], "alternative": [null], "creator": ["Veldkijker (producent);Boris Berents (camera);Stichting Natuurbeelden"], "subject": ["Anisoptera", "Iris pseudacorus", "Libellulidae", "Odonata", "Sympetrum sanguineum", "bewolkt", "bloedrode heidelibellen", "buitenopname", "echte libel", "exterieur", "fauna", "gele lis", "insecten", "korenbouten", "libellen", "middag", "moerassen", "rusten", "totaal", "waarnemen", "wijd", "zomer"], "description": ["Clip gemaakt in de natuur uit de collectie van Stichting Natuurbeelden (www.natuurbeelden.nl)."], "abstract": ["Een bloedrode heidelibel (mannetje) rust op een bloem. De libel kijkt rond."], "publisher": ["Stichting  Natuurbeelden", "https://www.openbeelden.nl/users/stichting_natuurbeelden"], "contributor": ["Stichting Natuurbeelden", "http://www.openbeelden.nl/users/stichting_natuurbeelden"], "date": ["2009-01-01"], "type": ["Moving Image"], "extent": ["PT20S"], "medium": ["https://www.openbeelden.nl/files/10/29/1029509.1029496.VKS0287_059_1-NAT00Z029QH.mp4", "https://www.openbeelden.nl/files/10/29/1029511.1029496.VKS0287_059_1-NAT00Z029QH.mp4", "https://www.openbeelden.nl/files/10/29/1029496.VKS0287_059_1-NAT00Z029QH.mp4", "https://www.openbeelden.nl/files/10/29/1029513.1029496.VKS0287_059_1-NAT00Z029QH.webm", "https://www.openbeelden.nl/files/10/29/1029515.1029496.VKS0287_059_1-NAT00Z029QH.ogv", "https://www.openbeelden.nl/files/10/29/1029517.1029496.VKS0287_059_1-NAT00Z029QH.ogv", "https://www.openbeelden.nl/files/10/29/1029523.1029496.VKS0287_059_1_NAT00Z029QH.m3u8", "https://www.openbeelden.nl/images/1040135/Bloedrode_heidelibel_rust_op_bloem_%280_10%29.png"], "identifier": ["4698397"], "source": ["VKS0287_059_1-NAT00Z029QH.mp4"], "language": ["nl"], "references": [null], "mediator": [null], "spatial": ["Nederland", "Flevoland", "Oostvaardersplassen"], "attributionName": ["Veldkijker (producent);Boris Berents (camera);Stichting Natuurbeelden"], "attributionURL": ["https://www.openbeelden.nl/media/1029492"], "license": ["https://creativecommons.org/licenses/by-sa/3.0/nl/"]}