{"title": ["Oranjetipje bezoekt pinksterbloem"], "alternative": [null], "creator": ["Veldkijker (producent);Willem Berents (camera);Stichting Natuurbeelden"], "subject": ["Anthocharis cardamines", "Cardamine pratensis", "Lepidoptera", "Pieridae", "buitenopname", "cultuurlandschappen", "dag", "dagvlinders", "exterieur", "fauna", "foerageren", "insecten", "medium", "oranjetipjes", "pinksterbloem", "schubvleugeligen", "totaal", "vliegen", "vlinders", "witjes", "zomer", "zonnig"], "description": ["Clip gemaakt in de natuur uit de collectie van Stichting Natuurbeelden (www.natuurbeelden.nl)."], "abstract": ["Oranjetipje bezoekt pinksterbloemen aan de waterkant. De vlinder fladdert af en aan, en landt in de bloemen om nectar te zuigen."], "publisher": ["Stichting  Natuurbeelden", "https://www.openbeelden.nl/users/stichting_natuurbeelden"], "contributor": ["Stichting Natuurbeelden", "http://www.openbeelden.nl/users/stichting_natuurbeelden"], "date": ["2010-01-01"], "type": ["Moving Image"], "extent": ["PT9S"], "medium": ["https://www.openbeelden.nl/files/10/29/1029360.1029357.VKH0292_045_1-NAT00Z028NN.mp4", "https://www.openbeelden.nl/files/10/29/1029362.1029357.VKH0292_045_1-NAT00Z028NN.mp4", "https://www.openbeelden.nl/files/10/29/1029357.VKH0292_045_1-NAT00Z028NN.mp4", "https://www.openbeelden.nl/files/10/29/1029364.1029357.VKH0292_045_1-NAT00Z028NN.webm", "https://www.openbeelden.nl/files/10/29/1029366.1029357.VKH0292_045_1-NAT00Z028NN.ogv", "https://www.openbeelden.nl/files/10/29/1029369.1029357.VKH0292_045_1-NAT00Z028NN.ogv", "https://www.openbeelden.nl/files/10/29/1029381.1029357.VKH0292_045_1_NAT00Z028NN.m3u8", "https://www.openbeelden.nl/images/1040144/Oranjetipje_bezoekt_pinksterbloem_%280_04%29.png"], "identifier": ["4698390"], "source": ["VKH0292_045_1-NAT00Z028NN.mp4"], "language": ["nl"], "references": [null], "mediator": [null], "spatial": ["Nederland", "Loon op Zand", "Noord-Brabant", "Loonse en Drunense Duinen"], "attributionName": ["Veldkijker (producent);Willem Berents (camera);Stichting Natuurbeelden"], "attributionURL": ["https://www.openbeelden.nl/media/1029353"], "license": ["https://creativecommons.org/licenses/by-sa/3.0/nl/"]}