{"title": ["Vleesvlieg poetst zichtzelf"], "alternative": [null], "creator": ["Veldkijker (producent);Boris Berents (camera);Stichting Natuurbeelden"], "subject": ["Diptera", "Sacophagidae", "bewolkt", "buitenopname", "close", "cultuurlandschappen", "exterieur", "fauna", "geleedpotigen", "insecten", "ochtend", "poetsen", "totaal", "tweevleugeligen", "vleesvliegen", "vliegen", "voorjaar"], "description": ["Clip gemaakt in de natuur uit de collectie van Stichting Natuurbeelden (www.natuurbeelden.nl)."], "abstract": ["Een vleesvlieg op een blad van een oeverplant poetst zichtzelf uitvoerig. Alle lichaamsdelen krijgen een poetsbeurt. Een beetje beweging door wind. Samengestelde clip."], "publisher": ["Stichting  Natuurbeelden", "https://www.openbeelden.nl/users/stichting_natuurbeelden"], "contributor": ["Stichting Natuurbeelden", "http://www.openbeelden.nl/users/stichting_natuurbeelden"], "date": ["2012-01-01"], "type": ["Moving Image"], "extent": ["PT1M39S"], "medium": ["https://www.openbeelden.nl/files/10/29/1029865.1029851.VKH0337_077_2-NAT00Z02AYX.mp4", "https://www.openbeelden.nl/files/10/29/1029867.1029851.VKH0337_077_2-NAT00Z02AYX.mp4", "https://www.openbeelden.nl/files/10/29/1029851.VKH0337_077_2-NAT00Z02AYX.mp4", "https://www.openbeelden.nl/files/10/29/1029869.1029851.VKH0337_077_2-NAT00Z02AYX.webm", "https://www.openbeelden.nl/files/10/29/1029871.1029851.VKH0337_077_2-NAT00Z02AYX.ogv", "https://www.openbeelden.nl/files/10/29/1029873.1029851.VKH0337_077_2-NAT00Z02AYX.ogv", "https://www.openbeelden.nl/files/10/29/1029901.1029851.VKH0337_077_2_NAT00Z02AYX.m3u8", "https://www.openbeelden.nl/images/1087446/Vleesvlieg_poetst_zichtzelf_%280_49%29.png"], "identifier": ["4698413"], "source": ["VKH0337_077_2-NAT00Z02AYX.mp4"], "language": ["nl"], "references": [null], "mediator": [null], "spatial": ["Nederland", "Flevoland", "Almere"], "attributionName": ["Veldkijker (producent);Boris Berents (camera);Stichting Natuurbeelden"], "attributionURL": ["https://www.openbeelden.nl/media/1029847"], "license": ["https://creativecommons.org/licenses/by-sa/3.0/nl/"]}