{"title": ["Besmeurde oeverlibel"], "alternative": [null], "creator": ["Veldkijker (producent);Willem Berents (camera);Stichting Natuurbeelden"], "subject": ["Anisoptera", "Libellulidae", "Odonata", "Orthetrum cancellatum", "algen", "bewolkt", "buitenopname", "close", "echte libellen", "exterieur", "extreem close", "fauna", "gewone oeverlibellen", "insecten", "korenbouten", "libellen", "moerassen", "ochtend", "poetsen", "totaal", "zomer"], "description": ["Clip gemaakt in de natuur uit de collectie van Stichting Natuurbeelden (www.natuurbeelden.nl)."], "abstract": ["Een gewone oeverlibel (vrouwtje) is met algen besmeurd en probeert zich schoon te poetsen. We zien achtereenvolgens allerlei delen van het lichaam: achterlijf met achterlijf aanhangsel, kop-borst met vleugels en kop in totaal en in close up. Diverse kaders. Samengestelde clip."], "publisher": ["Stichting  Natuurbeelden", "https://www.openbeelden.nl/users/stichting_natuurbeelden"], "contributor": ["Stichting Natuurbeelden", "http://www.openbeelden.nl/users/stichting_natuurbeelden"], "date": ["2010-01-01"], "type": ["Moving Image"], "extent": ["PT2M18S"], "medium": ["https://www.openbeelden.nl/files/10/30/1030942.1030922.VKH0295_155_9-NAT00Z02AWR.mp4", "https://www.openbeelden.nl/files/10/30/1030944.1030922.VKH0295_155_9-NAT00Z02AWR.mp4", "https://www.openbeelden.nl/files/10/30/1030922.VKH0295_155_9-NAT00Z02AWR.mp4", "https://www.openbeelden.nl/files/10/30/1030946.1030922.VKH0295_155_9-NAT00Z02AWR.webm", "https://www.openbeelden.nl/files/10/30/1030948.1030922.VKH0295_155_9-NAT00Z02AWR.ogv", "https://www.openbeelden.nl/files/10/30/1030950.1030922.VKH0295_155_9-NAT00Z02AWR.ogv", "https://www.openbeelden.nl/files/10/30/1030969.1030922.VKH0295_155_9_NAT00Z02AWR.m3u8", "https://www.openbeelden.nl/images/1033161/Besmeurde_oeverlibel_%281_09%29.png"], "identifier": ["4698459"], "source": ["VKH0295_155_9-NAT00Z02AWR.mp4"], "language": ["nl"], "references": [null], "mediator": [null], "spatial": ["Zeewolde", "De stille kern", "Nederland", "Flevoland", "Horsterwold"], "attributionName": ["Veldkijker (producent);Willem Berents (camera);Stichting Natuurbeelden"], "attributionURL": ["https://www.openbeelden.nl/media/1030918"], "license": ["https://creativecommons.org/licenses/by-sa/3.0/nl/"]}