{"title": ["Glassnijder en roze tuinslak rusten op blad"], "alternative": [null], "creator": ["Veldkijker (producent);Boris Berents (camera);Stichting Natuurbeelden"], "subject": ["Aeshnidae", "Alliaria petiolata", "Anisoptera", "Brachytron pratense", "Cepaea nemoralis", "Crusiferen", "Odonata", "buitenopname", "cultuurlandschappen", "echte libellen", "exterieur", "fauna", "geleedpotigen", "glassnijders", "glazenmakers", "huisjesslakken", "insecten", "kruisbloemen", "libellen", "look-zonder-look", "middag", "ongelijkvleugeligen", "roze tuinslakken", "rusten", "slakken", "totaal", "weekdieren", "zomer", "zonnig"], "description": ["Clip gemaakt in de natuur uit de collectie van Stichting Natuurbeelden (www.natuurbeelden.nl)."], "abstract": ["Een glassnijder (libel) hangt aan een blad van look-zonder-look. Op het blad zit een roze tuinslak. De glassnijder is vanaf de rug gezien."], "publisher": ["Stichting  Natuurbeelden", "https://www.openbeelden.nl/users/stichting_natuurbeelden"], "contributor": ["Stichting Natuurbeelden", "http://www.openbeelden.nl/users/stichting_natuurbeelden"], "date": ["2011-01-01"], "type": ["Moving Image"], "extent": ["PT30S"], "medium": ["https://www.openbeelden.nl/files/10/30/1030146.1030137.VKH0318_037_1-NAT00Z02AXI.mp4", "https://www.openbeelden.nl/files/10/30/1030148.1030137.VKH0318_037_1-NAT00Z02AXI.mp4", "https://www.openbeelden.nl/files/10/30/1030137.VKH0318_037_1-NAT00Z02AXI.mp4", "https://www.openbeelden.nl/files/10/30/1030150.1030137.VKH0318_037_1-NAT00Z02AXI.webm", "https://www.openbeelden.nl/files/10/30/1030152.1030137.VKH0318_037_1-NAT00Z02AXI.ogv", "https://www.openbeelden.nl/files/10/30/1030155.1030137.VKH0318_037_1-NAT00Z02AXI.ogv", "https://www.openbeelden.nl/files/10/30/1030186.1030137.VKH0318_037_1_NAT00Z02AXI.m3u8", "https://www.openbeelden.nl/images/1087433/Glassnijder_en_roze_tuinslak_rusten_op_blad_%280_15%29.png"], "identifier": ["4698424"], "source": ["VKH0318_037_1-NAT00Z02AXI.mp4"], "language": ["nl"], "references": [null], "mediator": [null], "spatial": ["Nederland", "Flevoland", "Almere"], "attributionName": ["Veldkijker (producent);Boris Berents (camera);Stichting Natuurbeelden"], "attributionURL": ["https://www.openbeelden.nl/media/1030133"], "license": ["https://creativecommons.org/licenses/by-sa/3.0/nl/"]}