{"title": ["Landkaartje zet eieren af in stapeltjes"], "alternative": [null], "creator": ["Veldkijker (producent);Boris Berents (camera);Stichting Natuurbeelden"], "subject": ["Araschnia levana", "Lepidotera", "Nymphalidae", "Nymphalinae", "Urtica dioica", "aurelia's", "buitenopname", "dagvlinders", "eieren afzetten", "exterieur", "fauna", "flora", "grote brandnetels", "insecten", "landkaartjes", "planten", "stedelijke gebieden", "totaal", "vlinders", "voorjaar", "voortplanten", "vossen", "zonnig"], "description": ["Clip gemaakt in de natuur uit de collectie van Stichting Natuurbeelden (www.natuurbeelden.nl)."], "abstract": ["Een vlinder (vrouwtje) zet eieren af in sliertjes aan de onderzijde van brandnetelblad. De vlinder plakt steeds een eitje op het vorige. Er hangen al enkele sliertjes eieren naast elkaar."], "publisher": ["Stichting  Natuurbeelden", "https://www.openbeelden.nl/users/stichting_natuurbeelden"], "contributor": ["Stichting Natuurbeelden", "http://www.openbeelden.nl/users/stichting_natuurbeelden"], "date": ["2012-01-01"], "type": ["Moving Image"], "extent": ["PT3M33S"], "medium": ["https://www.openbeelden.nl/files/10/31/1031994.1031893.VKH0384_012_2-NAT00Z02AZ0.mp4", "https://www.openbeelden.nl/files/10/31/1031996.1031893.VKH0384_012_2-NAT00Z02AZ0.mp4", "https://www.openbeelden.nl/files/10/31/1031893.VKH0384_012_2-NAT00Z02AZ0.mp4", "https://www.openbeelden.nl/files/10/31/1031998.1031893.VKH0384_012_2-NAT00Z02AZ0.webm", "https://www.openbeelden.nl/files/10/31/1032000.1031893.VKH0384_012_2-NAT00Z02AZ0.ogv", "https://www.openbeelden.nl/files/10/31/1032002.1031893.VKH0384_012_2-NAT00Z02AZ0.ogv", "https://www.openbeelden.nl/files/10/31/1032018.1031893.VKH0384_012_2_NAT00Z02AZ0.m3u8", "https://www.openbeelden.nl/images/1033117/Landkaartje_zet_eieren_af_in_stapeltjes_%281_46%29.png"], "identifier": ["4698747"], "source": ["VKH0384_012_2-NAT00Z02AZ0.mp4"], "language": ["nl"], "references": [null], "mediator": [null], "spatial": ["Nederland", "Flevoland", "Almere"], "attributionName": ["Veldkijker (producent);Boris Berents (camera);Stichting Natuurbeelden"], "attributionURL": ["https://www.openbeelden.nl/media/1031889"], "license": ["https://creativecommons.org/licenses/by-sa/3.0/nl/"]}