{"title": ["Larve van de grote keizerlibel grijpt prooi"], "alternative": [null], "creator": ["Veldkijker (producent);Willem Berents (camera);Stichting Natuurbeelden"], "subject": ["Aeshnidae", "Anax imperator", "Anisoptera", "Odonata", "binnenopname", "close", "echte libellen", "extreem close", "fauna", "glazenmakers", "grote keizerlibellen", "insecten", "interieur", "jagen", "libellen", "studio", "voeden", "voorjaar", "wijd"], "description": ["Clip gemaakt in de natuur uit de collectie van Stichting Natuurbeelden (www.natuurbeelden.nl)."], "abstract": ["Een larve van de grote keizerlibel besluipt een prooi en grijpt die met het vangmasker. De prooi is een larve van een waterjuffer die op dat moment vervelt. De prooi wordt gegrepen met een vangmasker dat uitklapt (scharniert) en weer inklapt. Zodra de prooi wordt gegrepen valt de oude larvehuid van de prooi af."], "publisher": ["Stichting  Natuurbeelden", "https://www.openbeelden.nl/users/stichting_natuurbeelden"], "contributor": ["Stichting Natuurbeelden", "http://www.openbeelden.nl/users/stichting_natuurbeelden"], "date": ["2010-01-01"], "type": ["Moving Image"], "extent": ["PT5M0S"], "medium": ["https://www.openbeelden.nl/files/10/32/1032377.1032362.VKH0326_058_2-NAT00Z02AYC.mp4", "https://www.openbeelden.nl/files/10/32/1032379.1032362.VKH0326_058_2-NAT00Z02AYC.mp4", "https://www.openbeelden.nl/files/10/32/1032362.VKH0326_058_2-NAT00Z02AYC.mp4", "https://www.openbeelden.nl/files/10/32/1032381.1032362.VKH0326_058_2-NAT00Z02AYC.webm", "https://www.openbeelden.nl/files/10/32/1032383.1032362.VKH0326_058_2-NAT00Z02AYC.ogv", "https://www.openbeelden.nl/files/10/32/1032385.1032362.VKH0326_058_2-NAT00Z02AYC.ogv", "https://www.openbeelden.nl/files/10/32/1032432.1032362.VKH0326_058_2_NAT00Z02AYC.m3u8", "https://www.openbeelden.nl/images/1033097/Larve_van_de_grote_keizerlibel_grijpt_prooi_%282_30%29.png"], "identifier": ["4698765"], "source": ["VKH0326_058_2-NAT00Z02AYC.mp4"], "language": ["nl"], "references": [null], "mediator": [null], "spatial": ["Nederland", "Noord-Brabant"], "attributionName": ["Veldkijker (producent);Willem Berents (camera);Stichting Natuurbeelden"], "attributionURL": ["https://www.openbeelden.nl/media/1032358"], "license": ["https://creativecommons.org/licenses/by-sa/3.0/nl/"]}