{"title": ["Kleine vuurvlinder foerageert op bloemen"], "alternative": [null], "creator": ["Veldkijker (producent);Boris Berents (camera);Stichting Natuurbeelden"], "subject": ["Lepidoptera", "Lycaena phlaeas", "Lycaenidae", "blauwtjes", "close", "cultuurlandschappen", "exterieur", "fauna", "foerageren", "kleine vuurvlinder", "middag", "stedelijke gebieden", "totaal", "vlinders", "zomer"], "description": ["Clip gemaakt in de natuur uit de collectie van Stichting Natuurbeelden (www.natuurbeelden.nl)."], "abstract": ["Een kleine vuurvlinder foerageert in gele bloemen. De vlinder loopt van bloem naar bloem en steekt de roltong in de bloemen."], "publisher": ["Stichting  Natuurbeelden", "https://www.openbeelden.nl/users/stichting_natuurbeelden"], "contributor": ["Stichting Natuurbeelden", "http://www.openbeelden.nl/users/stichting_natuurbeelden"], "date": ["2009-01-01"], "type": ["Moving Image"], "extent": ["PT1M19S"], "medium": ["https://www.openbeelden.nl/files/10/32/1032883.1032880.VKS0288_036_5-NAT00Z02HGF.mp4", "https://www.openbeelden.nl/files/10/32/1032885.1032880.VKS0288_036_5-NAT00Z02HGF.mp4", "https://www.openbeelden.nl/files/10/32/1032880.VKS0288_036_5-NAT00Z02HGF.mp4", "https://www.openbeelden.nl/files/10/32/1032887.1032880.VKS0288_036_5-NAT00Z02HGF.webm", "https://www.openbeelden.nl/files/10/32/1032889.1032880.VKS0288_036_5-NAT00Z02HGF.ogv", "https://www.openbeelden.nl/files/10/32/1032891.1032880.VKS0288_036_5-NAT00Z02HGF.ogv", "https://www.openbeelden.nl/files/10/32/1032894.1032880.VKS0288_036_5_NAT00Z02HGF.m3u8", "https://www.openbeelden.nl/images/1033080/Kleine_vuurvlinder_foerageert_op_bloemen_%280_39%29.png"], "identifier": ["4733562"], "source": ["VKS0288_036_5-NAT00Z02HGF.mp4"], "language": ["nl"], "references": [null], "mediator": [null], "spatial": ["Nederland", "Flevoland", "Almere"], "attributionName": ["Veldkijker (producent);Boris Berents (camera);Stichting Natuurbeelden"], "attributionURL": ["https://www.openbeelden.nl/media/1032876"], "license": ["https://creativecommons.org/licenses/by-sa/3.0/nl/"]}