{"title": ["Sabelsprinkhaan draait aan stengel"], "alternative": [null], "creator": ["Veldkijker (producent);Boris Berents (camera);Stichting Natuurbeelden"], "subject": ["Orthoptera", "Saga pedo", "Tettigoniidae", "antenne", "bewolkt", "buitenopname", "draaien", "exterieur", "fauna", "insecten", "legboor", "moerassen", "ochtend", "sabel", "sabelsprinkhanen", "sprinkhanen", "totaal", "voortbewegen", "zomer"], "description": ["Clip gemaakt in de natuur uit de collectie van Stichting Natuurbeelden (www.natuurbeelden.nl)."], "abstract": ["Sabelsprinkhaan leunt op stengel en draait zich om. De sabelachtige legboor is goed herkenbaar tijdens het draaien. Samengestelde clip."], "publisher": ["Stichting  Natuurbeelden", "https://www.openbeelden.nl/users/stichting_natuurbeelden"], "contributor": ["Stichting Natuurbeelden", "http://www.openbeelden.nl/users/stichting_natuurbeelden"], "date": ["2010-01-01"], "type": ["Moving Image"], "extent": ["PT1M28S"], "medium": ["https://www.openbeelden.nl/files/10/32/1032749.1032736.VKH0324_048_2-NAT00Z02AXV.mp4", "https://www.openbeelden.nl/files/10/32/1032751.1032736.VKH0324_048_2-NAT00Z02AXV.mp4", "https://www.openbeelden.nl/files/10/32/1032736.VKH0324_048_2-NAT00Z02AXV.mp4", "https://www.openbeelden.nl/files/10/32/1032753.1032736.VKH0324_048_2-NAT00Z02AXV.webm", "https://www.openbeelden.nl/files/10/32/1032755.1032736.VKH0324_048_2-NAT00Z02AXV.ogv", "https://www.openbeelden.nl/files/10/32/1032757.1032736.VKH0324_048_2-NAT00Z02AXV.ogv", "https://www.openbeelden.nl/files/10/32/1032761.1032736.VKH0324_048_2_NAT00Z02AXV.m3u8", "https://www.openbeelden.nl/images/1033085/Sabelsprinkhaan_draait_aan_stengel_%280_44%29.png"], "identifier": ["4698781"], "source": ["VKH0324_048_2-NAT00Z02AXV.mp4"], "language": ["nl"], "references": [null], "mediator": [null], "spatial": ["Zeewolde", "De stille kern", "Nederland", "Flevoland", "Horsterwold"], "attributionName": ["Veldkijker (producent);Boris Berents (camera);Stichting Natuurbeelden"], "attributionURL": ["https://www.openbeelden.nl/media/1032732"], "license": ["https://creativecommons.org/licenses/by-sa/3.0/nl/"]}