{"title": ["Behaarde rode bosmier drinkt honingdauw"], "alternative": [null], "creator": ["Veldkijker (producent);Boris Berents (camera);Stichting Natuurbeelden"], "subject": ["Formica rufa", "Formicidae", "Hymenoptera", "behaarde rode bosmier", "close", "cultuurlandschappen", "exterieur", "extreem close", "fauna", "foerageren", "insecten", "mieren", "ochtend", "stedelijke gebieden", "vliesvleugeligen", "zomer"], "description": ["Clip gemaakt in de natuur uit de collectie van Stichting Natuurbeelden (www.natuurbeelden.nl)."], "abstract": ["Een behaarde rode bosmier loopt over een stengel met bladluizen erop. De mier loopt over sommige bladluizen heen. Als de luizen honingdauw uitscheiden drinkt de mier een druppel. Macro. Wiegende beweging door wind. Samengestelde clip."], "publisher": ["Stichting  Natuurbeelden", "https://www.openbeelden.nl/users/stichting_natuurbeelden"], "contributor": ["Stichting Natuurbeelden", "http://www.openbeelden.nl/users/stichting_natuurbeelden"], "date": ["2007-01-01"], "type": ["Moving Image"], "extent": ["PT1M50S"], "medium": ["https://www.openbeelden.nl/files/10/33/1033562.1033553.VKS0204_043_3-NAT00Z02HFP.mp4", "https://www.openbeelden.nl/files/10/33/1033564.1033553.VKS0204_043_3-NAT00Z02HFP.mp4", "https://www.openbeelden.nl/files/10/33/1033553.VKS0204_043_3-NAT00Z02HFP.mp4", "https://www.openbeelden.nl/files/10/33/1033566.1033553.VKS0204_043_3-NAT00Z02HFP.webm", "https://www.openbeelden.nl/files/10/33/1033568.1033553.VKS0204_043_3-NAT00Z02HFP.ogv", "https://www.openbeelden.nl/files/10/33/1033570.1033553.VKS0204_043_3-NAT00Z02HFP.ogv", "https://www.openbeelden.nl/files/10/33/1033587.1033553.VKS0204_043_3_NAT00Z02HFP.m3u8", "https://www.openbeelden.nl/images/1034067/Behaarde_rode_bosmier_drinkt_honingdauw_%280_55%29.png"], "identifier": ["4733586"], "source": ["VKS0204_043_3-NAT00Z02HFP.mp4"], "language": ["nl"], "references": [null], "mediator": [null], "spatial": ["Nederland", "Flevoland", "Almere"], "attributionName": ["Veldkijker (producent);Boris Berents (camera);Stichting Natuurbeelden"], "attributionURL": ["https://www.openbeelden.nl/media/1033549"], "license": ["https://creativecommons.org/licenses/by-sa/3.0/nl/"]}