{"title": ["Pyjamazweefvlieg vliegt voor viooltje"], "alternative": [null], "creator": ["Veldkijker (producent);Boris Berents (camera);Stichting Natuurbeelden"], "subject": ["Episyrphus balteatus", "Syrphidae", "close", "cultuurlandschappen", "diptera", "exterieur", "extreem close", "fauna", "insecten", "ochtend", "pyjamazweefvliegen", "stedelijke gebieden", "tweevleugeligen", "vliegen", "voortbewegen", "zomer", "zweefvliegen"], "description": ["Clip gemaakt in de natuur uit de collectie van Stichting Natuurbeelden (www.natuurbeelden.nl)."], "abstract": ["Een pyjamavlieg vliegt vlak voor een gele bloemen van een viooltje. De zweefvlieg zweeft voor verschillende bloemen en landt uiteindelijk in een van de bloemen. Macro."], "publisher": ["Stichting  Natuurbeelden", "https://www.openbeelden.nl/users/stichting_natuurbeelden"], "contributor": ["Stichting Natuurbeelden", "http://www.openbeelden.nl/users/stichting_natuurbeelden"], "date": ["2007-01-01"], "type": ["Moving Image"], "extent": ["PT1M2S"], "medium": ["https://www.openbeelden.nl/files/10/33/1033619.1033606.VKS0196_032_2-NAT00Z02HFM.mp4", "https://www.openbeelden.nl/files/10/33/1033621.1033606.VKS0196_032_2-NAT00Z02HFM.mp4", "https://www.openbeelden.nl/files/10/33/1033606.VKS0196_032_2-NAT00Z02HFM.mp4", "https://www.openbeelden.nl/files/10/33/1033623.1033606.VKS0196_032_2-NAT00Z02HFM.webm", "https://www.openbeelden.nl/files/10/33/1033625.1033606.VKS0196_032_2-NAT00Z02HFM.ogv", "https://www.openbeelden.nl/files/10/33/1033627.1033606.VKS0196_032_2-NAT00Z02HFM.ogv", "https://www.openbeelden.nl/files/10/33/1033636.1033606.VKS0196_032_2_NAT00Z02HFM.m3u8", "https://www.openbeelden.nl/images/1034065/Pyjamazweefvlieg_vliegt_voor_viooltje_%280_31%29.png"], "identifier": ["4733589"], "source": ["VKS0196_032_2-NAT00Z02HFM.mp4"], "language": ["nl"], "references": [null], "mediator": [null], "spatial": ["Nederland", "Flevoland", "Almere"], "attributionName": ["Veldkijker (producent);Boris Berents (camera);Stichting Natuurbeelden"], "attributionURL": ["https://www.openbeelden.nl/media/1033601"], "license": ["https://creativecommons.org/licenses/by-sa/3.0/nl/"]}