{"title": ["Een veelkleurig aziatisch lieveheersbeestje naast een pop"], "alternative": [null], "creator": ["Veldkijker (producent);Boris Berents (camera);Stichting Natuurbeelden"], "subject": ["Coccinellidae", "Coleoptera", "Harmonia axyridis", "close", "cultuurlandschappen", "exterieur", "fauna", "insecten", "kevers", "lieveheersbeestjes", "ochtend", "rusten", "stedelijke gebieden", "totaal", "veelkleurig aziatisch lieveheersbeestje", "verpoppen", "zomer"], "description": ["Clip gemaakt in de natuur uit de collectie van Stichting Natuurbeelden (www.natuurbeelden.nl)."], "abstract": ["Een volwassen veelkleurig Aziatisch lieveheersbeestje rust op een blad naast een pop van dezelfde soort. Bij de pop zijn de resten van witte borstels heel duidelijk herkenbaar. Het volwassen lieveheersbeestje heeft een zwart dekschild en een beperkt aantal oranje vlekken. Eerst zijn zowel het volwassendier als de pop in beeld. Daarna alleen het volwassen lieveheersbeestje. Een beetje beweging door wind. Samengestelde clip."], "publisher": ["Stichting  Natuurbeelden", "https://www.openbeelden.nl/users/stichting_natuurbeelden"], "contributor": ["Stichting Natuurbeelden", "http://www.openbeelden.nl/users/stichting_natuurbeelden"], "date": ["2009-01-01"], "type": ["Moving Image"], "extent": ["PT39S"], "medium": ["https://www.openbeelden.nl/files/10/33/1033380.1033367.VKS0273_004_2-NAT00Z02HFW.mp4", "https://www.openbeelden.nl/files/10/33/1033382.1033367.VKS0273_004_2-NAT00Z02HFW.mp4", "https://www.openbeelden.nl/files/10/33/1033367.VKS0273_004_2-NAT00Z02HFW.mp4", "https://www.openbeelden.nl/files/10/33/1033384.1033367.VKS0273_004_2-NAT00Z02HFW.webm", "https://www.openbeelden.nl/files/10/33/1033386.1033367.VKS0273_004_2-NAT00Z02HFW.ogv", "https://www.openbeelden.nl/files/10/33/1033388.1033367.VKS0273_004_2-NAT00Z02HFW.ogv", "https://www.openbeelden.nl/files/10/33/1033392.1033367.VKS0273_004_2_NAT00Z02HFW.m3u8", "https://www.openbeelden.nl/images/1034075/Een_veelkleurig_aziatisch_lieveheersbeestje_naast_een_pop_%280_19%29.png"], "identifier": ["4733579"], "source": ["VKS0273_004_2-NAT00Z02HFW.mp4"], "language": ["nl"], "references": [null], "mediator": [null], "spatial": ["Nederland", "Flevoland", "Almere"], "attributionName": ["Veldkijker (producent);Boris Berents (camera);Stichting Natuurbeelden"], "attributionURL": ["https://www.openbeelden.nl/media/1033363"], "license": ["https://creativecommons.org/licenses/by-sa/3.0/nl/"]}