{"title": ["Grote bonte specht gaat in en uit nestholte"], "alternative": [null], "creator": ["Veldkijker (producent);Boris Berents (camera);Stichting Natuurbeelden"], "subject": ["Aves", "Dendrocopos major", "Picidae", "Piciformes", "Picinae", "Vertebrata", "bossen", "broedzorg", "buitenopname", "close", "echte spechten", "exterieur", "fauna", "gewervelden", "grote bonte specht", "middag", "spechten", "spechtvogels", "stedelijke gebieden", "vogels", "voortbewegen", "zomer"], "description": ["Clip gemaakt in de natuur uit de collectie van Stichting Natuurbeelden (www.natuurbeelden.nl)."], "abstract": ["Een grote bonte specht komt bij nestholte met snavel vol voedsel en gaat de nestholte in. Als de specht in het nest is, komt de onderzijde van de staart door de opening in beeld. Even later steekt de specht de kop uit de holte, kijkt rond en klimt uit het nest. De vogel hangt even aan de boom, alvorens weg te vliegen. Het geheel is recht van voren gezien."], "publisher": ["Stichting  Natuurbeelden", "https://www.openbeelden.nl/users/stichting_natuurbeelden"], "contributor": ["Stichting Natuurbeelden", "http://www.openbeelden.nl/users/stichting_natuurbeelden"], "date": ["2011-01-01"], "type": ["Moving Image"], "extent": ["PT36S"], "medium": ["https://www.openbeelden.nl/files/10/34/1034339.1034330.VKH0319_028_1-NAT00Z02H96.mp4", "https://www.openbeelden.nl/files/10/34/1034341.1034330.VKH0319_028_1-NAT00Z02H96.mp4", "https://www.openbeelden.nl/files/10/34/1034330.VKH0319_028_1-NAT00Z02H96.mp4", "https://www.openbeelden.nl/files/10/34/1034343.1034330.VKH0319_028_1-NAT00Z02H96.webm", "https://www.openbeelden.nl/files/10/34/1034345.1034330.VKH0319_028_1-NAT00Z02H96.ogv", "https://www.openbeelden.nl/files/10/34/1034347.1034330.VKH0319_028_1-NAT00Z02H96.ogv", "https://www.openbeelden.nl/files/10/34/1034366.1034330.VKH0319_028_1_NAT00Z02H96.m3u8", "https://www.openbeelden.nl/images/1034419/Grote_bonte_specht_gaat_in_en_uit_nestholte_%280_18%29.png"], "identifier": ["4733627"], "source": ["VKH0319_028_1-NAT00Z02H96.mp4"], "language": ["nl"], "references": [null], "mediator": [null], "spatial": ["Nederland", "Flevoland", "Almere"], "attributionName": ["Veldkijker (producent);Boris Berents (camera);Stichting Natuurbeelden"], "attributionURL": ["https://www.openbeelden.nl/media/1034326"], "license": ["https://creativecommons.org/licenses/by-sa/3.0/nl/"]}