{"title": ["Jonge torenvalken in een boom"], "alternative": [null], "creator": ["Veldkijker (producent);Willem Berents (camera);Stichting Natuurbeelden"], "subject": ["Aves", "Falco tinnunculus", "Falconidae", "Falconiformes", "Vertebrata", "bossen", "exterieur", "fauna", "gewervelden", "moerassen", "roofvogels", "rusten", "torenvalk", "totaal", "valken", "vennen", "vogels", "waarnemen", "zomer", "zonsondergang"], "description": ["Clip gemaakt in de natuur uit de collectie van Stichting Natuurbeelden (www.natuurbeelden.nl)."], "abstract": ["Twee jonge torenvalken in een populier. De valken hebben hun nestkast verlaten en zitten nu op een hoger gelegen deel in de boom. Ze kijken rond, poetsen zich en slapen wat. Samengestelde clip."], "publisher": ["Stichting  Natuurbeelden", "https://www.openbeelden.nl/users/stichting_natuurbeelden"], "contributor": ["Stichting Natuurbeelden", "http://www.openbeelden.nl/users/stichting_natuurbeelden"], "date": ["2007-01-01"], "type": ["Moving Image"], "extent": ["PT5M0S"], "medium": ["https://www.openbeelden.nl/files/10/34/1034189.1034174.VKS0190_001_4-NAT00Z02HF0.mp4", "https://www.openbeelden.nl/files/10/34/1034191.1034174.VKS0190_001_4-NAT00Z02HF0.mp4", "https://www.openbeelden.nl/files/10/34/1034174.VKS0190_001_4-NAT00Z02HF0.mp4", "https://www.openbeelden.nl/files/10/34/1034193.1034174.VKS0190_001_4-NAT00Z02HF0.webm", "https://www.openbeelden.nl/files/10/34/1034195.1034174.VKS0190_001_4-NAT00Z02HF0.ogv", "https://www.openbeelden.nl/files/10/34/1034197.1034174.VKS0190_001_4-NAT00Z02HF0.ogv", "https://www.openbeelden.nl/files/10/34/1034229.1034174.VKS0190_001_4_NAT00Z02HF0.m3u8", "https://www.openbeelden.nl/images/1034424/Jonge_torenvalken_in_een_boom_%282_30%29.png"], "identifier": ["4733610"], "source": ["VKS0190_001_4-NAT00Z02HF0.mp4"], "language": ["nl"], "references": [null], "mediator": [null], "spatial": ["Nederland", "Huis ter Heide", "De Moer", "Noord-Brabant"], "attributionName": ["Veldkijker (producent);Willem Berents (camera);Stichting Natuurbeelden"], "attributionURL": ["https://www.openbeelden.nl/media/1034170"], "license": ["https://creativecommons.org/licenses/by-sa/3.0/nl/"]}