{"title": ["Een grasbij (zandbij) kijkt vanuit de nestholte rond"], "alternative": [null], "creator": ["Veldkijker (producent);Willem Berents (camera);Stichting Natuurbeelden"], "subject": ["Andrena", "Andrena flavipes", "Apidae", "Apocrita", "Hymenoptera", "bij-achtigen", "bijen en hommels", "bossen", "buitenopname", "close", "exterieur", "fauna", "grasbij", "insecten", "middag", "vliesvleugeligen", "waarnemen", "zandbijen", "zomer"], "description": ["Clip gemaakt in de natuur uit de collectie van Stichting Natuurbeelden (www.natuurbeelden.nl)."], "abstract": ["Een grasbij kijkt vanuit de nestholte rond. De bij is half zichtbaar en komt op een zeker moment verder naar buiten gekropen, maar blijft in de nestopening zitten. Daarna is de bij vanuit andere standpunten zichtbaar. Samengestelde clip."], "publisher": ["Stichting  Natuurbeelden", "https://www.openbeelden.nl/users/stichting_natuurbeelden"], "contributor": ["Stichting Natuurbeelden", "http://www.openbeelden.nl/users/stichting_natuurbeelden"], "date": ["2012-01-01"], "type": ["Moving Image"], "extent": ["PT2M5S"], "medium": ["https://www.openbeelden.nl/files/10/34/1034666.1034653.VKH0393_067_4-NAT00Z02HCU.mp4", "https://www.openbeelden.nl/files/10/34/1034668.1034653.VKH0393_067_4-NAT00Z02HCU.mp4", "https://www.openbeelden.nl/files/10/34/1034653.VKH0393_067_4-NAT00Z02HCU.mp4", "https://www.openbeelden.nl/files/10/34/1034670.1034653.VKH0393_067_4-NAT00Z02HCU.webm", "https://www.openbeelden.nl/files/10/34/1034672.1034653.VKH0393_067_4-NAT00Z02HCU.ogv", "https://www.openbeelden.nl/files/10/34/1034674.1034653.VKH0393_067_4-NAT00Z02HCU.ogv", "https://www.openbeelden.nl/files/10/34/1034684.1034653.VKH0393_067_4_NAT00Z02HCU.m3u8", "https://www.openbeelden.nl/images/1087401/Een_grasbij_%28zandbij%29_kijkt_vanuit_de_nestholte_rond_%281_02%29.png"], "identifier": ["4733641"], "source": ["VKH0393_067_4-NAT00Z02HCU.mp4"], "language": ["nl"], "references": [null], "mediator": [null], "spatial": ["Nederland", "Huis ter Heide", "De Moer", "Noord-Brabant"], "attributionName": ["Veldkijker (producent);Willem Berents (camera);Stichting Natuurbeelden"], "attributionURL": ["https://www.openbeelden.nl/media/1034648"], "license": ["https://creativecommons.org/licenses/by-sa/3.0/nl/"]}