{"title": ["Een bosmier valt een zwart soldaatje (weekschildkever) aan"], "alternative": [null], "creator": ["Veldkijker (producent);Willem Berents (camera);Stichting Natuurbeelden"], "subject": ["Formica spec", "Formicidae", "Hymenoptera", "beschermen", "bosmieren spec", "bossen", "buitenopname", "close", "cultuurlandschappen", "exterieur", "extreem close", "fauna", "insecten", "middag", "mieren", "verdedigen", "vliesvleugeligen", "zomer"], "description": ["Clip gemaakt in de natuur uit de collectie van Stichting Natuurbeelden (www.natuurbeelden.nl)."], "abstract": ["Een bosmier valt een zwart soldaatje (weekschildkever) aan die het heeft voorzien op de bladluizen die door de mier worden beschermd. De mier doet diverse pogingen om de kever te verjagen door het dier in de poten en de kop te bijten. De kever grijpt meerdere keren naar haar belager. De kever laat zich niet verjagen en grijpt een bladluis. De andere luizen in het bereik van de kever proberen weg te kruipen."], "publisher": ["Stichting  Natuurbeelden", "https://www.openbeelden.nl/users/stichting_natuurbeelden"], "contributor": ["Stichting Natuurbeelden", "http://www.openbeelden.nl/users/stichting_natuurbeelden"], "date": ["2012-01-01"], "type": ["Moving Image"], "extent": ["PT2M9S"], "medium": ["https://www.openbeelden.nl/files/10/35/1035167.1035134.VKH0387_014_1-NAT00Z02HBQ.mp4", "https://www.openbeelden.nl/files/10/35/1035169.1035134.VKH0387_014_1-NAT00Z02HBQ.mp4", "https://www.openbeelden.nl/files/10/35/1035134.VKH0387_014_1-NAT00Z02HBQ.mp4", "https://www.openbeelden.nl/files/10/35/1035171.1035134.VKH0387_014_1-NAT00Z02HBQ.webm", "https://www.openbeelden.nl/files/10/35/1035173.1035134.VKH0387_014_1-NAT00Z02HBQ.ogv", "https://www.openbeelden.nl/files/10/35/1035175.1035134.VKH0387_014_1-NAT00Z02HBQ.ogv", "https://www.openbeelden.nl/files/10/35/1035184.1035134.VKH0387_014_1_NAT00Z02HBQ.m3u8", "https://www.openbeelden.nl/images/1087381/Een_bosmier_valt_een_zwart_soldaatje_%28weekschildkever%29_aan_%281_04%29.png"], "identifier": ["4733666"], "source": ["VKH0387_014_1-NAT00Z02HBQ.mp4"], "language": ["nl"], "references": [null], "mediator": [null], "spatial": ["Vlakwater", "Nederland", "Limburg", "Venray"], "attributionName": ["Veldkijker (producent);Willem Berents (camera);Stichting Natuurbeelden"], "attributionURL": ["https://www.openbeelden.nl/media/1035130"], "license": ["https://creativecommons.org/licenses/by-sa/3.0/nl/"]}