{"title": ["Rupsen van het landkaartje (dagvlinder) eten van brandnetel"], "alternative": [null], "creator": ["Veldkijker (producent);Willem Berents (camera);Stichting Natuurbeelden"], "subject": ["Araschnia levana", "Lepidoptera", "Nymphalidae", "beeklandschappen", "broekbossen", "buitenopname", "close", "exterieur", "fauna", "flora", "foerageren", "landkaartje", "moerassen", "ochtend", "planten", "totaal", "vennen", "vlinders", "voeden", "vossen", "zomer"], "description": ["Clip gemaakt in de natuur uit de collectie van Stichting Natuurbeelden (www.natuurbeelden.nl)."], "abstract": ["Een viertal rupsen van het landkaartje(dagvlinder) eet van een blad van de grote brandnetel. De kenmerkende stippels en oranje-gele borstels van de rups zijn duidelijk herkenbaar. De rupsen kruipen wat heen en weer terwijl sommigen van hen aan het blad vreten. Wiegende beweging door wind. Samengestelde clip."], "publisher": ["Stichting  Natuurbeelden", "https://www.openbeelden.nl/users/stichting_natuurbeelden"], "contributor": ["Stichting Natuurbeelden", "http://www.openbeelden.nl/users/stichting_natuurbeelden"], "date": ["2012-01-01"], "type": ["Moving Image"], "extent": ["PT1M12S"], "medium": ["https://www.openbeelden.nl/files/10/35/1035077.1035067.VKH0388_075_5-NAT00Z02HC0.mp4", "https://www.openbeelden.nl/files/10/35/1035079.1035067.VKH0388_075_5-NAT00Z02HC0.mp4", "https://www.openbeelden.nl/files/10/35/1035067.VKH0388_075_5-NAT00Z02HC0.mp4", "https://www.openbeelden.nl/files/10/35/1035081.1035067.VKH0388_075_5-NAT00Z02HC0.webm", "https://www.openbeelden.nl/files/10/35/1035083.1035067.VKH0388_075_5-NAT00Z02HC0.ogv", "https://www.openbeelden.nl/files/10/35/1035085.1035067.VKH0388_075_5-NAT00Z02HC0.ogv", "https://www.openbeelden.nl/files/10/35/1035098.1035067.VKH0388_075_5_NAT00Z02HC0.m3u8", "https://www.openbeelden.nl/images/1087383/Rupsen_van_het_landkaartje_%28dagvlinder%29_eten_van_brandnetel_%280_36%29.png"], "identifier": ["4733662"], "source": ["VKH0388_075_5-NAT00Z02HC0.mp4"], "language": ["nl"], "references": [null], "mediator": [null], "spatial": ["Nederland", "Limburg", "Castenrayse Vennen", "Noord-Limburg"], "attributionName": ["Veldkijker (producent);Willem Berents (camera);Stichting Natuurbeelden"], "attributionURL": ["https://www.openbeelden.nl/media/1035063"], "license": ["https://creativecommons.org/licenses/by-sa/3.0/nl/"]}