{"title": ["Grote bonte specht voert jongen"], "alternative": [null], "creator": ["Veldkijker (producent);Boris Berents (camera);Stichting Natuurbeelden"], "subject": ["Aves", "Dendrocopos major", "Picidae", "Piciformes", "Picinae", "Vertebrata", "bossen", "broedzorg", "buitenopname", "close", "echte spechten", "exterieur", "extreem close", "fauna", "gewervelden", "grote bonte specht", "middag", "spechten", "spechtvogels", "stedelijke gebieden", "voeden", "vogels", "zomer"], "description": ["Clip gemaakt in de natuur uit de collectie van Stichting Natuurbeelden (www.natuurbeelden.nl)."], "abstract": ["Een grote bonte specht, vanaf de zijkant gezien, komt met een snavel vol met kevers en insectenlarven bij de nestholte en voert de jongen. De specht blijft buiten de nestholte. Na het voeren komt de lange tong van de specht een paar keer in beeld. Vervolgens gaat de specht de nestholte in en haalt afval uit het nest. Ze vliegt hiermee weg. In het volgende fragment gaat de specht nog eens het nest in en komt er weer uit. Dit keer zonder afval. Samengestelde clip."], "publisher": ["Stichting  Natuurbeelden", "https://www.openbeelden.nl/users/stichting_natuurbeelden"], "contributor": ["Stichting Natuurbeelden", "http://www.openbeelden.nl/users/stichting_natuurbeelden"], "date": ["2011-01-01"], "type": ["Moving Image"], "extent": ["PT53S"], "medium": ["https://www.openbeelden.nl/files/10/36/1036666.1036663.VKH0319_087_2-NAT00Z02H99.mp4", "https://www.openbeelden.nl/files/10/36/1036668.1036663.VKH0319_087_2-NAT00Z02H99.mp4", "https://www.openbeelden.nl/files/10/36/1036663.VKH0319_087_2-NAT00Z02H99.mp4", "https://www.openbeelden.nl/files/10/36/1036670.1036663.VKH0319_087_2-NAT00Z02H99.webm", "https://www.openbeelden.nl/files/10/36/1036672.1036663.VKH0319_087_2-NAT00Z02H99.ogv", "https://www.openbeelden.nl/files/10/36/1036674.1036663.VKH0319_087_2-NAT00Z02H99.ogv", "https://www.openbeelden.nl/files/10/36/1036677.1036663.VKH0319_087_2_NAT00Z02H99.m3u8", "https://www.openbeelden.nl/images/1038098/Grote_bonte_specht_voert_jongen_%280_26%29.png"], "identifier": ["4733728"], "source": ["VKH0319_087_2-NAT00Z02H99.mp4"], "language": ["nl"], "references": [null], "mediator": [null], "spatial": ["Nederland", "Flevoland", "Almere"], "attributionName": ["Veldkijker (producent);Boris Berents (camera);Stichting Natuurbeelden"], "attributionURL": ["https://www.openbeelden.nl/media/1036659"], "license": ["https://creativecommons.org/licenses/by-sa/3.0/nl/"]}