{"title": ["Een spinnendoder graaft zand weg"], "alternative": [null], "creator": ["Veldkijker (producent);Willem Berents (camera);Stichting Natuurbeelden"], "subject": ["Apocrita", "Episyron rufipes", "Hymenoptera", "Pompilidae", "Vespoidea", "bij-achtigen", "bossen", "buitenopname", "close", "cultuurlandschappen", "exterieur", "fauna", "graven", "insecten", "roodpotige kruisspinnendoder", "spinnendoders", "totaal", "vliesvleugeligen", "voortplantingsgedrag", "wespachtigen", "zomer", "zonsondergang"], "description": ["Clip gemaakt in de natuur uit de collectie van Stichting Natuurbeelden (www.natuurbeelden.nl)."], "abstract": ["Een spinnendoder graaft een nestkamer. De spinnendoder gooit zand naar achteren, en komt af en toe uit het hol naar buiten om het zand weg te schoffelen. De scherpte ligt vlak buiten het holletje, zodat de spinnendoder vanuit het hol in het scherpte deel van het beeld loopt. Macro. Schuin van achteren gezien. Samengestelde clip."], "publisher": ["Stichting  Natuurbeelden", "https://www.openbeelden.nl/users/stichting_natuurbeelden"], "contributor": ["Stichting Natuurbeelden", "http://www.openbeelden.nl/users/stichting_natuurbeelden"], "date": ["2012-01-01"], "type": ["Moving Image"], "extent": ["PT1M22S"], "medium": ["https://www.openbeelden.nl/files/10/36/1036869.1036866.VKH0414_004_2-NAT00Z02HEK.mp4", "https://www.openbeelden.nl/files/10/36/1036871.1036866.VKH0414_004_2-NAT00Z02HEK.mp4", "https://www.openbeelden.nl/files/10/36/1036866.VKH0414_004_2-NAT00Z02HEK.mp4", "https://www.openbeelden.nl/files/10/36/1036873.1036866.VKH0414_004_2-NAT00Z02HEK.webm", "https://www.openbeelden.nl/files/10/36/1036875.1036866.VKH0414_004_2-NAT00Z02HEK.ogv", "https://www.openbeelden.nl/files/10/36/1036877.1036866.VKH0414_004_2-NAT00Z02HEK.ogv", "https://www.openbeelden.nl/files/10/36/1036880.1036866.VKH0414_004_2_NAT00Z02HEK.m3u8", "https://www.openbeelden.nl/images/1038090/Een_spinnendoder_graaft_zand_weg_%280_41%29.png"], "identifier": ["4733738"], "source": ["VKH0414_004_2-NAT00Z02HEK.mp4"], "language": ["nl"], "references": [null], "mediator": [null], "spatial": ["Nederland", "Huis ter Heide", "De Moer", "Noord-Brabant"], "attributionName": ["Veldkijker (producent);Willem Berents (camera);Stichting Natuurbeelden"], "attributionURL": ["https://www.openbeelden.nl/media/1036862"], "license": ["https://creativecommons.org/licenses/by-sa/3.0/nl/"]}