{"title": ["Spechtenjong in nestholte"], "alternative": [null], "creator": ["Veldkijker (producent);Boris Berents (camera);Stichting Natuurbeelden"], "subject": ["Aves", "Dendrocopos major", "Picidae", "Piciformes", "Picinae", "Vertebrata", "bedelen", "bossen", "buitenopname", "close", "echte spechten", "exterieur", "fauna", "gewervelden", "grote bonte specht", "middag", "spechten", "spechtvogels", "stedelijke gebieden", "totaal", "vogels", "waarnemen", "zomer"], "description": ["Clip gemaakt in de natuur uit de collectie van Stichting Natuurbeelden (www.natuurbeelden.nl)."], "abstract": ["Een jong van de grote bonte specht in een nestholte wordt gevoerd. Eerst is de oudervogel in beeld vanaf de rug. Zodra die wegvliegt is het jong zichtbaar, met rode kop. Het jong trekt zich vervolgens terug in de nestholte maar blijft uit de opening kijken. Samengestelde clip."], "publisher": ["Stichting  Natuurbeelden", "https://www.openbeelden.nl/users/stichting_natuurbeelden"], "contributor": ["Stichting Natuurbeelden", "http://www.openbeelden.nl/users/stichting_natuurbeelden"], "date": ["2011-01-01"], "type": ["Moving Image"], "extent": ["PT1M8S"], "medium": ["https://www.openbeelden.nl/files/10/36/1036596.1036593.VKH0323_023_2-NAT00Z02H9C.mp4", "https://www.openbeelden.nl/files/10/36/1036600.1036593.VKH0323_023_2-NAT00Z02H9C.mp4", "https://www.openbeelden.nl/files/10/36/1036593.VKH0323_023_2-NAT00Z02H9C.mp4", "https://www.openbeelden.nl/files/10/36/1036602.1036593.VKH0323_023_2-NAT00Z02H9C.webm", "https://www.openbeelden.nl/files/10/36/1036604.1036593.VKH0323_023_2-NAT00Z02H9C.ogv", "https://www.openbeelden.nl/files/10/36/1036606.1036593.VKH0323_023_2-NAT00Z02H9C.ogv", "https://www.openbeelden.nl/files/10/36/1036610.1036593.VKH0323_023_2_NAT00Z02H9C.m3u8", "https://www.openbeelden.nl/images/1038101/Spechtenjong_in_nestholte_%280_34%29.png"], "identifier": ["4733725"], "source": ["VKH0323_023_2-NAT00Z02H9C.mp4"], "language": ["nl"], "references": [null], "mediator": [null], "spatial": ["Nederland", "Flevoland", "Almere"], "attributionName": ["Veldkijker (producent);Boris Berents (camera);Stichting Natuurbeelden"], "attributionURL": ["https://www.openbeelden.nl/media/1036589"], "license": ["https://creativecommons.org/licenses/by-sa/3.0/nl/"]}