{"title": ["Een kruisspin rust naast een afgeworpen huid"], "alternative": [null], "creator": ["Veldkijker (producent);Boris Berents (camera);Stichting Natuurbeelden"], "subject": ["Arachnida", "Araneae", "Araneus spec", "Arthropoda", "bossen", "buitenopname", "close", "exterieur", "fauna", "kruisspin spec", "ochtend", "spinachtigen", "spinnen", "totaal", "vervellen", "wielwebspinnen", "zomer"], "description": ["Clip gemaakt in de natuur uit de collectie van Stichting Natuurbeelden (www.natuurbeelden.nl)."], "abstract": ["Een kruisspin rust vlak naast een afgeworpen huid. De spin zit nabij de bloemen van de grote wederik. De afgeworpen huid hangt vlak naast de spin. Eerst zijn de spin en de huid samen in beeld, daarna alleen de huid en tenslotte alleen de spin. Samengestelde clip."], "publisher": ["Stichting  Natuurbeelden", "https://www.openbeelden.nl/users/stichting_natuurbeelden"], "contributor": ["Stichting Natuurbeelden", "http://www.openbeelden.nl/users/stichting_natuurbeelden"], "date": ["2012-01-01"], "type": ["Moving Image"], "extent": ["PT2M27S"], "medium": ["https://www.openbeelden.nl/files/10/36/1036944.1036935.VKH0411_068_4-NAT00Z02HEF.mp4", "https://www.openbeelden.nl/files/10/36/1036946.1036935.VKH0411_068_4-NAT00Z02HEF.mp4", "https://www.openbeelden.nl/files/10/36/1036935.VKH0411_068_4-NAT00Z02HEF.mp4", "https://www.openbeelden.nl/files/10/36/1036948.1036935.VKH0411_068_4-NAT00Z02HEF.webm", "https://www.openbeelden.nl/files/10/36/1036950.1036935.VKH0411_068_4-NAT00Z02HEF.ogv", "https://www.openbeelden.nl/files/10/36/1036952.1036935.VKH0411_068_4-NAT00Z02HEF.ogv", "https://www.openbeelden.nl/files/10/36/1036983.1036935.VKH0411_068_4_NAT00Z02HEF.m3u8", "https://www.openbeelden.nl/images/1038086/Een_kruisspin_rust_naast_een_afgeworpen_huid_%281_13%29.png"], "identifier": ["4733741"], "source": ["VKH0411_068_4-NAT00Z02HEF.mp4"], "language": ["nl"], "references": [null], "mediator": [null], "spatial": ["Nederland", "Limburg", "Venray", "Boschhuizerbergen", "Noord-Limburg"], "attributionName": ["Veldkijker (producent);Boris Berents (camera);Stichting Natuurbeelden"], "attributionURL": ["https://www.openbeelden.nl/media/1036931"], "license": ["https://creativecommons.org/licenses/by-sa/3.0/nl/"]}