{"title": ["Een rups van een spanner draait in de wind"], "alternative": [null], "creator": ["Veldkijker (producent);Boris Berents (camera);Stichting Natuurbeelden"], "subject": ["Geometridae", "Lepidoptera", "bossen", "buitenopname", "close", "cultuurlandschappen", "exterieur", "fauna", "ochtend", "rusten", "spanners", "totaal", "vlinders", "voorjaar"], "description": ["Clip gemaakt in de natuur uit de collectie van Stichting Natuurbeelden (www.natuurbeelden.nl)."], "abstract": ["Een rups van een spanner hangt aan een draad onder een blad van een lelietje-der-dalen en draait in de wind om de as. Samengestelde clip. Vervolg van clip met titel Rups van een spanner reikt over bladrand."], "publisher": ["Stichting  Natuurbeelden", "https://www.openbeelden.nl/users/stichting_natuurbeelden"], "contributor": ["Stichting Natuurbeelden", "http://www.openbeelden.nl/users/stichting_natuurbeelden"], "date": ["2012-01-01"], "type": ["Moving Image"], "extent": ["PT1M6S"], "medium": ["https://www.openbeelden.nl/files/10/36/1036479.1036466.VKH0338_034_3-NAT00Z02HJO.mp4", "https://www.openbeelden.nl/files/10/36/1036481.1036466.VKH0338_034_3-NAT00Z02HJO.mp4", "https://www.openbeelden.nl/files/10/36/1036466.VKH0338_034_3-NAT00Z02HJO.mp4", "https://www.openbeelden.nl/files/10/36/1036483.1036466.VKH0338_034_3-NAT00Z02HJO.webm", "https://www.openbeelden.nl/files/10/36/1036485.1036466.VKH0338_034_3-NAT00Z02HJO.ogv", "https://www.openbeelden.nl/files/10/36/1036487.1036466.VKH0338_034_3-NAT00Z02HJO.ogv", "https://www.openbeelden.nl/files/10/36/1036491.1036466.VKH0338_034_3_NAT00Z02HJO.m3u8", "https://www.openbeelden.nl/images/1038106/Een_rups_van_een_spanner_draait_in_de_wind_%280_33%29.png"], "identifier": ["4733720"], "source": ["VKH0338_034_3-NAT00Z02HJO.mp4"], "language": ["nl"], "references": [null], "mediator": [null], "spatial": ["Vlakwater", "Nederland", "Limburg", "Venray", "Noord-Limburg"], "attributionName": ["Veldkijker (producent);Boris Berents (camera);Stichting Natuurbeelden"], "attributionURL": ["https://www.openbeelden.nl/media/1036462"], "license": ["https://creativecommons.org/licenses/by-sa/3.0/nl/"]}