{"title": ["Een sluipwesp steekt legboor in droge stengel"], "alternative": [null], "creator": ["Veldkijker (producent);Boris Berents (camera);Stichting Natuurbeelden"], "subject": ["Apocrita", "Hymenoptera", "Ichneumonidae spec", "bij-achtigen", "bossen", "buitenopname", "close", "exterieur", "extreem close", "fauna", "gewone sluipwespen spec", "insecten", "middag", "vliesvleugeligen", "voortplanten", "zomer"], "description": ["Clip gemaakt in de natuur uit de collectie van Stichting Natuurbeelden (www.natuurbeelden.nl)."], "abstract": ["Een sluipwesp loopt over een droge, gebroken holle stengel alsof ze iets zoekt. Vervolgens steekt de sluipwesp haar legboor in de stengel en loopt weg. De scherpte wisselt een beetje. Samengestelde clip."], "publisher": ["Stichting  Natuurbeelden", "https://www.openbeelden.nl/users/stichting_natuurbeelden"], "contributor": ["Stichting Natuurbeelden", "http://www.openbeelden.nl/users/stichting_natuurbeelden"], "date": ["2012-01-01"], "type": ["Moving Image"], "extent": ["PT56S"], "medium": ["https://www.openbeelden.nl/files/10/37/1037738.1037735.VKH0399_043_2-NAT00Z02HDH.mp4", "https://www.openbeelden.nl/files/10/37/1037740.1037735.VKH0399_043_2-NAT00Z02HDH.mp4", "https://www.openbeelden.nl/files/10/37/1037735.VKH0399_043_2-NAT00Z02HDH.mp4", "https://www.openbeelden.nl/files/10/37/1037742.1037735.VKH0399_043_2-NAT00Z02HDH.webm", "https://www.openbeelden.nl/files/10/37/1037744.1037735.VKH0399_043_2-NAT00Z02HDH.ogv", "https://www.openbeelden.nl/files/10/37/1037746.1037735.VKH0399_043_2-NAT00Z02HDH.ogv", "https://www.openbeelden.nl/files/10/37/1037748.1037735.VKH0399_043_2_NAT00Z02HDH.m3u8", "https://www.openbeelden.nl/images/1038056/Een_sluipwesp_steekt_legboor_in_droge_stengel_%280_28%29.png"], "identifier": ["4733773"], "source": ["VKH0399_043_2-NAT00Z02HDH.mp4"], "language": ["nl"], "references": [null], "mediator": [null], "spatial": ["Nederland", "Limburg", "Venray", "Boschhuizerbergen", "Noord-Limburg"], "attributionName": ["Veldkijker (producent);Boris Berents (camera);Stichting Natuurbeelden"], "attributionURL": ["https://www.openbeelden.nl/media/1037731"], "license": ["https://creativecommons.org/licenses/by-sa/3.0/nl/"]}