{"title": ["Een icarusblauwtje (mannetje) warmt zich op"], "alternative": [null], "creator": ["Veldkijker (producent);Boris Berents (camera);Stichting Natuurbeelden"], "subject": ["Lepidoptera", "Lycaenidae", "Polyommatus icarus", "blauwtjes", "bossen", "buitenopname", "cultuurlandschappen", "exterieur", "fauna", "icarusblauwtje", "opwarmen", "totaal", "vlinders", "zomer", "zonsopgang"], "description": ["Clip gemaakt in de natuur uit de collectie van Stichting Natuurbeelden (www.natuurbeelden.nl)."], "abstract": ["Een icarusblauwtje (mannetje) zit met opengevouwen vleugels in de zon op een grashalm te zonnen in de ochtendzon. De vlinder vouwt de vleugels dicht en draait aan de grashalm."], "publisher": ["Stichting  Natuurbeelden", "https://www.openbeelden.nl/users/stichting_natuurbeelden"], "contributor": ["Stichting Natuurbeelden", "http://www.openbeelden.nl/users/stichting_natuurbeelden"], "date": ["2012-01-01"], "type": ["Moving Image"], "extent": ["PT1M2S"], "medium": ["https://www.openbeelden.nl/files/10/37/1037429.1037426.VKH0402_016_1-NAT00Z02HDU.mp4", "https://www.openbeelden.nl/files/10/37/1037431.1037426.VKH0402_016_1-NAT00Z02HDU.mp4", "https://www.openbeelden.nl/files/10/37/1037426.VKH0402_016_1-NAT00Z02HDU.mp4", "https://www.openbeelden.nl/files/10/37/1037433.1037426.VKH0402_016_1-NAT00Z02HDU.webm", "https://www.openbeelden.nl/files/10/37/1037435.1037426.VKH0402_016_1-NAT00Z02HDU.ogv", "https://www.openbeelden.nl/files/10/37/1037437.1037426.VKH0402_016_1-NAT00Z02HDU.ogv", "https://www.openbeelden.nl/files/10/37/1037440.1037426.VKH0402_016_1_NAT00Z02HDU.m3u8", "https://www.openbeelden.nl/images/1038069/Een_icarusblauwtje_%28mannetje%29_warmt_zich_op_%280_31%29.png"], "identifier": ["4733761"], "source": ["VKH0402_016_1-NAT00Z02HDU.mp4"], "language": ["nl"], "references": [null], "mediator": [null], "spatial": ["Nederland", "Limburg", "Vliegveldbossen", "Noord-Limburg", "Merselo"], "attributionName": ["Veldkijker (producent);Boris Berents (camera);Stichting Natuurbeelden"], "attributionURL": ["https://www.openbeelden.nl/media/1037422"], "license": ["https://creativecommons.org/licenses/by-sa/3.0/nl/"]}