{"title": ["Een wespspin hangt in haar web"], "alternative": [null], "creator": ["Veldkijker (producent);Willem Berents (camera);Stichting Natuurbeelden"], "subject": ["Arachnida", "Araneae", "Araneidae", "Argiope bruennichi", "Arthropoda", "buitenopname", "close", "cultuurlandschappen", "exterieur", "fauna", "geleedpotigen", "ochtend", "spinachtigen", "spinnen", "wespspin", "wielwebspinnen", "zomer"], "description": ["Clip gemaakt in de natuur uit de collectie van Stichting Natuurbeelden (www.natuurbeelden.nl)."], "abstract": ["Een wespspin in haar web. De spin is in close up. De beharing op de poten en palpen is goed zichtbaar, evenals de tekening op het lijf."], "publisher": ["Stichting  Natuurbeelden", "https://www.openbeelden.nl/users/stichting_natuurbeelden"], "contributor": ["Stichting Natuurbeelden", "http://www.openbeelden.nl/users/stichting_natuurbeelden"], "date": ["2012-01-01"], "type": ["Moving Image"], "extent": ["PT1M14S"], "medium": ["https://www.openbeelden.nl/files/10/37/1037091.1037077.VKH0410_007_2-NAT00Z02HE8.mp4", "https://www.openbeelden.nl/files/10/37/1037093.1037077.VKH0410_007_2-NAT00Z02HE8.mp4", "https://www.openbeelden.nl/files/10/37/1037077.VKH0410_007_2-NAT00Z02HE8.mp4", "https://www.openbeelden.nl/files/10/37/1037095.1037077.VKH0410_007_2-NAT00Z02HE8.webm", "https://www.openbeelden.nl/files/10/37/1037097.1037077.VKH0410_007_2-NAT00Z02HE8.ogv", "https://www.openbeelden.nl/files/10/37/1037099.1037077.VKH0410_007_2-NAT00Z02HE8.ogv", "https://www.openbeelden.nl/files/10/37/1037111.1037077.VKH0410_007_2_NAT00Z02HE8.m3u8", "https://www.openbeelden.nl/images/1038082/Een_wespspin_hangt_in_haar_web_%280_37%29.png"], "identifier": ["4733747"], "source": ["VKH0410_007_2-NAT00Z02HE8.mp4"], "language": ["nl"], "references": [null], "mediator": [null], "spatial": ["Nederland", "Limburg", "Vliegveldbossen", "Noord-Limburg", "Merselo"], "attributionName": ["Veldkijker (producent);Willem Berents (camera);Stichting Natuurbeelden"], "attributionURL": ["https://www.openbeelden.nl/media/1037072"], "license": ["https://creativecommons.org/licenses/by-sa/3.0/nl/"]}