{"title": ["Een phegeavlinder vliegt nabij foeragerende vlinder"], "alternative": [null], "creator": ["Veldkijker (producent);Willem Berents (camera);Stichting Natuurbeelden"], "subject": ["Amata phegea", "Arctiinae", "Chamerion angustifolium (L.)", "Erebidae", "Lepidoptera", "beervlinders", "buitenopname", "exterieur", "fauna", "flora", "foerageren", "heide", "melkdrupje", "ochtend", "phegeavlinder", "planten", "spinneruilen", "vlinders", "voortplantingsgedrag", "wijd", "wilgenroosjes", "zomer"], "description": ["Clip gemaakt in de natuur uit de collectie van Stichting Natuurbeelden (www.natuurbeelden.nl)."], "abstract": ["Een phegeavlinder vliegt vlakbij een tweede phegeavlinder die foerageert in een bloem van het wilgenroosje. Als de foeragerende vlinder geen interesse toont, vliegt de eerst vlinder weg. Wiegende beweging door wind."], "publisher": ["Stichting  Natuurbeelden", "https://www.openbeelden.nl/users/stichting_natuurbeelden"], "contributor": ["Stichting Natuurbeelden", "http://www.openbeelden.nl/users/stichting_natuurbeelden"], "date": ["2012-01-01"], "type": ["Moving Image"], "extent": ["PT15S"], "medium": ["https://www.openbeelden.nl/files/10/38/1038420.1038411.VKH0390_016_1-NAT00Z02HC7.mp4", "https://www.openbeelden.nl/files/10/38/1038422.1038411.VKH0390_016_1-NAT00Z02HC7.mp4", "https://www.openbeelden.nl/files/10/38/1038411.VKH0390_016_1-NAT00Z02HC7.mp4", "https://www.openbeelden.nl/files/10/38/1038424.1038411.VKH0390_016_1-NAT00Z02HC7.webm", "https://www.openbeelden.nl/files/10/38/1038426.1038411.VKH0390_016_1-NAT00Z02HC7.ogv", "https://www.openbeelden.nl/files/10/38/1038428.1038411.VKH0390_016_1-NAT00Z02HC7.ogv", "https://www.openbeelden.nl/files/10/38/1038435.1038411.VKH0390_016_1_NAT00Z02HC7.m3u8", "https://www.openbeelden.nl/images/1038627/Een_phegeavlinder_vliegt_nabij_foeragerende_vlinder_%280_07%29.png"], "identifier": ["4733798"], "source": ["VKH0390_016_1-NAT00Z02HC7.mp4"], "language": ["nl"], "references": [null], "mediator": [null], "spatial": ["Nederland", "Strabrechtse heide", "Noord-Brabant"], "attributionName": ["Veldkijker (producent);Willem Berents (camera);Stichting Natuurbeelden"], "attributionURL": ["https://www.openbeelden.nl/media/1038407"], "license": ["https://creativecommons.org/licenses/by-sa/3.0/nl/"]}