{"title": ["Bloemknoppen van gewone dopheide"], "alternative": [null], "creator": ["Veldkijker (producent);Willem Berents (camera);Stichting Natuurbeelden"], "subject": ["Angiospermae", "Embryophyta", "Erica", "Erica tetralix", "Ericaceae", "Spermatopsida", "bedektzadigen", "bossen", "buitenopname", "dophei", "exterieur", "extreem close", "flora", "gewone dophei", "heifamilie", "landplanten", "middag", "planten", "vennen", "voorjaar", "zaadplanten"], "description": ["Clip gemaakt in de natuur uit de collectie van Stichting Natuurbeelden (www.natuurbeelden.nl)."], "abstract": ["Een schermvormige tros bloemknoppen van de gewone dopheide. De bloemen staan op het punt om te gaan bloeien."], "publisher": ["Stichting  Natuurbeelden", "https://www.openbeelden.nl/users/stichting_natuurbeelden"], "contributor": ["Stichting Natuurbeelden", "http://www.openbeelden.nl/users/stichting_natuurbeelden"], "date": ["2012-01-01"], "type": ["Moving Image"], "extent": ["PT35S"], "medium": ["https://www.openbeelden.nl/files/10/39/1039232.1039205.VKH0385_062_1-NAT00Z034UY.mp4", "https://www.openbeelden.nl/files/10/39/1039234.1039205.VKH0385_062_1-NAT00Z034UY.mp4", "https://www.openbeelden.nl/files/10/39/1039205.VKH0385_062_1-NAT00Z034UY.mp4", "https://www.openbeelden.nl/files/10/39/1039236.1039205.VKH0385_062_1-NAT00Z034UY.webm", "https://www.openbeelden.nl/files/10/39/1039238.1039205.VKH0385_062_1-NAT00Z034UY.ogv", "https://www.openbeelden.nl/files/10/39/1039240.1039205.VKH0385_062_1-NAT00Z034UY.ogv", "https://www.openbeelden.nl/files/10/39/1039244.1039205.VKH0385_062_1_NAT00Z034UY.m3u8", "https://www.openbeelden.nl/images/1039516/Bloemknoppen_van_gewone_dopheide_%280_17%29.png"], "identifier": ["4870834"], "source": ["VKH0385_062_1-NAT00Z034UY.mp4"], "language": ["nl"], "references": [null], "mediator": [null], "spatial": ["Ysselsteyn", "Nederland", "Limburg", "Rouwkuilen", "Noord-Limburg"], "attributionName": ["Veldkijker (producent);Willem Berents (camera);Stichting Natuurbeelden"], "attributionURL": ["https://www.openbeelden.nl/media/1039200"], "license": ["https://creativecommons.org/licenses/by-sa/3.0/nl/"]}