{"title": ["Bloemen van muskuskaasjeskruid in close-up"], "alternative": [null], "creator": ["Veldkijker (producent);Boris Berents (camera);Stichting Natuurbeelden"], "subject": ["Angiospermae", "Embryophyta", "Malva", "Malva moschata", "Malvaceae", "Spermatopsida", "bedektzadigen", "bossen", "buitenopname", "exterieur", "extreem close", "flora", "kaasjeskruid", "kaasjeskruidfamilie", "landplanten", "middag", "muskuskaasjeskruid", "planten", "zaadplanten", "zomer"], "description": ["Clip gemaakt in de natuur uit de collectie van Stichting Natuurbeelden (www.natuurbeelden.nl)."], "abstract": ["Extreme close-up van de vruchtbare delen van enkele bloemen van muskuskaasjeskruid. De meeldraden en de stijlen zijn vol in beeld. Samengestelde clip."], "publisher": ["Stichting  Natuurbeelden", "https://www.openbeelden.nl/users/stichting_natuurbeelden"], "contributor": ["Stichting Natuurbeelden", "http://www.openbeelden.nl/users/stichting_natuurbeelden"], "date": ["2012-01-01"], "type": ["Moving Image"], "extent": ["PT1M34S"], "medium": ["https://www.openbeelden.nl/files/10/40/1040540.1040537.VKH0399_003_4-NAT00Z034ZS.mp4", "https://www.openbeelden.nl/files/10/40/1040542.1040537.VKH0399_003_4-NAT00Z034ZS.mp4", "https://www.openbeelden.nl/files/10/40/1040537.VKH0399_003_4-NAT00Z034ZS.mp4", "https://www.openbeelden.nl/files/10/40/1040544.1040537.VKH0399_003_4-NAT00Z034ZS.webm", "https://www.openbeelden.nl/files/10/40/1040546.1040537.VKH0399_003_4-NAT00Z034ZS.ogv", "https://www.openbeelden.nl/files/10/40/1040548.1040537.VKH0399_003_4-NAT00Z034ZS.ogv", "https://www.openbeelden.nl/files/10/40/1040553.1040537.VKH0399_003_4_NAT00Z034ZS.m3u8", "https://www.openbeelden.nl/images/1040593/Bloemen_van_muskuskaasjeskruid_in_close-up_%280_47%29.png"], "identifier": ["4870886"], "source": ["VKH0399_003_4-NAT00Z034ZS.mp4"], "language": ["nl"], "references": [null], "mediator": [null], "spatial": ["Nederland", "Boshuizerbergen", "Limburg", "Noord-Limburg"], "attributionName": ["Veldkijker (producent);Boris Berents (camera);Stichting Natuurbeelden"], "attributionURL": ["https://www.openbeelden.nl/media/1040533"], "license": ["https://creativecommons.org/licenses/by-sa/3.0/nl/"]}