{"title": ["Een grote groep veenpluis"], "alternative": [null], "creator": ["Veldkijker (producent);Willem Berents (camera);Stichting Natuurbeelden"], "subject": ["Angiospermae", "Cyperaceae", "Embryophyta", "Eriophorum", "Eriophorum angustifolium", "Spermatopsida", "bedektzadigen", "buitenopname", "close", "cypergrassen", "exterieur", "flora", "heide", "hoogveen", "landplanten", "ochtend", "planten", "veenpluis", "wollegras", "zaadplanten", "zomer"], "description": ["Clip gemaakt in de natuur uit de collectie van Stichting Natuurbeelden (www.natuurbeelden.nl)."], "abstract": ["Een individuele stengel van veenpluis, met meerdere vruchtpluizen. Eerst is zijn de vruchtpluizen aan dezelfde stengel zichtbaar, gevolgd door een tilt langs de stengel omlaag tot op het punt waarbij een langwerpig blad is aangehecht. De clip eindigt met een vruchtpluis die vol in beeld komt."], "publisher": ["Stichting  Natuurbeelden", "https://www.openbeelden.nl/users/stichting_natuurbeelden"], "contributor": ["Stichting Natuurbeelden", "http://www.openbeelden.nl/users/stichting_natuurbeelden"], "date": ["2012-01-01"], "type": ["Moving Image"], "extent": ["PT1M7S"], "medium": ["https://www.openbeelden.nl/files/10/41/1041507.1041498.VKH0386_030_3-NAT00Z034YH.mp4", "https://www.openbeelden.nl/files/10/41/1041509.1041498.VKH0386_030_3-NAT00Z034YH.mp4", "https://www.openbeelden.nl/files/10/41/1041498.VKH0386_030_3-NAT00Z034YH.mp4", "https://www.openbeelden.nl/files/10/41/1041511.1041498.VKH0386_030_3-NAT00Z034YH.webm", "https://www.openbeelden.nl/files/10/41/1041513.1041498.VKH0386_030_3-NAT00Z034YH.ogv", "https://www.openbeelden.nl/files/10/41/1041515.1041498.VKH0386_030_3-NAT00Z034YH.ogv", "https://www.openbeelden.nl/files/10/41/1041545.1041498.VKH0386_030_3_NAT00Z034YH.m3u8", "https://www.openbeelden.nl/images/1041663/Een_grote_groep_veenpluis_%280_33%29.png"], "identifier": ["4870925"], "source": ["VKH0386_030_3-NAT00Z034YH.mp4"], "language": ["nl"], "references": [null], "mediator": [null], "spatial": ["Deurnese Peel", "Nederland", "De Bult", "Noord-Brabant"], "attributionName": ["Veldkijker (producent);Willem Berents (camera);Stichting Natuurbeelden"], "attributionURL": ["https://www.openbeelden.nl/media/1041494"], "license": ["https://creativecommons.org/licenses/by-sa/3.0/nl/"]}