{"title": ["Vruchtjes in ontwikkeling van zegge"], "alternative": [null], "creator": ["Veldkijker (producent);Willem Berents (camera);Stichting Natuurbeelden"], "subject": ["Angiospermae", "Carex spec", "Cyperaceae", "Embryophyta", "Spermatopsida", "bedektzadigen", "bossen", "buitenopname", "cypergrassen", "exterieur", "extreem close", "flora", "landplanten", "planten", "zaadplanten", "zegge spec", "zomer", "zonsondergang"], "description": ["Clip gemaakt in de natuur uit de collectie van Stichting Natuurbeelden (www.natuurbeelden.nl)."], "abstract": ["Close-up van aren van een zegge spec waarbij de vruchtjes (nootjes) in diverse stadia van ontwikkeling zichtbaar zijn. Diverse kaders. Samengestelde clip."], "publisher": ["Stichting  Natuurbeelden", "https://www.openbeelden.nl/users/stichting_natuurbeelden"], "contributor": ["Stichting Natuurbeelden", "http://www.openbeelden.nl/users/stichting_natuurbeelden"], "date": ["2012-01-01"], "type": ["Moving Image"], "extent": ["PT1M57S"], "medium": ["https://www.openbeelden.nl/files/10/41/1041859.1041840.VKH0405_041_4-NAT00Z0351Z.mp4", "https://www.openbeelden.nl/files/10/41/1041861.1041840.VKH0405_041_4-NAT00Z0351Z.mp4", "https://www.openbeelden.nl/files/10/41/1041840.VKH0405_041_4-NAT00Z0351Z.mp4", "https://www.openbeelden.nl/files/10/41/1041863.1041840.VKH0405_041_4-NAT00Z0351Z.webm", "https://www.openbeelden.nl/files/10/41/1041865.1041840.VKH0405_041_4-NAT00Z0351Z.ogv", "https://www.openbeelden.nl/files/10/41/1041867.1041840.VKH0405_041_4-NAT00Z0351Z.ogv", "https://www.openbeelden.nl/files/10/41/1041893.1041840.VKH0405_041_4_NAT00Z0351Z.m3u8", "https://www.openbeelden.nl/images/1087356/Vruchtjes_in_ontwikkeling_van_zegge_%280_58%29.png"], "identifier": ["4870940"], "source": ["VKH0405_041_4-NAT00Z0351Z.mp4"], "language": ["nl"], "references": [null], "mediator": [null], "spatial": ["Nederland", "Boshuizerbergen", "Limburg", "Noord-Limburg"], "attributionName": ["Veldkijker (producent);Willem Berents (camera);Stichting Natuurbeelden"], "attributionURL": ["https://www.openbeelden.nl/media/1041836"], "license": ["https://creativecommons.org/licenses/by-sa/3.0/nl/"]}