{"title": ["Camerabeweging langs stengels van bloeiende zegge"], "alternative": [null], "creator": ["Veldkijker (producent);Willem Berents (camera);Stichting Natuurbeelden"], "subject": ["Angiospermae", "Carex spec", "Cyperaceae", "Embryophyta", "Spermatopsida", "bedektzadigen", "bossen", "buitenopname", "close", "cypergrassen", "exterieur", "flora", "landplanten", "planten", "zaadplanten", "zegge spec", "zomer", "zonsondergang"], "description": ["Clip gemaakt in de natuur uit de collectie van Stichting Natuurbeelden (www.natuurbeelden.nl)."], "abstract": ["Eerst is een dikke pol van een zegge spec in beeld. Vervolgens beweegt de camera langs de stengels omhoog naar de aren vol bloempjes en vruchtjes. Ook de smalle bladeren die onder de aren afsplitsen van de stengel zijn zichtbaar. Samengestelde clip."], "publisher": ["Stichting  Natuurbeelden", "https://www.openbeelden.nl/users/stichting_natuurbeelden"], "contributor": ["Stichting Natuurbeelden", "http://www.openbeelden.nl/users/stichting_natuurbeelden"], "date": ["2012-01-01"], "type": ["Moving Image"], "extent": ["PT1M12S"], "medium": ["https://www.openbeelden.nl/files/10/41/1041905.1041902.VKH0405_018_2-NAT00Z034ZZ.mp4", "https://www.openbeelden.nl/files/10/41/1041907.1041902.VKH0405_018_2-NAT00Z034ZZ.mp4", "https://www.openbeelden.nl/files/10/41/1041902.VKH0405_018_2-NAT00Z034ZZ.mp4", "https://www.openbeelden.nl/files/10/41/1041909.1041902.VKH0405_018_2-NAT00Z034ZZ.webm", "https://www.openbeelden.nl/files/10/41/1041911.1041902.VKH0405_018_2-NAT00Z034ZZ.ogv", "https://www.openbeelden.nl/files/10/41/1041913.1041902.VKH0405_018_2-NAT00Z034ZZ.ogv", "https://www.openbeelden.nl/files/10/41/1041915.1041902.VKH0405_018_2_NAT00Z034ZZ.m3u8", "https://www.openbeelden.nl/images/1087355/Camerabeweging_langs_stengels_van_bloeiende_zegge_%280_36%29.png"], "identifier": ["4870942"], "source": ["VKH0405_018_2-NAT00Z034ZZ.mp4"], "language": ["nl"], "references": [null], "mediator": [null], "spatial": ["Nederland", "Boshuizerbergen", "Limburg", "Noord-Limburg"], "attributionName": ["Veldkijker (producent);Willem Berents (camera);Stichting Natuurbeelden"], "attributionURL": ["https://www.openbeelden.nl/media/1041898"], "license": ["https://creativecommons.org/licenses/by-sa/3.0/nl/"]}