{"title": ["Buisbloemen van de blauwe knoop"], "alternative": [null], "creator": ["Veldkijker (producent);Willem Berents (camera);Stichting Natuurbeelden"], "subject": ["Angiospermae", "Caprifoliaceae", "Embryophyta", "Spermatopsida", "Succisa pratensis", "bedektzadigen", "blauwe knoop", "bossen", "buitenopname", "close", "exterieur", "extreem close", "flora", "kamperfoeliefamilie", "landplanten", "ochtend", "planten", "zaadplanten", "zandverstuivingen", "zomer"], "description": ["Clip gemaakt in de natuur uit de collectie van Stichting Natuurbeelden (www.natuurbeelden.nl)."], "abstract": ["In een reeks opeenvolgende kaders komen de buisbloempjes van de blauwe knoop steeds nadrukkelijker in beeld. Eerst is een bloeistengel te zien met een cluster buisbloempjes op een bloeiwijzebodem aan een bloeistengel. De blauwe bloemblaadjes zijn goed te onderscheiden, evenals de lange stijlen en meeldraden. Een van de buisbloempjes is al verwelkt. Eerst zijn de buisbloempjes helemaal in beeld. Uiteindelijk zijn vooral de lange stijlen te zien. Diverse kaders. Samengestelde clip."], "publisher": ["Stichting  Natuurbeelden", "https://www.openbeelden.nl/users/stichting_natuurbeelden"], "contributor": ["Stichting Natuurbeelden", "http://www.openbeelden.nl/users/stichting_natuurbeelden"], "date": ["2012-01-01"], "type": ["Moving Image"], "extent": ["PT3M55S"], "medium": ["https://www.openbeelden.nl/files/10/42/1042117.1042104.VKH0400_005_6-NAT00Z034RC.mp4", "https://www.openbeelden.nl/files/10/42/1042119.1042104.VKH0400_005_6-NAT00Z034RC.mp4", "https://www.openbeelden.nl/files/10/42/1042104.VKH0400_005_6-NAT00Z034RC.mp4", "https://www.openbeelden.nl/files/10/42/1042121.1042104.VKH0400_005_6-NAT00Z034RC.webm", "https://www.openbeelden.nl/files/10/42/1042123.1042104.VKH0400_005_6-NAT00Z034RC.ogv", "https://www.openbeelden.nl/files/10/42/1042125.1042104.VKH0400_005_6-NAT00Z034RC.ogv", "https://www.openbeelden.nl/files/10/42/1042133.1042104.VKH0400_005_6_NAT00Z034RC.m3u8", "https://www.openbeelden.nl/images/1087347/Buisbloemen_van_de_blauwe_knoop_%281_57%29.png"], "identifier": ["4870951"], "source": ["VKH0400_005_6-NAT00Z034RC.mp4"], "language": ["nl"], "references": [null], "mediator": [null], "spatial": ["Nederland", "Boshuizerbergen", "Limburg", "Noord-Limburg"], "attributionName": ["Veldkijker (producent);Willem Berents (camera);Stichting Natuurbeelden"], "attributionURL": ["https://www.openbeelden.nl/media/1042099"], "license": ["https://creativecommons.org/licenses/by-sa/3.0/nl/"]}