{"title": ["Knoppen van rododendron"], "alternative": [null], "creator": ["Veldkijker (producent);Willem Berents (camera);Stichting Natuurbeelden"], "subject": ["Angiospermae", "Embryophyta", "Ericaceae", "Rhododendron", "Rhododendron ponticum", "Spermatopsida", "bedektzadigen", "bossen", "buitenopname", "close", "exterieur", "flora", "heidefamilie", "landplanten", "middag", "planten", "pontische rododendron", "rododendron", "zaadplanten", "zomer"], "description": ["Clip gemaakt in de natuur uit de collectie van Stichting Natuurbeelden (www.natuurbeelden.nl)."], "abstract": ["Knoppen van de pontische rododendron in verschillende stadia van ontwikkeling. Eerst is een volledig gesloten knop in beeld, vervolgens een knop met de eerste sporen van de bloem, en daarna knoppen die nog verder open beginnen te gaan. Samengestelde clip."], "publisher": ["Stichting  Natuurbeelden", "https://www.openbeelden.nl/users/stichting_natuurbeelden"], "contributor": ["Stichting Natuurbeelden", "http://www.openbeelden.nl/users/stichting_natuurbeelden"], "date": ["2012-01-01"], "type": ["Moving Image"], "extent": ["PT2M9S"], "medium": ["https://www.openbeelden.nl/files/10/42/1042981.1042968.VKH0387_034_4-NAT00Z034QJ.mp4", "https://www.openbeelden.nl/files/10/42/1042983.1042968.VKH0387_034_4-NAT00Z034QJ.mp4", "https://www.openbeelden.nl/files/10/42/1042968.VKH0387_034_4-NAT00Z034QJ.mp4", "https://www.openbeelden.nl/files/10/42/1042985.1042968.VKH0387_034_4-NAT00Z034QJ.webm", "https://www.openbeelden.nl/files/10/42/1042987.1042968.VKH0387_034_4-NAT00Z034QJ.ogv", "https://www.openbeelden.nl/files/10/42/1042989.1042968.VKH0387_034_4-NAT00Z034QJ.ogv", "https://www.openbeelden.nl/files/10/42/1043005.1042968.VKH0387_034_4_NAT00Z034QJ.m3u8", "https://www.openbeelden.nl/images/1087307/Knoppen_van_rododendron_%281_04%29.png"], "identifier": ["4870989"], "source": ["VKH0387_034_4-NAT00Z034QJ.mp4"], "language": ["nl"], "references": [null], "mediator": [null], "spatial": ["Nederland", "Limburg", "Weverslo", "Noord-Limburg"], "attributionName": ["Veldkijker (producent);Willem Berents (camera);Stichting Natuurbeelden"], "attributionURL": ["https://www.openbeelden.nl/media/1042963"], "license": ["https://creativecommons.org/licenses/by-sa/3.0/nl/"]}