{"title": ["Klokjes van het weideklokje"], "alternative": [null], "creator": ["Veldkijker (producent);Willem Berents (camera);Stichting Natuurbeelden"], "subject": ["Angiospermae", "Campanula", "Campanula patula", "Campanulaceae", "Embryophyta", "Spermatopsida", "bedektzadigen", "bossen", "buitenopname", "close", "exterieur", "flora", "klokje", "klokjes", "landplanten", "middag", "planten", "weideklokje", "zaadplanten", "zomer"], "description": ["Clip gemaakt in de natuur uit de collectie van Stichting Natuurbeelden (www.natuurbeelden.nl)."], "abstract": ["Een aantal klokjes van het weideklokje in diverse kaders. De vorm en kleur van de bloemen steekt mooi af tegen de groene achtergrond. Samengestelde clip."], "publisher": ["Stichting  Natuurbeelden", "https://www.openbeelden.nl/users/stichting_natuurbeelden"], "contributor": ["Stichting Natuurbeelden", "http://www.openbeelden.nl/users/stichting_natuurbeelden"], "date": ["2012-01-01"], "type": ["Moving Image"], "extent": ["PT2M34S"], "medium": ["https://www.openbeelden.nl/files/10/42/1042050.1042041.VKH0400_066_5-NAT00Z034RE.mp4", "https://www.openbeelden.nl/files/10/42/1042052.1042041.VKH0400_066_5-NAT00Z034RE.mp4", "https://www.openbeelden.nl/files/10/42/1042041.VKH0400_066_5-NAT00Z034RE.mp4", "https://www.openbeelden.nl/files/10/42/1042054.1042041.VKH0400_066_5-NAT00Z034RE.webm", "https://www.openbeelden.nl/files/10/42/1042056.1042041.VKH0400_066_5-NAT00Z034RE.ogv", "https://www.openbeelden.nl/files/10/42/1042058.1042041.VKH0400_066_5-NAT00Z034RE.ogv", "https://www.openbeelden.nl/files/10/42/1042091.1042041.VKH0400_066_5_NAT00Z034RE.m3u8", "https://www.openbeelden.nl/images/1087348/Klokjes_van_het_weideklokje_%281_17%29.png"], "identifier": ["4870948"], "source": ["VKH0400_066_5-NAT00Z034RE.mp4"], "language": ["nl"], "references": [null], "mediator": [null], "spatial": ["Nederland", "Boshuizerbergen", "Limburg", "Noord-Limburg"], "attributionName": ["Veldkijker (producent);Willem Berents (camera);Stichting Natuurbeelden"], "attributionURL": ["https://www.openbeelden.nl/media/1042037"], "license": ["https://creativecommons.org/licenses/by-sa/3.0/nl/"]}