{"title": ["Een zode fraai haarmos"], "alternative": [null], "creator": ["Veldkijker (producent);Boris Berents (camera);Stichting Natuurbeelden"], "subject": ["Bryophyta Schimper", "Embryophyta", "Polytrichum", "Polytrichum formosum", "broekbossen", "buitenopname", "close", "exterieur", "flora", "fraai haarmos", "haarmossen", "landplanten", "middag", "moerassen", "mossen", "planten", "totaal", "vennen", "voorjaar"], "description": ["Clip gemaakt in de natuur uit de collectie van Stichting Natuurbeelden (www.natuurbeelden.nl)."], "abstract": ["Een zode van het fraai haarmos met sporofyten. Eerst is de zode te zien, vervolgens zoomt de camera in op de sporofyten. Daarna wordt er weer uitgezoomd naar het totaal."], "publisher": ["Stichting  Natuurbeelden", "https://www.openbeelden.nl/users/stichting_natuurbeelden"], "contributor": ["Stichting Natuurbeelden", "http://www.openbeelden.nl/users/stichting_natuurbeelden"], "date": ["2012-01-01"], "type": ["Moving Image"], "extent": ["PT52S"], "medium": ["https://www.openbeelden.nl/files/10/43/1043838.1043835.VKH0338_037_3-NAT00Z034KR.mp4", "https://www.openbeelden.nl/files/10/43/1043840.1043835.VKH0338_037_3-NAT00Z034KR.mp4", "https://www.openbeelden.nl/files/10/43/1043835.VKH0338_037_3-NAT00Z034KR.mp4", "https://www.openbeelden.nl/files/10/43/1043842.1043835.VKH0338_037_3-NAT00Z034KR.webm", "https://www.openbeelden.nl/files/10/43/1043844.1043835.VKH0338_037_3-NAT00Z034KR.ogv", "https://www.openbeelden.nl/files/10/43/1043846.1043835.VKH0338_037_3-NAT00Z034KR.ogv", "https://www.openbeelden.nl/files/10/43/1043849.1043835.VKH0338_037_3_NAT00Z034KR.m3u8", "https://www.openbeelden.nl/images/1046036/Een_zode_fraai_haarmos_%280_26%29.png"], "identifier": ["4871024"], "source": ["VKH0338_037_3-NAT00Z034KR.mp4"], "language": ["nl"], "references": [null], "mediator": [null], "spatial": ["Nederland", "Limburg", "Castenrayse Vennen", "Noord-Limburg"], "attributionName": ["Veldkijker (producent);Boris Berents (camera);Stichting Natuurbeelden"], "attributionURL": ["https://www.openbeelden.nl/media/1043831"], "license": ["https://creativecommons.org/licenses/by-sa/3.0/nl/"]}