{"title": ["Bloemen van de dagkoekoeksbloem"], "alternative": [null], "creator": ["Veldkijker (producent);Willem Berents (camera);Stichting Natuurbeelden"], "subject": ["Angiospermae", "Caryophyllaceae", "Embryophyta", "Silene", "Silene dioica", "Spermatopsida", "anjerfamilie", "bedektzadigen", "bossen", "buitenopname", "close", "dagkoekoeksbloem", "exterieur", "flora", "landplanten", "ochtend", "planten", "zaadplanten", "zomer"], "description": ["Clip gemaakt in de natuur uit de collectie van Stichting Natuurbeelden (www.natuurbeelden.nl)."], "abstract": ["Enkele bloeiende toppen van de dagkoekoeksbloem. De vorm van de bloemkelk en de diep ingesneden kroonbladeren zijn goed te zien. Onder de bloeiende bloemen zijn bladeren zichtbaar. Diverse kaders. Samengestelde clip."], "publisher": ["Stichting  Natuurbeelden", "https://www.openbeelden.nl/users/stichting_natuurbeelden"], "contributor": ["Stichting Natuurbeelden", "http://www.openbeelden.nl/users/stichting_natuurbeelden"], "date": ["2012-01-01"], "type": ["Moving Image"], "extent": ["PT1M57S"], "medium": ["https://www.openbeelden.nl/files/10/43/1043308.1043299.VKH0383_093_4-NAT00Z034Q1.mp4", "https://www.openbeelden.nl/files/10/43/1043310.1043299.VKH0383_093_4-NAT00Z034Q1.mp4", "https://www.openbeelden.nl/files/10/43/1043299.VKH0383_093_4-NAT00Z034Q1.mp4", "https://www.openbeelden.nl/files/10/43/1043312.1043299.VKH0383_093_4-NAT00Z034Q1.webm", "https://www.openbeelden.nl/files/10/43/1043314.1043299.VKH0383_093_4-NAT00Z034Q1.ogv", "https://www.openbeelden.nl/files/10/43/1043316.1043299.VKH0383_093_4-NAT00Z034Q1.ogv", "https://www.openbeelden.nl/files/10/43/1043348.1043299.VKH0383_093_4_NAT00Z034Q1.m3u8", "https://www.openbeelden.nl/images/1087294/Bloemen_van_de_dagkoekoeksbloem_%280_58%29.png"], "identifier": ["4871002"], "source": ["VKH0383_093_4-NAT00Z034Q1.mp4"], "language": ["nl"], "references": [null], "mediator": [null], "spatial": ["Nederland", "Flevoland", "Almere"], "attributionName": ["Veldkijker (producent);Willem Berents (camera);Stichting Natuurbeelden"], "attributionURL": ["https://www.openbeelden.nl/media/1043295"], "license": ["https://creativecommons.org/licenses/by-sa/3.0/nl/"]}