{"title": ["Vruchten van gewone smeerwortel"], "alternative": [null], "creator": ["Veldkijker (producent);Willem Berents (camera);Stichting Natuurbeelden"], "subject": ["Angiospermae", "Boraginaceae", "Embryophyta", "Spermatopsida", "Symphytum", "Symphytum officinale", "bedektzadigen", "braakliggende grond", "buitenopname", "close", "cultuurlandschappen", "exterieur", "extreem close", "flora", "gewone smeerwortel", "landplanten", "ochtend", "planten", "ruwbladigen", "smeerwortel", "zaadplanten", "zomer"], "description": ["Clip gemaakt in de natuur uit de collectie van Stichting Natuurbeelden (www.natuurbeelden.nl)."], "abstract": ["Uitgebloeide bloeistengels van gewone smeerwortel waarbij de kroonbladeren van de bloemen zijn verdwenen. De stijl is nog zichtbaar in de kelkjes. Diep verborgen in de kelkjes is vruchtontwikkeling zichtbaar. Er zijn telkens vier vruchtjes zichtbaar. Eerst zijn die groen, uiteindelijk bruin. Diverse kaders. Samengestelde clip."], "publisher": ["Stichting  Natuurbeelden", "https://www.openbeelden.nl/users/stichting_natuurbeelden"], "contributor": ["Stichting Natuurbeelden", "http://www.openbeelden.nl/users/stichting_natuurbeelden"], "date": ["2012-01-01"], "type": ["Moving Image"], "extent": ["PT1M30S"], "medium": ["https://www.openbeelden.nl/files/10/43/1043987.1043978.VKH0418_085_3-NAT00Z0350R.mp4", "https://www.openbeelden.nl/files/10/43/1043989.1043978.VKH0418_085_3-NAT00Z0350R.mp4", "https://www.openbeelden.nl/files/10/43/1043978.VKH0418_085_3-NAT00Z0350R.mp4", "https://www.openbeelden.nl/files/10/43/1043991.1043978.VKH0418_085_3-NAT00Z0350R.webm", "https://www.openbeelden.nl/files/10/43/1043993.1043978.VKH0418_085_3-NAT00Z0350R.ogv", "https://www.openbeelden.nl/files/10/43/1043995.1043978.VKH0418_085_3-NAT00Z0350R.ogv", "https://www.openbeelden.nl/files/10/43/1044025.1043978.VKH0418_085_3_NAT00Z0350R.m3u8", "https://www.openbeelden.nl/images/1046029/Vruchten_van_gewone_smeerwortel_%280_45%29.png"], "identifier": ["4871033"], "source": ["VKH0418_085_3-NAT00Z0350R.mp4"], "language": ["nl"], "references": [null], "mediator": [null], "spatial": ["Nederland", "Limburg", "Venray", "vliegveldbossen", "Noord-Limburg"], "attributionName": ["Veldkijker (producent);Willem Berents (camera);Stichting Natuurbeelden"], "attributionURL": ["https://www.openbeelden.nl/media/1043974"], "license": ["https://creativecommons.org/licenses/by-sa/3.0/nl/"]}