{"title": ["Bevruchte bloemen van struikheide in close-up"], "alternative": [null], "creator": ["Veldkijker (producent);Willem Berents (camera);Stichting Natuurbeelden"], "subject": ["Angiospermae", "Calluna vulgaris", "Embryophyta", "Ericaceae", "Spermatopsida", "avond", "bedektzadigen", "buitenopname", "exterieur", "extreem close", "flora", "heide", "heidefamilie", "landplanten", "planten", "struikheide", "zaadplanten", "zomer"], "description": ["Clip gemaakt in de natuur uit de collectie van Stichting Natuurbeelden (www.natuurbeelden.nl)."], "abstract": ["Bevruchte bloemen van de struikheide in close-up. De bloembaadjes zijn aan het verkleuren en de stijlen beginnen te verdrogen."], "publisher": ["Stichting  Natuurbeelden", "https://www.openbeelden.nl/users/stichting_natuurbeelden"], "contributor": ["Stichting Natuurbeelden", "http://www.openbeelden.nl/users/stichting_natuurbeelden"], "date": ["2012-01-01"], "type": ["Moving Image"], "extent": ["PT30S"], "medium": ["https://www.openbeelden.nl/files/10/44/1044406.1044403.VKH0416_024_1-NAT00Z034X2.mp4", "https://www.openbeelden.nl/files/10/44/1044408.1044403.VKH0416_024_1-NAT00Z034X2.mp4", "https://www.openbeelden.nl/files/10/44/1044403.VKH0416_024_1-NAT00Z034X2.mp4", "https://www.openbeelden.nl/files/10/44/1044410.1044403.VKH0416_024_1-NAT00Z034X2.webm", "https://www.openbeelden.nl/files/10/44/1044412.1044403.VKH0416_024_1-NAT00Z034X2.ogv", "https://www.openbeelden.nl/files/10/44/1044414.1044403.VKH0416_024_1-NAT00Z034X2.ogv", "https://www.openbeelden.nl/files/10/44/1044416.1044403.VKH0416_024_1_NAT00Z034X2.m3u8", "https://www.openbeelden.nl/images/1046014/Bevruchte_bloemen_van_struikheide_in_close-up_%280_15%29.png"], "identifier": ["4871050"], "source": ["VKH0416_024_1-NAT00Z034X2.mp4"], "language": ["nl"], "references": [null], "mediator": [null], "spatial": ["Nederland", "Maasduinen", "Limburg", "Noord-Limburg"], "attributionName": ["Veldkijker (producent);Willem Berents (camera);Stichting Natuurbeelden"], "attributionURL": ["https://www.openbeelden.nl/media/1044399"], "license": ["https://creativecommons.org/licenses/by-sa/3.0/nl/"]}