{"title": ["Haagwinde op vogelkers"], "alternative": [null], "creator": ["Veldkijker (producent);Willem Berents (camera);Stichting Natuurbeelden"], "subject": ["Angiospermae", "Convolvulaceae", "Convolvulus sepium", "Embryophyta", "Spermatopsida", "bedektzadigen", "buitenopname", "cultuurlandschappen", "exterieur", "flora", "haagwinde", "landplanten", "middag", "planten", "totaal", "windefamilie", "zaadplanten", "zomer"], "description": ["Clip gemaakt in de natuur uit de collectie van Stichting Natuurbeelden (www.natuurbeelden.nl)."], "abstract": ["Haagwinde heeft vogelkers overwoekerd. Aan de vogelkers zijn bessen zichtbaar. Ook het blad van de vogelkers is hier en daar nog goed te herkennen. De stengels van de haagwinde die zich om de vogelkers hebben gewonden zijn herkenbaar. Aan de stengels zitten volop bladeren. De haagwinde heeft enkele bloemen. Eerst is de top van de vogelkers met de haagwinde te zien. Daarna volgt een tilt omlaag naar de basis van de plant. Samengestelde clip."], "publisher": ["Stichting  Natuurbeelden", "https://www.openbeelden.nl/users/stichting_natuurbeelden"], "contributor": ["Stichting Natuurbeelden", "http://www.openbeelden.nl/users/stichting_natuurbeelden"], "date": ["2012-01-01"], "type": ["Moving Image"], "extent": ["PT1M1S"], "medium": ["https://www.openbeelden.nl/files/10/44/1044080.1044077.VKH0418_019_2-NAT00Z034XJ.mp4", "https://www.openbeelden.nl/files/10/44/1044082.1044077.VKH0418_019_2-NAT00Z034XJ.mp4", "https://www.openbeelden.nl/files/10/44/1044077.VKH0418_019_2-NAT00Z034XJ.mp4", "https://www.openbeelden.nl/files/10/44/1044084.1044077.VKH0418_019_2-NAT00Z034XJ.webm", "https://www.openbeelden.nl/files/10/44/1044086.1044077.VKH0418_019_2-NAT00Z034XJ.ogv", "https://www.openbeelden.nl/files/10/44/1044088.1044077.VKH0418_019_2-NAT00Z034XJ.ogv", "https://www.openbeelden.nl/files/10/44/1044090.1044077.VKH0418_019_2_NAT00Z034XJ.m3u8", "https://www.openbeelden.nl/images/1046026/Haagwinde_op_vogelkers_%280_30%29.png"], "identifier": ["4871037"], "source": ["VKH0418_019_2-NAT00Z034XJ.mp4"], "language": ["nl"], "references": [null], "mediator": [null], "spatial": ["Nederland", "Limburg", "Weverslo", "Noord-Limburg"], "attributionName": ["Veldkijker (producent);Willem Berents (camera);Stichting Natuurbeelden"], "attributionURL": ["https://www.openbeelden.nl/media/1044073"], "license": ["https://creativecommons.org/licenses/by-sa/3.0/nl/"]}