{"title": ["Camerabeweging langs stengel van de brede wespenorchis"], "alternative": [null], "creator": ["Veldkijker (producent);Willem Berents (camera);Stichting Natuurbeelden"], "subject": ["Angiospermae", "Embryophyta", "Epipactis", "Epipactis helleborine", "Orchidaceae", "Spermatopsida", "bedektzadigen", "bossen", "brede wespenorchis", "buitenopname", "close", "exterieur", "extreem close", "flora", "landplanten", "ochtend", "orchidee\u00ebnfamilie", "planten", "wespenorchis", "zaadplanten", "zomer"], "description": ["Clip gemaakt in de natuur uit de collectie van Stichting Natuurbeelden (www.natuurbeelden.nl)."], "abstract": ["Een top van de brede wespenorchis met een open bloem en enkele uitgebloeide bloemen. De camera beweegt vervolgens langs de stengel omlaag. Aan de stengel zitten tal van uitgebloeide bloemen. Samengestelde clip."], "publisher": ["Stichting  Natuurbeelden", "https://www.openbeelden.nl/users/stichting_natuurbeelden"], "contributor": ["Stichting Natuurbeelden", "http://www.openbeelden.nl/users/stichting_natuurbeelden"], "date": ["2012-01-01"], "type": ["Moving Image"], "extent": ["PT46S"], "medium": ["https://www.openbeelden.nl/files/10/45/1045222.1045208.VKH0400_048_2-NAT00Z034W3.mp4", "https://www.openbeelden.nl/files/10/45/1045224.1045208.VKH0400_048_2-NAT00Z034W3.mp4", "https://www.openbeelden.nl/files/10/45/1045208.VKH0400_048_2-NAT00Z034W3.mp4", "https://www.openbeelden.nl/files/10/45/1045226.1045208.VKH0400_048_2-NAT00Z034W3.webm", "https://www.openbeelden.nl/files/10/45/1045228.1045208.VKH0400_048_2-NAT00Z034W3.ogv", "https://www.openbeelden.nl/files/10/45/1045230.1045208.VKH0400_048_2-NAT00Z034W3.ogv", "https://www.openbeelden.nl/files/10/45/1045234.1045208.VKH0400_048_2_NAT00Z034W3.m3u8", "https://www.openbeelden.nl/images/1045981/Camerabeweging_langs_stengel_van_de_brede_wespenorchis_%280_23%29.png"], "identifier": ["4871083"], "source": ["VKH0400_048_2-NAT00Z034W3.mp4"], "language": ["nl"], "references": [null], "mediator": [null], "spatial": ["Nederland", "Boshuizerbergen", "Limburg", "Noord-Limburg"], "attributionName": ["Veldkijker (producent);Willem Berents (camera);Stichting Natuurbeelden"], "attributionURL": ["https://www.openbeelden.nl/media/1045204"], "license": ["https://creativecommons.org/licenses/by-sa/3.0/nl/"]}