{"title": ["Bloeiende meidoorn in landschap"], "alternative": [null], "creator": ["Veldkijker (producent);Willem Berents (camera);Stichting Natuurbeelden"], "subject": ["Angiospermae", "Crataegus spec", "Embryophyta", "Rosaceae", "Spermatopsida", "bedektzadigen", "bossen", "buitenopname", "exterieur", "flora", "landplanten", "landschappen", "meidoorn spec", "middag", "planten", "rozenfamilie", "totaal", "vennen", "zaadplanten", "zomer"], "description": ["Clip gemaakt in de natuur uit de collectie van Stichting Natuurbeelden (www.natuurbeelden.nl)."], "abstract": ["Een bloeiende meidoorn in een landschap. De struik staat in een grasland."], "publisher": ["Stichting  Natuurbeelden", "https://www.openbeelden.nl/users/stichting_natuurbeelden"], "contributor": ["Stichting Natuurbeelden", "http://www.openbeelden.nl/users/stichting_natuurbeelden"], "date": ["2012-01-01"], "type": ["Moving Image"], "extent": ["PT22S"], "medium": ["https://www.openbeelden.nl/files/10/45/1045841.1045838.VKH0375_119_1-NAT00Z034NL.mp4", "https://www.openbeelden.nl/files/10/45/1045843.1045838.VKH0375_119_1-NAT00Z034NL.mp4", "https://www.openbeelden.nl/files/10/45/1045838.VKH0375_119_1-NAT00Z034NL.mp4", "https://www.openbeelden.nl/files/10/45/1045845.1045838.VKH0375_119_1-NAT00Z034NL.webm", "https://www.openbeelden.nl/files/10/45/1045847.1045838.VKH0375_119_1-NAT00Z034NL.ogv", "https://www.openbeelden.nl/files/10/45/1045849.1045838.VKH0375_119_1-NAT00Z034NL.ogv", "https://www.openbeelden.nl/files/10/45/1045853.1045838.VKH0375_119_1_NAT00Z034NL.m3u8", "https://www.openbeelden.nl/images/1045955/Bloeiende_meidoorn_in_landschap_%280_11%29.png"], "identifier": ["4871108"], "source": ["VKH0375_119_1-NAT00Z034NL.mp4"], "language": ["nl"], "references": [null], "mediator": [null], "spatial": ["Nederland", "Flevoland", "Horsterwold", "Stille kern"], "attributionName": ["Veldkijker (producent);Willem Berents (camera);Stichting Natuurbeelden"], "attributionURL": ["https://www.openbeelden.nl/media/1045834"], "license": ["https://creativecommons.org/licenses/by-sa/3.0/nl/"]}