{"title": ["Een gevlekte orchis tussen gras"], "alternative": [null], "creator": ["Veldkijker (producent);Boris Berents (camera);Stichting Natuurbeelden"], "subject": ["Angiospermae", "Dactylorhiza", "Dactylorhiza maculata", "Embryophyta", "Orchidaceae", "Spermatopsida", "afwateringsveld", "bedektzadigen", "buitenopname", "cultuurlandschappen", "exterieur", "flora", "gevlekte orchis", "handekenskruid", "landplanten", "ochtend", "orchidee\u00ebnfamilie", "planten", "totaal", "zaadplanten", "zomer"], "description": ["Clip gemaakt in de natuur uit de collectie van Stichting Natuurbeelden (www.natuurbeelden.nl)."], "abstract": ["Twee planten van de gevlekte orchis nabij gras en opkomend riet. Samengestelde clip."], "publisher": ["Stichting  Natuurbeelden", "https://www.openbeelden.nl/users/stichting_natuurbeelden"], "contributor": ["Stichting Natuurbeelden", "http://www.openbeelden.nl/users/stichting_natuurbeelden"], "date": ["2012-01-01"], "type": ["Moving Image"], "extent": ["PT1M1S"], "medium": ["https://www.openbeelden.nl/files/10/46/1046333.1046330.VKH0341_025_2-NAT00Z034L2.mp4", "https://www.openbeelden.nl/files/10/46/1046335.1046330.VKH0341_025_2-NAT00Z034L2.mp4", "https://www.openbeelden.nl/files/10/46/1046330.VKH0341_025_2-NAT00Z034L2.mp4", "https://www.openbeelden.nl/files/10/46/1046337.1046330.VKH0341_025_2-NAT00Z034L2.webm", "https://www.openbeelden.nl/files/10/46/1046339.1046330.VKH0341_025_2-NAT00Z034L2.ogv", "https://www.openbeelden.nl/files/10/46/1046341.1046330.VKH0341_025_2-NAT00Z034L2.ogv", "https://www.openbeelden.nl/files/10/46/1046345.1046330.VKH0341_025_2_NAT00Z034L2.m3u8", "https://www.openbeelden.nl/images/1053564/Een_gevlekte_orchis_tussen_gras_%280_30%29.png"], "identifier": ["4871125"], "source": ["VKH0341_025_2-NAT00Z034L2.mp4"], "language": ["nl"], "references": [null], "mediator": [null], "spatial": ["Nederland", "Flevoland", "Almere"], "attributionName": ["Veldkijker (producent);Boris Berents (camera);Stichting Natuurbeelden"], "attributionURL": ["https://www.openbeelden.nl/media/1046326"], "license": ["https://creativecommons.org/licenses/by-sa/3.0/nl/"]}