{"title": ["Bosbodem met mos, napjes en beukennootjes"], "alternative": [null], "creator": ["Veldkijker (producent);Willem Berents (camera);Stichting Natuurbeelden"], "subject": ["Angiospermae", "Embryophyta", "Fagaceae", "Fagus", "Fagus sylvatica", "Spermatopsida", "bedektzadigen", "beuk", "bomen", "bossen", "buitenopname", "exterieur", "flora", "landplanten", "napjesdragersfamilie", "ochtend", "planten", "totaal", "wijd", "zaadplanten", "zomer"], "description": ["Clip gemaakt in de natuur uit de collectie van Stichting Natuurbeelden (www.natuurbeelden.nl)."], "abstract": ["Een bosbodem met enkele zoden mos, dode takken en hier en daar een jonge loot van de grove den. Op de bodem liggen napjes van de beuk. In een aantal opeenvolgende kaders komen de napjes en enkele beukennootjes nadrukkelijker in beeld. Diverse kaders. Samengestelde clip."], "publisher": ["Stichting  Natuurbeelden", "https://www.openbeelden.nl/users/stichting_natuurbeelden"], "contributor": ["Stichting Natuurbeelden", "http://www.openbeelden.nl/users/stichting_natuurbeelden"], "date": ["2017-07-21"], "type": ["Moving Image"], "extent": ["PT1M31S"], "medium": ["https://www.openbeelden.nl/files/10/47/1047016.1047003.VKH0420_063_3-NAT00Z0350Z.mp4", "https://www.openbeelden.nl/files/10/47/1047018.1047003.VKH0420_063_3-NAT00Z0350Z.mp4", "https://www.openbeelden.nl/files/10/47/1047003.VKH0420_063_3-NAT00Z0350Z.mp4", "https://www.openbeelden.nl/files/10/47/1047020.1047003.VKH0420_063_3-NAT00Z0350Z.webm", "https://www.openbeelden.nl/files/10/47/1047022.1047003.VKH0420_063_3-NAT00Z0350Z.ogv", "https://www.openbeelden.nl/files/10/47/1047024.1047003.VKH0420_063_3-NAT00Z0350Z.ogv", "https://www.openbeelden.nl/files/10/47/1047029.1047003.VKH0420_063_3_NAT00Z0350Z.m3u8", "https://www.openbeelden.nl/images/1049160/Bosbodem_met_mos%2C_napjes_en_beukennootjes_%280_45%29.png"], "identifier": ["4871156"], "source": ["VKH0420_063_3-NAT00Z0350Z.mp4"], "language": ["nl"], "references": [null], "mediator": [null], "spatial": ["Nederland", "Ballonzuilbossen", "Limburg", "Noord-Limburg"], "attributionName": ["Veldkijker (producent);Willem Berents (camera);Stichting Natuurbeelden"], "attributionURL": ["https://www.openbeelden.nl/media/1046998"], "license": ["https://creativecommons.org/licenses/by-sa/3.0/nl/"]}