{"title": ["Bloemhoofdje van boerenwormkruid"], "alternative": [null], "creator": ["Veldkijker (producent);Willem Berents (camera);Stichting Natuurbeelden"], "subject": ["Angiospermae", "Asteraceae", "Embryophyta", "Spermatopsida", "Tanacetum", "Tanacetum vulgare", "bedektzadigen", "boerenwormkruid", "bossen", "buitenopname", "close", "composieten", "exterieur", "extreem close", "flora", "landplanten", "middag", "planten", "wormkruid", "zaadplanten", "zomer"], "description": ["Clip gemaakt in de natuur uit de collectie van Stichting Natuurbeelden (www.natuurbeelden.nl)."], "abstract": ["Een enkel bloemhoofdje van het boerenwormkruid op een bloeisteel. De omwindselblaadjes zijn zichtbaar. Ook de individuele buisbloempjes zijn herkenbaar."], "publisher": ["Stichting  Natuurbeelden", "https://www.openbeelden.nl/users/stichting_natuurbeelden"], "contributor": ["Stichting Natuurbeelden", "http://www.openbeelden.nl/users/stichting_natuurbeelden"], "date": ["2017-07-21"], "type": ["Moving Image"], "extent": ["PT32S"], "medium": ["https://www.openbeelden.nl/files/10/47/1047768.1047765.VKH0415_001_1-NAT00Z034X0.mp4", "https://www.openbeelden.nl/files/10/47/1047770.1047765.VKH0415_001_1-NAT00Z034X0.mp4", "https://www.openbeelden.nl/files/10/47/1047765.VKH0415_001_1-NAT00Z034X0.mp4", "https://www.openbeelden.nl/files/10/47/1047772.1047765.VKH0415_001_1-NAT00Z034X0.webm", "https://www.openbeelden.nl/files/10/47/1047774.1047765.VKH0415_001_1-NAT00Z034X0.ogv", "https://www.openbeelden.nl/files/10/47/1047776.1047765.VKH0415_001_1-NAT00Z034X0.ogv", "https://www.openbeelden.nl/files/10/47/1047780.1047765.VKH0415_001_1_NAT00Z034X0.m3u8", "https://www.openbeelden.nl/images/1049128/Bloemhoofdje_van_boerenwormkruid_%280_16%29.png"], "identifier": ["4871188"], "source": ["VKH0415_001_1-NAT00Z034X0.mp4"], "language": ["nl"], "references": [null], "mediator": [null], "spatial": ["Nederland", "Boshuizerbergen", "Limburg", "Noord-Limburg"], "attributionName": ["Veldkijker (producent);Willem Berents (camera);Stichting Natuurbeelden"], "attributionURL": ["https://www.openbeelden.nl/media/1047761"], "license": ["https://creativecommons.org/licenses/by-sa/3.0/nl/"]}