{"title": ["Bladeren en bloemhoofden van knopkruid spec"], "alternative": [null], "creator": ["Veldkijker (producent);Boris Berents (camera);Stichting Natuurbeelden"], "subject": ["Angiospermae", "Asteraceae", "Embryophyta", "Galinsoga spec", "Spermatopsida", "bedektzadigen", "braakliggende grond", "buitenopname", "close", "composieten", "cultuurlandschappen", "exterieur", "flora", "knopkruid spec", "landplanten", "middag", "planten", "zaadplanten", "zomer"], "description": ["Clip gemaakt in de natuur uit de collectie van Stichting Natuurbeelden (www.natuurbeelden.nl)."], "abstract": ["Een deel van knopkruid met bladeren en een bloeistengel met een bloemhoofdje. De driemaal getande lintbloempjes op de bloemhoofdjes zijn goed herkenbaar. Samengestelde clip."], "publisher": ["Stichting  Natuurbeelden", "https://www.openbeelden.nl/users/stichting_natuurbeelden"], "contributor": ["Stichting Natuurbeelden", "http://www.openbeelden.nl/users/stichting_natuurbeelden"], "date": ["2017-07-21"], "type": ["Moving Image"], "extent": ["PT1M0S"], "medium": ["https://www.openbeelden.nl/files/10/47/1047253.1047240.VKH0419_072_2-NAT00Z034XT.mp4", "https://www.openbeelden.nl/files/10/47/1047255.1047240.VKH0419_072_2-NAT00Z034XT.mp4", "https://www.openbeelden.nl/files/10/47/1047240.VKH0419_072_2-NAT00Z034XT.mp4", "https://www.openbeelden.nl/files/10/47/1047257.1047240.VKH0419_072_2-NAT00Z034XT.webm", "https://www.openbeelden.nl/files/10/47/1047259.1047240.VKH0419_072_2-NAT00Z034XT.ogv", "https://www.openbeelden.nl/files/10/47/1047261.1047240.VKH0419_072_2-NAT00Z034XT.ogv", "https://www.openbeelden.nl/files/10/47/1047265.1047240.VKH0419_072_2_NAT00Z034XT.m3u8", "https://www.openbeelden.nl/images/1049150/Bladeren_en_bloemhoofden_van_knopkruid_spec_%280_30%29.png"], "identifier": ["4871166"], "source": ["VKH0419_072_2-NAT00Z034XT.mp4"], "language": ["nl"], "references": [null], "mediator": [null], "spatial": ["Nederland", "Limburg", "Venray", "Vliegveldbossen", "Noord-Limburg"], "attributionName": ["Veldkijker (producent);Boris Berents (camera);Stichting Natuurbeelden"], "attributionURL": ["https://www.openbeelden.nl/media/1047235"], "license": ["https://creativecommons.org/licenses/by-sa/3.0/nl/"]}