{"title": ["Landschap met perzikkruid"], "alternative": [null], "creator": ["Veldkijker (producent);Boris Berents (camera);Stichting Natuurbeelden"], "subject": ["Angiospermae", "Embryophyta", "Lepidoptera", "Persicaria", "Persicaria maculosa", "Pieridae", "Polygonaceae", "Spermatopsida", "bedektzadigen", "braakliggende grond", "buitenopname", "cultuurlandschappen", "duizendknoop", "duizendknoopfamilie", "exterieur", "fauna", "flora", "landplanten", "landschappen", "middag", "perzikkruid", "planten", "vlinders", "wijd", "witjes", "zaadplanten", "zomer"], "description": ["Clip gemaakt in de natuur uit de collectie van Stichting Natuurbeelden (www.natuurbeelden.nl)."], "abstract": ["Landschap met perzikkruid op de voorgrond. Tussen het perzikkruid groeit kamille. In de achtergrond is een bomenrij zichtbaar. Er fladderen enkele witjes (vlinders) rond. Samengestelde clip."], "publisher": ["Stichting  Natuurbeelden", "https://www.openbeelden.nl/users/stichting_natuurbeelden"], "contributor": ["Stichting Natuurbeelden", "http://www.openbeelden.nl/users/stichting_natuurbeelden"], "date": ["2017-07-21"], "type": ["Moving Image"], "extent": ["PT32S"], "medium": ["https://www.openbeelden.nl/files/10/47/1047416.1047413.VKH0419_033_1-NAT00Z034XO.mp4", "https://www.openbeelden.nl/files/10/47/1047418.1047413.VKH0419_033_1-NAT00Z034XO.mp4", "https://www.openbeelden.nl/files/10/47/1047413.VKH0419_033_1-NAT00Z034XO.mp4", "https://www.openbeelden.nl/files/10/47/1047420.1047413.VKH0419_033_1-NAT00Z034XO.webm", "https://www.openbeelden.nl/files/10/47/1047422.1047413.VKH0419_033_1-NAT00Z034XO.ogv", "https://www.openbeelden.nl/files/10/47/1047424.1047413.VKH0419_033_1-NAT00Z034XO.ogv", "https://www.openbeelden.nl/files/10/47/1047428.1047413.VKH0419_033_1_NAT00Z034XO.m3u8", "https://www.openbeelden.nl/images/1049143/Landschap_met_perzikkruid_%280_16%29.png"], "identifier": ["4871174"], "source": ["VKH0419_033_1-NAT00Z034XO.mp4"], "language": ["nl"], "references": [null], "mediator": [null], "spatial": ["Nederland", "Limburg", "Venray", "Vliegveldbossen", "Noord-Limburg"], "attributionName": ["Veldkijker (producent);Boris Berents (camera);Stichting Natuurbeelden"], "attributionURL": ["https://www.openbeelden.nl/media/1047409"], "license": ["https://creativecommons.org/licenses/by-sa/3.0/nl/"]}