{"title": ["Bloeiende toppen van de middelste teunisbloem"], "alternative": [null], "creator": ["Veldkijker (producent);Willem Berents (camera);Stichting Natuurbeelden"], "subject": ["Angiospermae", "Embryophyta", "Oenothera", "Oenothera biennis", "Onagraceae", "Spermatopsida", "bedektzadigen", "braakliggende grond", "buitenopname", "cultuurlandschappen", "exterieur", "flora", "landplanten", "middelste teunisbloem", "ochtend", "planten", "teunisbloem", "teunisbloemfamilie", "totaal", "zaadplanten", "zomer"], "description": ["Clip gemaakt in de natuur uit de collectie van Stichting Natuurbeelden (www.natuurbeelden.nl)."], "abstract": ["Een aantal bloeiende toppen van de middelste teunisbloem met geopende bloemen en bloemknoppen in ontwikkeling. Samengestelde clip."], "publisher": ["Stichting  Natuurbeelden", "https://www.openbeelden.nl/users/stichting_natuurbeelden"], "contributor": ["Stichting Natuurbeelden", "http://www.openbeelden.nl/users/stichting_natuurbeelden"], "date": ["2017-07-21"], "type": ["Moving Image"], "extent": ["PT2M28S"], "medium": ["https://www.openbeelden.nl/files/10/48/1048163.1048144.VKH0394_038_5-NAT00Z034R2.mp4", "https://www.openbeelden.nl/files/10/48/1048165.1048144.VKH0394_038_5-NAT00Z034R2.mp4", "https://www.openbeelden.nl/files/10/48/1048144.VKH0394_038_5-NAT00Z034R2.mp4", "https://www.openbeelden.nl/files/10/48/1048167.1048144.VKH0394_038_5-NAT00Z034R2.webm", "https://www.openbeelden.nl/files/10/48/1048169.1048144.VKH0394_038_5-NAT00Z034R2.ogv", "https://www.openbeelden.nl/files/10/48/1048171.1048144.VKH0394_038_5-NAT00Z034R2.ogv", "https://www.openbeelden.nl/files/10/48/1048206.1048144.VKH0394_038_5_NAT00Z034R2.m3u8", "https://www.openbeelden.nl/images/1049110/Bloeiende_toppen_van_de_middelste_teunisbloem_%281_14%29.png"], "identifier": ["4871206"], "source": ["VKH0394_038_5-NAT00Z034R2.mp4"], "language": ["nl"], "references": [null], "mediator": [null], "spatial": ["Nederland", "Limburg", "Venray", "Vliegveldbossen", "Noord-Limburg"], "attributionName": ["Veldkijker (producent);Willem Berents (camera);Stichting Natuurbeelden"], "attributionURL": ["https://www.openbeelden.nl/media/1048139"], "license": ["https://creativecommons.org/licenses/by-sa/3.0/nl/"]}