{"title": ["Bloemen van paardenbloem in diverse stadia van ontwikkeling"], "alternative": [null], "creator": ["Veldkijker (producent);Willem Berents (camera);Stichting Natuurbeelden"], "subject": ["Angiospermae", "Apidae spec", "Asteraceae", "Embryophyta", "Spermatopsida", "Taraxacum spec", "bedektzadigen", "bijen spec", "buitenopname", "close", "composieten", "cultuurlandschappen", "exterieur", "extreem close", "fauna", "flora", "insecten", "landplanten", "ochtend", "paardebloem spec", "planten", "voorjaar", "weilanden", "zaadplanten"], "description": ["Clip gemaakt in de natuur uit de collectie van Stichting Natuurbeelden (www.natuurbeelden.nl)."], "abstract": ["Enkele bloemen van de paardenbloem in verschillende stadia van ontwikkeling. Eerst zijn diverse bloemen te zien die beginnen open te gaan. De kelkbladeren zijn teruggevouwen. In de achtergrond is een bij te herkennen die bloemen bezoekt. Daarna komen enkele bloemhoofden in beeld, in close-up. De bloemhoofden zijn in verschillende stadia van ontwikkeling. Er is een open bloem te zien, van onderaf; een gesloten bloemknop; een bloemknop waarbij de eerste kroonbladeren te onderscheiden zijn, en een bloemhoofd met beginnende pluis. Tenslotte komen twe volledig geopende bloemen in beeld in close-up. De meeldraden waaieren uit. Diverse kaders. Samengestelde clip."], "publisher": ["Stichting  Natuurbeelden", "https://www.openbeelden.nl/users/stichting_natuurbeelden"], "contributor": ["Stichting Natuurbeelden", "http://www.openbeelden.nl/users/stichting_natuurbeelden"], "date": ["2017-07-21"], "type": ["Moving Image"], "extent": ["PT1M30S"], "medium": ["https://www.openbeelden.nl/files/10/48/1048604.1048591.VKH0378_042_3-NAT00Z034OG.mp4", "https://www.openbeelden.nl/files/10/48/1048606.1048591.VKH0378_042_3-NAT00Z034OG.mp4", "https://www.openbeelden.nl/files/10/48/1048591.VKH0378_042_3-NAT00Z034OG.mp4", "https://www.openbeelden.nl/files/10/48/1048608.1048591.VKH0378_042_3-NAT00Z034OG.webm", "https://www.openbeelden.nl/files/10/48/1048610.1048591.VKH0378_042_3-NAT00Z034OG.ogv", "https://www.openbeelden.nl/files/10/48/1048612.1048591.VKH0378_042_3-NAT00Z034OG.ogv", "https://www.openbeelden.nl/files/10/48/1048622.1048591.VKH0378_042_3_NAT00Z034OG.m3u8", "https://www.openbeelden.nl/images/1049095/Bloemen_van_paardenbloem_in_diverse_stadia_van_ontwikkeling_%280_45%29.png"], "identifier": ["4871225"], "source": ["VKH0378_042_3-NAT00Z034OG.mp4"], "language": ["nl"], "references": [null], "mediator": [null], "spatial": ["Nederland", "Limburg", "Noord-Limburg", "Merselo"], "attributionName": ["Veldkijker (producent);Willem Berents (camera);Stichting Natuurbeelden"], "attributionURL": ["https://www.openbeelden.nl/media/1048586"], "license": ["https://creativecommons.org/licenses/by-sa/3.0/nl/"]}