{"title": ["Vruchten van de zomereik"], "alternative": [null], "creator": ["Veldkijker (producent);Willem Berents (camera);Stichting Natuurbeelden"], "subject": ["Angiospermae", "Embryophyta", "Fagaceae", "Quercus", "Quercus robur", "Spermatopsida", "bedektzadigen", "bomen", "bossen", "buitenopname", "close", "eiken", "exterieur", "extreem close", "flora", "landplanten", "middag", "najaar", "napjesdragersfamilie", "planten", "totaal", "weilanden", "zaadplanten", "zomereik"], "description": ["Clip gemaakt in de natuur uit de collectie van Stichting Natuurbeelden (www.natuurbeelden.nl)."], "abstract": ["Tussen de dorre bladeren en dode takresten liggen enkele gesteelde vruchten van de zomereik. De eikels zitten nog in hun napje. Aan de steeltjes zitten ook lege napjes. De vruchten (eikels) en napjes komen in opeenvolgende kaders steeds nadrukkelijker in beeld. Diverse kaders. Samengestelde clip."], "publisher": ["Stichting  Natuurbeelden", "https://www.openbeelden.nl/users/stichting_natuurbeelden"], "contributor": ["Stichting Natuurbeelden", "http://www.openbeelden.nl/users/stichting_natuurbeelden"], "date": ["2012-01-01"], "type": ["Moving Image"], "extent": ["PT3M32S"], "medium": ["https://www.openbeelden.nl/files/10/48/1048854.1048845.VKH0423_049_7-NAT00Z034S1.mp4", "https://www.openbeelden.nl/files/10/48/1048856.1048845.VKH0423_049_7-NAT00Z034S1.mp4", "https://www.openbeelden.nl/files/10/48/1048845.VKH0423_049_7-NAT00Z034S1.mp4", "https://www.openbeelden.nl/files/10/48/1048858.1048845.VKH0423_049_7-NAT00Z034S1.webm", "https://www.openbeelden.nl/files/10/48/1048860.1048845.VKH0423_049_7-NAT00Z034S1.ogv", "https://www.openbeelden.nl/files/10/48/1048862.1048845.VKH0423_049_7-NAT00Z034S1.ogv", "https://www.openbeelden.nl/files/10/48/1048877.1048845.VKH0423_049_7_NAT00Z034S1.m3u8", "https://www.openbeelden.nl/images/1049083/Vruchten_van_de_zomereik_%281_46%29.png"], "identifier": ["4871235"], "source": ["VKH0423_049_7-NAT00Z034S1.mp4"], "language": ["nl"], "references": [null], "mediator": [null], "spatial": ["Nederland", "Limburg", "Castenrayse Vennen", "Noord-Limburg"], "attributionName": ["Veldkijker (producent);Willem Berents (camera);Stichting Natuurbeelden"], "attributionURL": ["https://www.openbeelden.nl/media/1048841"], "license": ["https://creativecommons.org/licenses/by-sa/3.0/nl/"]}