{"title": ["Een groep zwarte elzen in een landschap"], "alternative": [null], "creator": ["Veldkijker (producent);Willem Berents (camera);Stichting Natuurbeelden"], "subject": ["Alnus", "Alnus glutinosa", "Angiospermae", "Betulaceae", "Embryophyta", "Spermatopsida", "bedektzadigen", "berkenfamilie", "bomen", "broekbossen", "buitenopname", "els", "exterieur", "flora", "landplanten", "landschappen", "middag", "moerassen", "najaar", "planten", "vennen", "wijd", "zaadplanten", "zwarte els"], "description": ["Clip gemaakt in de natuur uit de collectie van Stichting Natuurbeelden (www.natuurbeelden.nl)."], "abstract": ["Een flinke groep zwarte elzen aan een bosrand met nog meer zwarte elzen. Er is een dode boom te zien, met daarnaast de elzen. Hier en daar staat een berk. Op de voorgrond groeit pitrus. Samengestelde clip."], "publisher": ["Stichting  Natuurbeelden", "https://www.openbeelden.nl/users/stichting_natuurbeelden"], "contributor": ["Stichting Natuurbeelden", "http://www.openbeelden.nl/users/stichting_natuurbeelden"], "date": ["2012-01-01"], "type": ["Moving Image"], "extent": ["PT1M0S"], "medium": ["https://www.openbeelden.nl/files/10/49/1049017.1049014.VKH0423_004_2-NAT00Z034Y7.mp4", "https://www.openbeelden.nl/files/10/49/1049019.1049014.VKH0423_004_2-NAT00Z034Y7.mp4", "https://www.openbeelden.nl/files/10/49/1049014.VKH0423_004_2-NAT00Z034Y7.mp4", "https://www.openbeelden.nl/files/10/49/1049021.1049014.VKH0423_004_2-NAT00Z034Y7.webm", "https://www.openbeelden.nl/files/10/49/1049023.1049014.VKH0423_004_2-NAT00Z034Y7.ogv", "https://www.openbeelden.nl/files/10/49/1049025.1049014.VKH0423_004_2-NAT00Z034Y7.ogv", "https://www.openbeelden.nl/files/10/49/1049029.1049014.VKH0423_004_2_NAT00Z034Y7.m3u8", "https://www.openbeelden.nl/images/1049076/Een_groep_zwarte_elzen_in_een_landschap_%280_30%29.png"], "identifier": ["4871242"], "source": ["VKH0423_004_2-NAT00Z034Y7.mp4"], "language": ["nl"], "references": [null], "mediator": [null], "spatial": ["Nederland", "Limburg", "Castenrayse Vennen", "Noord-Limburg"], "attributionName": ["Veldkijker (producent);Willem Berents (camera);Stichting Natuurbeelden"], "attributionURL": ["https://www.openbeelden.nl/media/1049010"], "license": ["https://creativecommons.org/licenses/by-sa/3.0/nl/"]}