{"title": ["Een groepje planten van de grote ereprijs tussen gras"], "alternative": [null], "creator": ["Veldkijker (producent);Boris Berents (camera);Stichting Natuurbeelden"], "subject": ["Angiospermae", "Embryophyta", "Plantaginaceae", "Spermatopsida", "Veronica", "Veronica persica", "bedektzadigen", "buitenopname", "cultuurlandschappen", "ereprijs", "exterieur", "flora", "grote ereprijs", "landplanten", "najaar", "ochtend", "planten", "totaal", "weegbreefamilie", "wijd", "zaadplanten"], "description": ["Clip gemaakt in de natuur uit de collectie van Stichting Natuurbeelden (www.natuurbeelden.nl)."], "abstract": ["Een aantal bloeiende planten van de grote ereprijs tussen groen gras. Eerst is het groepje te zien. Vervolgens wordt ingezoomd op een van de planten met bloem. Daarna wordt weeer uitgezomd naar het geheel. Samengestelde clip."], "publisher": ["Stichting  Natuurbeelden", "https://www.openbeelden.nl/users/stichting_natuurbeelden"], "contributor": ["Stichting Natuurbeelden", "http://www.openbeelden.nl/users/stichting_natuurbeelden"], "date": ["2012-01-01"], "type": ["Moving Image"], "extent": ["PT1M23S"], "medium": ["https://www.openbeelden.nl/files/10/49/1049605.1049591.VKH0348_050_3-NAT00Z034M9.mp4", "https://www.openbeelden.nl/files/10/49/1049607.1049591.VKH0348_050_3-NAT00Z034M9.mp4", "https://www.openbeelden.nl/files/10/49/1049591.VKH0348_050_3-NAT00Z034M9.mp4", "https://www.openbeelden.nl/files/10/49/1049609.1049591.VKH0348_050_3-NAT00Z034M9.webm", "https://www.openbeelden.nl/files/10/49/1049611.1049591.VKH0348_050_3-NAT00Z034M9.ogv", "https://www.openbeelden.nl/files/10/49/1049613.1049591.VKH0348_050_3-NAT00Z034M9.ogv", "https://www.openbeelden.nl/files/10/49/1049619.1049591.VKH0348_050_3_NAT00Z034M9.m3u8", "https://www.openbeelden.nl/images/1049916/Een_groepje_planten_van_de_grote_ereprijs_tussen_gras_%280_41%29.png"], "identifier": ["4871263"], "source": ["VKH0348_050_3-NAT00Z034M9.mp4"], "language": ["nl"], "references": [null], "mediator": [null], "spatial": ["Nederland", "Flevoland", "Almere"], "attributionName": ["Veldkijker (producent);Boris Berents (camera);Stichting Natuurbeelden"], "attributionURL": ["https://www.openbeelden.nl/media/1049587"], "license": ["https://creativecommons.org/licenses/by-sa/3.0/nl/"]}