{"title": ["Een aantal bloemhoofden van de echte kamille"], "alternative": [null], "creator": ["Veldkijker (producent);Willem Berents (camera);Stichting Natuurbeelden"], "subject": ["Angiospermae", "Asteraceae", "Embryophyta", "Matricaria", "Matricaria recutita", "Spermatopsida", "bedektzadigen", "bewolkt", "bossen", "braakliggende grond", "buitenopname", "close", "composieten", "cultuurlandschappen", "echte kamille", "exterieur", "flora", "kamille", "landplanten", "middag", "planten", "zaadplanten", "zomer"], "description": ["Clip gemaakt in de natuur uit de collectie van Stichting Natuurbeelden (www.natuurbeelden.nl)."], "abstract": ["Een aantal bloemhoofden van de echte kamille wiegt in de wind. De bloemhoofden staan op stelen. De witte lintbloemen en de gele buisbloempjes zijn goed herkenbaar. Diverse kaders. Samengestelde clip."], "publisher": ["Stichting  Natuurbeelden", "https://www.openbeelden.nl/users/stichting_natuurbeelden"], "contributor": ["Stichting Natuurbeelden", "http://www.openbeelden.nl/users/stichting_natuurbeelden"], "date": ["2012-01-01"], "type": ["Moving Image"], "extent": ["PT1M22S"], "medium": ["https://www.openbeelden.nl/files/10/49/1049192.1049183.VKH0415_093_3-NAT00Z0350G.mp4", "https://www.openbeelden.nl/files/10/49/1049194.1049183.VKH0415_093_3-NAT00Z0350G.mp4", "https://www.openbeelden.nl/files/10/49/1049183.VKH0415_093_3-NAT00Z0350G.mp4", "https://www.openbeelden.nl/files/10/49/1049196.1049183.VKH0415_093_3-NAT00Z0350G.webm", "https://www.openbeelden.nl/files/10/49/1049198.1049183.VKH0415_093_3-NAT00Z0350G.ogv", "https://www.openbeelden.nl/files/10/49/1049200.1049183.VKH0415_093_3-NAT00Z0350G.ogv", "https://www.openbeelden.nl/files/10/49/1049229.1049183.VKH0415_093_3_NAT00Z0350G.m3u8", "https://www.openbeelden.nl/images/1049932/Een_aantal_bloemhoofden_van_de_echte_kamille_%280_41%29.png"], "identifier": ["4871245"], "source": ["VKH0415_093_3-NAT00Z0350G.mp4"], "language": ["nl"], "references": [null], "mediator": [null], "spatial": ["Nederland", "Limburg", "Venray", "Vliegveldbossen", "Noord-Limburg"], "attributionName": ["Veldkijker (producent);Willem Berents (camera);Stichting Natuurbeelden"], "attributionURL": ["https://www.openbeelden.nl/media/1049179"], "license": ["https://creativecommons.org/licenses/by-sa/3.0/nl/"]}