{"title": ["Kleine klaver in het gras"], "alternative": [null], "creator": ["Veldkijker (producent);Boris Berents (camera);Stichting Natuurbeelden"], "subject": ["Angiospermae", "Embryophyta", "Leguminosae", "Spermatopsida", "bedektzadigen", "buitenopname", "cultuurlandschappen", "exterieur", "flora", "klavers", "kleine klaver", "landplanten", "najaar", "ochtend", "planten", "rifolium", "rifolium dubium", "totaal", "vlinderbloemigen", "wijd", "zaadplanten"], "description": ["Clip gemaakt in de natuur uit de collectie van Stichting Natuurbeelden (www.natuurbeelden.nl)."], "abstract": ["In een opeenvolgende reeks kaders komt de kleine klaver nadrukkelijker in beeld. Eerst is te zien hoe de planten tussen het gras een plek hebben gevonden. Daarna komt eerst een groepje in beeld, en vervolgens individuele planten. De stengels met bladeren en bloemtrosjes zijn goed zichtbaar. Samengestelde clip. Diverse kaders."], "publisher": ["Stichting  Natuurbeelden", "https://www.openbeelden.nl/users/stichting_natuurbeelden"], "contributor": ["Stichting Natuurbeelden", "http://www.openbeelden.nl/users/stichting_natuurbeelden"], "date": ["2012-01-01"], "type": ["Moving Image"], "extent": ["PT1M59S"], "medium": ["https://www.openbeelden.nl/files/10/49/1049308.1049289.VKH0350_020_4-NAT00Z034MX.mp4", "https://www.openbeelden.nl/files/10/49/1049310.1049289.VKH0350_020_4-NAT00Z034MX.mp4", "https://www.openbeelden.nl/files/10/49/1049289.VKH0350_020_4-NAT00Z034MX.mp4", "https://www.openbeelden.nl/files/10/49/1049312.1049289.VKH0350_020_4-NAT00Z034MX.webm", "https://www.openbeelden.nl/files/10/49/1049314.1049289.VKH0350_020_4-NAT00Z034MX.ogv", "https://www.openbeelden.nl/files/10/49/1049316.1049289.VKH0350_020_4-NAT00Z034MX.ogv", "https://www.openbeelden.nl/files/10/49/1049343.1049289.VKH0350_020_4_NAT00Z034MX.m3u8", "https://www.openbeelden.nl/images/1049928/Kleine_klaver_in_het_gras_%280_59%29.png"], "identifier": ["4871250"], "source": ["VKH0350_020_4-NAT00Z034MX.mp4"], "language": ["nl"], "references": [null], "mediator": [null], "spatial": ["Nederland", "Flevoland", "Almere"], "attributionName": ["Veldkijker (producent);Boris Berents (camera);Stichting Natuurbeelden"], "attributionURL": ["https://www.openbeelden.nl/media/1049285"], "license": ["https://creativecommons.org/licenses/by-sa/3.0/nl/"]}