{"title": ["BP80_Stel kijkt fotoalbum, oude vrouw leest krant"], "alternative": [null], "creator": ["eye film instituut nederland"], "subject": ["Celluloid Remix clip"], "description": ["Bits & Pieces nr. 80: Stel kijkt fotoalbum, oude vrouw leest krant"], "abstract": [null], "publisher": ["eye film instituut nederland", "https://www.openbeelden.nl/users/eye film instituut nederland"], "date": ["2011-12-20"], "type": ["Moving Image"], "extent": ["PT19S"], "medium": ["https://www.openbeelden.nl/files/01/04/105026.104988.1411108710_s01_mcli083621clo0856_BP80_stelkijktfotoalbum_oudevrouwleestkrant.mp4", "https://www.openbeelden.nl/files/01/04/105028.104988.1411108710_s01_mcli083621clo0856_BP80_stelkijktfotoalbum_oudevrouwleestkrant.mp4", "https://www.openbeelden.nl/files/01/04/105030.104988.1411108710_s01_mcli083621clo0856_BP80_stelkijktfotoalbum_oudevrouwleestkrant.webm", "https://www.openbeelden.nl/files/01/04/105022.104988.1411108710_s01_mcli083621clo0856_BP80_stelkijktfotoalbum_oudevrouwleestkrant.ogv", "https://www.openbeelden.nl/files/01/04/105024.104988.1411108710_s01_mcli083621clo0856_BP80_stelkijktfotoalbum_oudevrouwleestkrant.ogv", "https://www.openbeelden.nl/files/01/04/105069.104988.1411108710_s01_mcli083621clo0856_BP80_stelkijktfotoalbum_oudevrouwleestkrant.m3u8", "https://www.openbeelden.nl/files/01/04/105032.104988.1411108710_s01_mcli083621clo0856_BP80_stelkijktfotoalbum_oudevrouwleestkrant.ts", "https://www.openbeelden.nl/files/01/04/104993.104988.1411108710_s01_mcli083621clo0856_BP80_stelkijktfotoalbum_oudevrouwleestkrant.mpeg", "https://www.openbeelden.nl/images/603186/BP80_Stel_kijkt_fotoalbum%2C_oude_vrouw_leest_krant_%280_09%29.png"], "source": ["EYE"], "language": ["en"], "references": [null], "mediator": [null], "attributionName": ["eye film instituut nederland"], "attributionURL": ["https://www.openbeelden.nl/media/104989"], "license": ["https://creativecommons.org/publicdomain/mark/1.0/"]}