{"title": ["Blaadjes van de witte klaver"], "alternative": [null], "creator": ["Veldkijker (producent);Boris Berents (camera);Stichting Natuurbeelden"], "subject": ["Angiospermae", "Embryophyta", "Leguminosae", "Spermatopsida", "Trifolium repens", "bedektzadigen", "buitenopname", "close", "cultuurlandschappen", "exterieur", "extreem close", "flora", "klavers", "landplanten", "najaar", "ochtend", "planten", "rifolium", "totaal", "vlinderbloemigen", "witte klaver", "zaadplanten"], "description": ["Clip gemaakt in de natuur uit de collectie van Stichting Natuurbeelden (www.natuurbeelden.nl)."], "abstract": ["Blaadjes van de witte klaver. Eerst is een flinke groep blaadjes te zien, met kenmerkende bleke vlek. Vervolgens wordt ingezoomd op een blad. Hierbij komt goed in beeld dat elk blaadje bestaat uit drie deelblaadjes. Ook de eironde vorm is herkenbaar. Samengestelde clip."], "publisher": ["Stichting  Natuurbeelden", "https://www.openbeelden.nl/users/stichting_natuurbeelden"], "contributor": ["Stichting Natuurbeelden", "http://www.openbeelden.nl/users/stichting_natuurbeelden"], "date": ["2012-01-01"], "type": ["Moving Image"], "extent": ["PT1M23S"], "medium": ["https://www.openbeelden.nl/files/10/49/1049739.1049736.VKH0348_013_3-NAT00Z034M3.mp4", "https://www.openbeelden.nl/files/10/49/1049741.1049736.VKH0348_013_3-NAT00Z034M3.mp4", "https://www.openbeelden.nl/files/10/49/1049736.VKH0348_013_3-NAT00Z034M3.mp4", "https://www.openbeelden.nl/files/10/49/1049743.1049736.VKH0348_013_3-NAT00Z034M3.webm", "https://www.openbeelden.nl/files/10/49/1049745.1049736.VKH0348_013_3-NAT00Z034M3.ogv", "https://www.openbeelden.nl/files/10/49/1049747.1049736.VKH0348_013_3-NAT00Z034M3.ogv", "https://www.openbeelden.nl/files/10/49/1049749.1049736.VKH0348_013_3_NAT00Z034M3.m3u8", "https://www.openbeelden.nl/images/1049911/Blaadjes_van_de_witte_klaver_%280_41%29.png"], "identifier": ["4871269"], "source": ["VKH0348_013_3-NAT00Z034M3.mp4"], "language": ["nl"], "references": [null], "mediator": [null], "spatial": ["Nederland", "Flevoland", "Almere"], "attributionName": ["Veldkijker (producent);Boris Berents (camera);Stichting Natuurbeelden"], "attributionURL": ["https://www.openbeelden.nl/media/1049732"], "license": ["https://creativecommons.org/licenses/by-sa/3.0/nl/"]}