{"title": ["Rode bosmieren graven een nestgang"], "alternative": [null], "creator": ["Veldkijker (producent);Willem Berents (camera);Stichting Natuurbeelden"], "subject": ["Formica", "Formica spec", "Formicidae", "Hymenoptera", "bewolkt", "buitenopname", "close", "exterieur", "extreem close", "fauna", "graven", "insecten", "jeneverbesstruweel", "mieren", "ochtend", "rode bosmieren spec", "stuifzand", "vliesvleugeligen", "voorjaar", "wijd", "zomer"], "description": ["Clip gemaakt in de natuur uit de collectie van Stichting Natuurbeelden (www.natuurbeelden.nl)."], "abstract": ["Rode bosmieren maken een nestingang in een stuifzandgebied. Op een zandhelling met buntgras graven een aantal rode bosmieren een holte in de bodem. De mieren verdwijnen in een aantal spleten in de bodem en komen met zandkorrels te voorschijn. Ze gooien die zandkorrels een eindje verderop weg. Sommige mieren poetsen zich nadat ze een aantal keren ondergronds zijn geweest. Diverse kaders. Samengestelde clip."], "publisher": ["Stichting  Natuurbeelden", "https://www.openbeelden.nl/users/stichting_natuurbeelden"], "contributor": ["Stichting Natuurbeelden", "http://www.openbeelden.nl/users/stichting_natuurbeelden"], "date": ["2013-06-20"], "type": ["Moving Image"], "extent": ["PT6M31S"], "medium": ["https://www.openbeelden.nl/files/10/50/1050344.1050163.VKA033_001_09-NAT00Z03K5H.mp4", "https://www.openbeelden.nl/files/10/50/1050346.1050163.VKA033_001_09-NAT00Z03K5H.mp4", "https://www.openbeelden.nl/files/10/50/1050163.VKA033_001_09-NAT00Z03K5H.mp4", "https://www.openbeelden.nl/files/10/50/1050348.1050163.VKA033_001_09-NAT00Z03K5H.webm", "https://www.openbeelden.nl/files/10/50/1050350.1050163.VKA033_001_09-NAT00Z03K5H.ogv", "https://www.openbeelden.nl/files/10/50/1050352.1050163.VKA033_001_09-NAT00Z03K5H.ogv", "https://www.openbeelden.nl/files/10/50/1050358.1050163.VKA033_001_09_NAT00Z03K5H.m3u8", "https://www.openbeelden.nl/images/1051912/Rode_bosmieren_graven_een_nestgang_%283_15%29.png"], "identifier": ["4931756"], "source": ["VKA033_001_09-NAT00Z03K5H.mp4"], "language": ["nl"], "references": [null], "mediator": [null], "spatial": ["Nederland", "Boshuizerbergen", "Limburg", "Venray", "Noord-Limburg"], "attributionName": ["Veldkijker (producent);Willem Berents (camera);Stichting Natuurbeelden"], "attributionURL": ["https://www.openbeelden.nl/media/1050159"], "license": ["https://creativecommons.org/licenses/by-sa/3.0/nl/"]}