{"title": ["Grote keverorchis in bloei"], "alternative": [null], "creator": ["Veldkijker (producent);Willem Berents (camera);Stichting Natuurbeelden"], "subject": ["Neottia", "Neottia ovata", "Orchidaceae", "bewolkt", "bloei", "buitenopname", "close", "exterieur", "flora", "grote keverorchis", "hellingbossen", "kensoort", "keverorchis", "klasse van de eiken- en beukenbossen op voedselrijke grond", "ochtend", "orchidee\u00ebnfamilie", "planten", "totaal", "voorjaar", "wijd", "zonnig"], "description": ["Clip gemaakt in de natuur uit de collectie van Stichting Natuurbeelden (www.natuurbeelden.nl)."], "abstract": ["Een klein exemplaar van de grote keverorchis in bloei. De keverorchis staat naast een purperorchis. Het verschil in formaat is opvallend. Eerst is de keverorchis als geheel in beeld. Hierbij is de tegenovergestelde bladstand ook goed herkenbaar. Daarna komen de kenmerkende bloemen in beeld. De hangende, gespleten lippen zijn goed zichtbaar. Diverse kaders. Samengestelde clip."], "publisher": ["Stichting  Natuurbeelden", "https://www.openbeelden.nl/users/stichting_natuurbeelden"], "contributor": ["Stichting Natuurbeelden", "http://www.openbeelden.nl/users/stichting_natuurbeelden"], "date": ["2013-05-07"], "type": ["Moving Image"], "extent": ["PT2M38S"], "medium": ["https://www.openbeelden.nl/files/10/51/1051411.1051379.VKA018_002_08-NAT00Z03K4W.mp4", "https://www.openbeelden.nl/files/10/51/1051413.1051379.VKA018_002_08-NAT00Z03K4W.mp4", "https://www.openbeelden.nl/files/10/51/1051379.VKA018_002_08-NAT00Z03K4W.mp4", "https://www.openbeelden.nl/files/10/51/1051415.1051379.VKA018_002_08-NAT00Z03K4W.webm", "https://www.openbeelden.nl/files/10/51/1051417.1051379.VKA018_002_08-NAT00Z03K4W.ogv", "https://www.openbeelden.nl/files/10/51/1051419.1051379.VKA018_002_08-NAT00Z03K4W.ogv", "https://www.openbeelden.nl/files/10/51/1051440.1051379.VKA018_002_08_NAT00Z03K4W.m3u8", "https://www.openbeelden.nl/images/1051893/Grote_keverorchis_in_bloei_%281_19%29.png"], "identifier": ["4931777"], "source": ["VKA018_002_08-NAT00Z03K4W.mp4"], "language": ["nl"], "references": [null], "mediator": [null], "spatial": ["Nederland", "Limburg", "Valkenburg", "Schaelsbergerbos", "Zuid-Limburg"], "attributionName": ["Veldkijker (producent);Willem Berents (camera);Stichting Natuurbeelden"], "attributionURL": ["https://www.openbeelden.nl/media/1051375"], "license": ["https://creativecommons.org/licenses/by-sa/3.0/nl/"]}