{"title": ["Daslook in close-up"], "alternative": [null], "creator": ["Veldkijker (producent);Willem Berents (camera);Stichting Natuurbeelden"], "subject": ["Alliaceae", "Allium", "Allium ursinum", "bewolkt", "bloei", "buitenopname", "close", "daslook", "exterieur", "extreem close", "flora", "hellingbossen", "kensoort", "klasse van de eiken- en beukenbossen op voedselrijke grond", "look", "lookfamilie", "middag", "planten", "totaal", "voorjaar", "zonnig"], "description": ["Clip gemaakt in de natuur uit de collectie van Stichting Natuurbeelden (www.natuurbeelden.nl)."], "abstract": ["Daslook in bloei. Eerst is een groep daslook beeldvullend in beeld. Vervolgens komt een bloeiwijze van de daslook in een aantal opeenvolgende kaders steeds nadrukkelijker in beeld. De meeldraden (6) en de driedelige stamper in elke bloem zijn goed herkenbaar. Uiteindelijk komt ook een bloemhoofd in beeld dat nog niet volledig in bloei staat. Diverse kaders. Samengestelde clip."], "publisher": ["Stichting  Natuurbeelden", "https://www.openbeelden.nl/users/stichting_natuurbeelden"], "contributor": ["Stichting Natuurbeelden", "http://www.openbeelden.nl/users/stichting_natuurbeelden"], "date": ["2013-05-27"], "type": ["Moving Image"], "extent": ["PT3M54S"], "medium": ["https://www.openbeelden.nl/files/10/51/1051192.1051178.VKA021_029_11-NAT00Z03K54.mp4", "https://www.openbeelden.nl/files/10/51/1051194.1051178.VKA021_029_11-NAT00Z03K54.mp4", "https://www.openbeelden.nl/files/10/51/1051178.VKA021_029_11-NAT00Z03K54.mp4", "https://www.openbeelden.nl/files/10/51/1051196.1051178.VKA021_029_11-NAT00Z03K54.webm", "https://www.openbeelden.nl/files/10/51/1051198.1051178.VKA021_029_11-NAT00Z03K54.ogv", "https://www.openbeelden.nl/files/10/51/1051200.1051178.VKA021_029_11-NAT00Z03K54.ogv", "https://www.openbeelden.nl/files/10/51/1051209.1051178.VKA021_029_11_NAT00Z03K54.m3u8", "https://www.openbeelden.nl/images/1051900/Daslook_in_close-up_%281_57%29.png"], "identifier": ["4931769"], "source": ["VKA021_029_11-NAT00Z03K54.mp4"], "language": ["nl"], "references": [null], "mediator": [null], "spatial": ["Nederland", "Limburg", "Valkenburg", "Geuldal", "Zuid-Limburg"], "attributionName": ["Veldkijker (producent);Willem Berents (camera);Stichting Natuurbeelden"], "attributionURL": ["https://www.openbeelden.nl/media/1051174"], "license": ["https://creativecommons.org/licenses/by-sa/3.0/nl/"]}