{"title": ["Rode bosmieren lopen over boomstam"], "alternative": [null], "creator": ["Veldkijker (producent);Willem Berents (camera);Stichting Natuurbeelden"], "subject": ["Formica", "Formica spec", "Formicidae", "Hymenoptera", "Juniperus communis", "avond", "bomen", "buitenopname", "close", "exterieur", "fauna", "flora", "insecten", "jeneverbes", "jeneverbesstruweel", "lopen", "middag", "mieren", "nestbouw", "rode bosmieren spec", "rode mieren", "stuifzand", "totaal", "vervoeren", "vliesvleugeligen", "voedsel verzamelen", "voorjaar", "wijd", "zonnig"], "description": ["Clip gemaakt in de natuur uit de collectie van Stichting Natuurbeelden (www.natuurbeelden.nl)."], "abstract": ["Een mierenhoop in een vermost stuifzandgebied. In de achtergrond staat jeneverbes. De mierenhoop is gemaakt tegen het uiteinde van de resten van een verzaagde stam van de grove den. Rode bosmieren gebruiken de stam als mierenpad. Ze dragen allerlei materialen en voedsel via de stammen van en naar het nest. Eerst is het nest met de stam in het landschap in beeld, daarna richt de aandacht zich op de stam die door de mieren wordt gebruikt als snelweg. Via camerabeweging worden enkele mieren die materialen (stukjes tak en dennennaalden) en voedsel (rupsen) vervoeren over de stam tot aan het nest gevolgd. Diverse kaders. Samengestelde clip."], "publisher": ["Stichting  Natuurbeelden", "https://www.openbeelden.nl/users/stichting_natuurbeelden"], "contributor": ["Stichting Natuurbeelden", "http://www.openbeelden.nl/users/stichting_natuurbeelden"], "date": ["2013-05-19"], "type": ["Moving Image"], "extent": ["PT4M19S"], "medium": ["https://www.openbeelden.nl/files/10/51/1051400.1051367.VKA019_036_09-NAT00Z03K4Y.mp4", "https://www.openbeelden.nl/files/10/51/1051402.1051367.VKA019_036_09-NAT00Z03K4Y.mp4", "https://www.openbeelden.nl/files/10/51/1051367.VKA019_036_09-NAT00Z03K4Y.mp4", "https://www.openbeelden.nl/files/10/51/1051404.1051367.VKA019_036_09-NAT00Z03K4Y.webm", "https://www.openbeelden.nl/files/10/51/1051406.1051367.VKA019_036_09-NAT00Z03K4Y.ogv", "https://www.openbeelden.nl/files/10/51/1051408.1051367.VKA019_036_09-NAT00Z03K4Y.ogv", "https://www.openbeelden.nl/files/10/51/1051536.1051367.VKA019_036_09_NAT00Z03K4Y.m3u8", "https://www.openbeelden.nl/images/1051888/Rode_bosmieren_lopen_over_boomstam_%282_09%29.png"], "identifier": ["4931775"], "source": ["VKA019_036_09-NAT00Z03K4Y.mp4"], "language": ["nl"], "references": [null], "mediator": [null], "spatial": ["Nederland", "Boshuizerbergen", "Limburg", "Venray", "Noord-Limburg"], "attributionName": ["Veldkijker (producent);Willem Berents (camera);Stichting Natuurbeelden"], "attributionURL": ["https://www.openbeelden.nl/media/1051363"], "license": ["https://creativecommons.org/licenses/by-sa/3.0/nl/"]}