{"title": ["Eenbes groeit in hellingbos"], "alternative": [null], "creator": ["Veldkijker (producent);Willem Berents (camera);Stichting Natuurbeelden"], "subject": ["Geuldal", "Melanthiaceae", "Paris", "Paris quadrifolia", "buitenopname", "close", "eenbes", "eenbesfamilie", "exterieur", "flora", "hellingbossen", "middag", "planten", "totaal", "voorjaar", "wijd", "zonnig"], "description": ["Clip gemaakt in de natuur uit de collectie van Stichting Natuurbeelden (www.natuurbeelden.nl)."], "abstract": ["Eenbes in een hellingbos te midden van andere planten, zoals hedra en aronskelk. Er staan diverse exemplaren van de eenbes bijeen. De meeste exemplaren hebben al een blauwzwarte bes in de top. Samengestelde clip. Diverse kaders."], "publisher": ["Stichting  Natuurbeelden", "https://www.openbeelden.nl/users/stichting_natuurbeelden"], "contributor": ["Stichting Natuurbeelden", "http://www.openbeelden.nl/users/stichting_natuurbeelden"], "date": ["2013-05-25"], "type": ["Moving Image"], "extent": ["PT3M28S"], "medium": ["https://www.openbeelden.nl/files/10/51/1051243.1051234.VKA020_028_09-NAT00Z03K52.mp4", "https://www.openbeelden.nl/files/10/51/1051245.1051234.VKA020_028_09-NAT00Z03K52.mp4", "https://www.openbeelden.nl/files/10/51/1051234.VKA020_028_09-NAT00Z03K52.mp4", "https://www.openbeelden.nl/files/10/51/1051247.1051234.VKA020_028_09-NAT00Z03K52.webm", "https://www.openbeelden.nl/files/10/51/1051249.1051234.VKA020_028_09-NAT00Z03K52.ogv", "https://www.openbeelden.nl/files/10/51/1051251.1051234.VKA020_028_09-NAT00Z03K52.ogv", "https://www.openbeelden.nl/files/10/51/1051313.1051234.VKA020_028_09_NAT00Z03K52.m3u8", "https://www.openbeelden.nl/images/1051896/Eenbes_groeit_in_hellingbos_%281_44%29.png"], "identifier": ["4931771"], "source": ["VKA020_028_09-NAT00Z03K52.mp4"], "language": ["nl"], "references": [null], "mediator": [null], "spatial": ["Nederland", "Limburg", "Valkenburg", "Schaelsbergerbos", "Zuid-Limburg"], "attributionName": ["Veldkijker (producent);Willem Berents (camera);Stichting Natuurbeelden"], "attributionURL": ["https://www.openbeelden.nl/media/1051230"], "license": ["https://creativecommons.org/licenses/by-sa/3.0/nl/"]}