{"title": ["Pad maakt holletje"], "alternative": [null], "creator": ["Veldkijker (producent);Willem Berents (camera);Stichting Natuurbeelden"], "subject": ["Amfibia", "Anura", "Bufo bufo", "Butonidae", "amfibie\u00ebn", "amfibie\u00ebn en reptielen", "bewolkt", "bruine pad", "buitenopname", "close", "echte padden", "exterieur", "fauna", "gewone pad", "grasland", "graven", "kikkers", "lopen", "ochtend", "paddentrek", "springen", "totaal", "vennen", "voorjaar", "worstelen"], "description": ["Clip gemaakt in de natuur uit de collectie van Stichting Natuurbeelden (www.natuurbeelden.nl)."], "abstract": ["Een gewone pad trekt over grasland (van rechts naar links) en kruipt over pollen heen. Een andere pad grijpt de pad even vast, maar de pad loopt door. De belager blijft achter en maakt een holletje in het gras. Samengestelde clip."], "publisher": ["Stichting  Natuurbeelden", "https://www.openbeelden.nl/users/stichting_natuurbeelden"], "contributor": ["Stichting Natuurbeelden", "http://www.openbeelden.nl/users/stichting_natuurbeelden"], "date": ["2013-04-15"], "type": ["Moving Image"], "extent": ["PT2M1S"], "medium": ["https://www.openbeelden.nl/files/10/52/1052146.1052137.VKA007_044_04-NAT00Z03K45.mp4", "https://www.openbeelden.nl/files/10/52/1052148.1052137.VKA007_044_04-NAT00Z03K45.mp4", "https://www.openbeelden.nl/files/10/52/1052137.VKA007_044_04-NAT00Z03K45.mp4", "https://www.openbeelden.nl/files/10/52/1052150.1052137.VKA007_044_04-NAT00Z03K45.webm", "https://www.openbeelden.nl/files/10/52/1052152.1052137.VKA007_044_04-NAT00Z03K45.ogv", "https://www.openbeelden.nl/files/10/52/1052154.1052137.VKA007_044_04-NAT00Z03K45.ogv", "https://www.openbeelden.nl/files/10/52/1052176.1052137.VKA007_044_04_NAT00Z03K45.m3u8", "https://www.openbeelden.nl/images/1053317/Pad_maakt_holletje_%281_00%29.png"], "identifier": ["4931801"], "source": ["VKA007_044_04-NAT00Z03K45.mp4"], "language": ["nl"], "references": [null], "mediator": [null], "spatial": ["Nederland", "Limburg", "Castenrayse Vennen", "Castenray", "Noord-Limburg"], "attributionName": ["Veldkijker (producent);Willem Berents (camera);Stichting Natuurbeelden"], "attributionURL": ["https://www.openbeelden.nl/media/1052133"], "license": ["https://creativecommons.org/licenses/by-sa/3.0/nl/"]}