{"title": ["Pad trekt over bosbodem"], "alternative": [null], "creator": ["Veldkijker (producent);Willem Berents (camera);Stichting Natuurbeelden"], "subject": ["Amfibia", "Anura", "Bufo bufo", "Butonidae", "amfibie\u00ebn", "amfibie\u00ebn en reptielen", "bewolkt", "bruine pad", "buitenopname", "close", "echte padden", "exterieur", "fauna", "gewone pad", "grasland", "kikkers", "kruipen", "lopen", "middag", "paddentrek", "struweel", "totaal", "vennen", "voorjaar"], "description": ["Clip gemaakt in de natuur uit de collectie van Stichting Natuurbeelden (www.natuurbeelden.nl)."], "abstract": ["Een gewone pad trekt over een donkere en vochtige bosbodem. De pad kruipt tussen takken door en loopt over gevallen eikenbladeren. Samengestelde clip."], "publisher": ["Stichting  Natuurbeelden", "https://www.openbeelden.nl/users/stichting_natuurbeelden"], "contributor": ["Stichting Natuurbeelden", "http://www.openbeelden.nl/users/stichting_natuurbeelden"], "date": ["2013-04-16"], "type": ["Moving Image"], "extent": ["PT2M35S"], "medium": ["https://www.openbeelden.nl/files/10/52/1052073.1052064.VKA008_008_04-NAT00Z03K4B.mp4", "https://www.openbeelden.nl/files/10/52/1052075.1052064.VKA008_008_04-NAT00Z03K4B.mp4", "https://www.openbeelden.nl/files/10/52/1052064.VKA008_008_04-NAT00Z03K4B.mp4", "https://www.openbeelden.nl/files/10/52/1052077.1052064.VKA008_008_04-NAT00Z03K4B.webm", "https://www.openbeelden.nl/files/10/52/1052079.1052064.VKA008_008_04-NAT00Z03K4B.ogv", "https://www.openbeelden.nl/files/10/52/1052081.1052064.VKA008_008_04-NAT00Z03K4B.ogv", "https://www.openbeelden.nl/files/10/52/1052110.1052064.VKA008_008_04_NAT00Z03K4B.m3u8", "https://www.openbeelden.nl/images/1053321/Pad_trekt_over_bosbodem_%281_17%29.png"], "identifier": ["4931798"], "source": ["VKA008_008_04-NAT00Z03K4B.mp4"], "language": ["nl"], "references": [null], "mediator": [null], "spatial": ["Nederland", "Limburg", "Castenrayse Vennen", "Castenray", "Noord-Limburg"], "attributionName": ["Veldkijker (producent);Willem Berents (camera);Stichting Natuurbeelden"], "attributionURL": ["https://www.openbeelden.nl/media/1052060"], "license": ["https://creativecommons.org/licenses/by-sa/3.0/nl/"]}