{"title": ["Zwartkop neemt bad"], "alternative": [null], "creator": ["Veldkijker (producent);Boris Berents (camera);Stichting Natuurbeelden"], "subject": ["Coccothraustes coccothraustes", "Fringillidae", "Passeriformes", "Sylvia atricapilla", "Sylviidae", "appelvink", "aves", "badderen", "bewolkt", "bossen", "close", "fauna", "middag", "poelen", "totaal", "vinkachtigen", "vogels", "voorjaar", "voortbewegen", "wijd", "zangers", "zangvogels", "zonnig", "zwartkop"], "description": ["Clip gemaakt in de natuur uit de collectie van Stichting Natuurbeelden (www.natuurbeelden.nl)."], "abstract": ["In een klein poeltje in het bos komen zwartkoppen (man en vrouw) badderen. Ook een appelvink bezoekt het poeltje om een bad te nemen. Samengestelde clip. Diverse kaders."], "publisher": ["Stichting  Natuurbeelden", "https://www.openbeelden.nl/users/stichting_natuurbeelden"], "contributor": ["Stichting Natuurbeelden", "http://www.openbeelden.nl/users/stichting_natuurbeelden"], "date": ["2014-05-01"], "type": ["Moving Image"], "extent": ["PT3M26S"], "medium": ["https://www.openbeelden.nl/files/10/53/1053536.1053450.VKB050_052_07-NAT00Z050SM.mp4", "https://www.openbeelden.nl/files/10/53/1053538.1053450.VKB050_052_07-NAT00Z050SM.mp4", "https://www.openbeelden.nl/files/10/53/1053450.VKB050_052_07-NAT00Z050SM.mp4", "https://www.openbeelden.nl/files/10/53/1053540.1053450.VKB050_052_07-NAT00Z050SM.webm", "https://www.openbeelden.nl/files/10/53/1053542.1053450.VKB050_052_07-NAT00Z050SM.ogv", "https://www.openbeelden.nl/files/10/53/1053544.1053450.VKB050_052_07-NAT00Z050SM.ogv", "https://www.openbeelden.nl/files/10/53/1053588.1053450.VKB050_052_07_NAT00Z050SM.m3u8", "https://www.openbeelden.nl/images/1053669/Zwartkop_neemt_bad_%281_43%29.png"], "identifier": ["6056250"], "source": ["VKB050_052_07-NAT00Z050SM.mp4"], "language": ["nl"], "references": [null], "mediator": [null], "spatial": ["Vledder", "Vledderveld", "Nederland", "Drenthe"], "attributionName": ["Veldkijker (producent);Boris Berents (camera);Stichting Natuurbeelden"], "attributionURL": ["https://www.openbeelden.nl/media/1053446"], "license": ["https://creativecommons.org/licenses/by-sa/3.0/nl/"]}