{"title": ["Meerkoeten paren op nest in stadsgracht"], "alternative": [null], "creator": ["Veldkijker (producent);Boris Berents (camera);Stichting Natuurbeelden"], "subject": ["Anatidae", "Anseriformes", "Aves", "Fulica", "Fulica atra", "Gruiformes", "Rallidae", "avond", "close", "cultuurlandschappen", "duiken", "eendachtigen", "eendvogels", "fauna", "koeten", "kraanvogelachtigen", "meerkoet", "paren", "rallen, koeten en waterhoentjes", "stadsgracht", "stadsnatuur", "stedelijke gebieden", "totaal", "vogels", "voorjaar", "voortbewegen", "wijd", "zonnig", "zwemmen"], "description": ["Clip gemaakt in de natuur uit de collectie van Stichting Natuurbeelden (www.natuurbeelden.nl)."], "abstract": ["In een stadsgracht in Almere nestelen een zwaan en een meerkoet vlak bij elkaar. Eerst is de omgeving zichtbaar met beide nesten. Dan komen de nesten nadrukkelijker in beeld. Beide nesten zijn gemaakt van riet. Het nest van de zwaan is fors groter dan dat van de meerkoet. De zwaan slaapt. De meerkoet werkt aan het nest. Dan komt het nest van de meerkoet nadrukkelijk in beeld. Het mannetje en vrouwtje paren met elkaar op het nest. Na de paring zwemt het mannetje in de buurt. En vervolgens staan ze samen op het nest om zich te poetsen. Dan komt het zwanennest ook weer in beeld. De zwaan slaapt nog steeds. Vervolgens richt de camera zich op vechtende meerkoeten. Op de voorgrond zwemt een zwaan. De meerkoeten gaan elkaar te lijf. Tenslotte komt het nest nog eens in beeld. Een van de meerkoeten staat op het nest en poetst zich. De enorme tenen zijn goed te zien. Samengestelde clip. Diverse kaders."], "publisher": ["Stichting  Natuurbeelden", "https://www.openbeelden.nl/users/stichting_natuurbeelden"], "contributor": ["Stichting Natuurbeelden", "http://www.openbeelden.nl/users/stichting_natuurbeelden"], "date": ["2014-05-01"], "type": ["Moving Image"], "extent": ["PT3M26S"], "medium": ["https://www.openbeelden.nl/files/10/53/1053840.1053831.VKB046_005_07-NAT00Z050Q8.mp4", "https://www.openbeelden.nl/files/10/53/1053842.1053831.VKB046_005_07-NAT00Z050Q8.mp4", "https://www.openbeelden.nl/files/10/53/1053831.VKB046_005_07-NAT00Z050Q8.mp4", "https://www.openbeelden.nl/files/10/53/1053844.1053831.VKB046_005_07-NAT00Z050Q8.webm", "https://www.openbeelden.nl/files/10/53/1053846.1053831.VKB046_005_07-NAT00Z050Q8.ogv", "https://www.openbeelden.nl/files/10/53/1053848.1053831.VKB046_005_07-NAT00Z050Q8.ogv", "https://www.openbeelden.nl/files/10/53/1053923.1053831.VKB046_005_07_NAT00Z050Q8.m3u8", "https://www.openbeelden.nl/images/1053983/Meerkoeten_paren_op_nest_in_stadsgracht_%281_43%29.png"], "identifier": ["6056263"], "source": ["VKB046_005_07-NAT00Z050Q8.mp4"], "language": ["nl"], "references": [null], "mediator": [null], "spatial": ["Nederland", "Flevoland", "Almere-stad", "Stedenwijk"], "attributionName": ["Veldkijker (producent);Boris Berents (camera);Stichting Natuurbeelden"], "attributionURL": ["https://www.openbeelden.nl/media/1053827"], "license": ["https://creativecommons.org/licenses/by-sa/3.0/nl/"]}