{"title": ["Koevinkje foerageert op akkerdistel"], "alternative": [null], "creator": ["Veldkijker (producent);Willem Berents (camera);Stichting Natuurbeelden"], "subject": ["Andrena dorsata", "Cirsium arvense", "Insecta", "Lepidoptera", "Maniola jurtina", "Nymphalidae", "Satyrinae", "Vossen, parelmoervlinders en weerschijnvlinders", "akkerdistel", "avond", "bruin zandoogje", "close", "cultuurlandschappen", "extreem close", "fauna", "flora", "foerageren", "heuvels", "insecten", "klapwieken", "koevinkje", "mergelgroeve", "middag", "phantopus hyperantus", "planten", "totaal", "vliegen", "vlinders", "voortbewegen", "wijd", "wimperflankzandbij", "zandoogjes en erebia's", "zomer", "zonnig"], "description": ["Clip gemaakt in de natuur uit de collectie van Stichting Natuurbeelden (www.natuurbeelden.nl)."], "abstract": ["Een koevinkje foerageert op een akkerdistel. Eerst is de locatie in beeld: de Juliana groeve in Zuid-Limburg. Dan komt de vlinder nadrukkelijk in beeld. Meestal zit de vlinder met gesloten vleugels op de plant, zodat alle 'ogen' goed herkenbaar zijn. Op een zeker moment krijgt de vlinder even het gezelschap van een bruin zandoogje. Tenslotte probeert ook nog een wimperflankzandbij op het bloemhoofdje te landen, maar die kiest uiteindelijk voor een andere bloem. Samengestelde clip, diverse kaders."], "publisher": ["Stichting  Natuurbeelden", "https://www.openbeelden.nl/users/stichting_natuurbeelden"], "contributor": ["Stichting Natuurbeelden", "http://www.openbeelden.nl/users/stichting_natuurbeelden"], "date": ["2014-07-18"], "type": ["Moving Image"], "extent": ["PT5M14S"], "medium": ["https://www.openbeelden.nl/files/10/55/1055798.1055770.VKA150_014_10-NAT00Z050OI.mp4", "https://www.openbeelden.nl/files/10/55/1055800.1055770.VKA150_014_10-NAT00Z050OI.mp4", "https://www.openbeelden.nl/files/10/55/1055770.VKA150_014_10-NAT00Z050OI.mp4", "https://www.openbeelden.nl/files/10/55/1055802.1055770.VKA150_014_10-NAT00Z050OI.webm", "https://www.openbeelden.nl/files/10/55/1055804.1055770.VKA150_014_10-NAT00Z050OI.ogv", "https://www.openbeelden.nl/files/10/55/1055806.1055770.VKA150_014_10-NAT00Z050OI.ogv", "https://www.openbeelden.nl/files/10/55/1055810.1055770.VKA150_014_10_NAT00Z050OI.m3u8", "https://www.openbeelden.nl/images/1056189/Koevinkje_foerageert_op_akkerdistel_%282_37%29.png"], "identifier": ["6056319"], "source": ["VKA150_014_10-NAT00Z050OI.mp4"], "language": ["nl"], "references": [null], "mediator": [null], "spatial": ["Nederland", "Julianagroeve", "Limburg", "Zuid-Limburg"], "attributionName": ["Veldkijker (producent);Willem Berents (camera);Stichting Natuurbeelden"], "attributionURL": ["https://www.openbeelden.nl/media/1055766"], "license": ["https://creativecommons.org/licenses/by-sa/3.0/nl/"]}