{"title": ["Boomkikkertje op jacht"], "alternative": [null], "creator": ["Veldkijker (producent);Willem Berents (camera);Stichting Natuurbeelden"], "subject": ["Amfibia", "Anura", "Hyla arborea", "Hylidae", "Rubus spec.", "amfibie\u00ebn", "amfibie\u00ebn en reptielen", "bewolkt", "boomkikkers", "braam spec.", "close", "cultuurlandschappen", "europese boomkikker", "fauna", "flora", "insecten", "jagen", "kijken", "kikkers en padden", "middag", "planten", "rusten", "springen", "totaal", "vennen", "zitten", "zomer"], "description": ["Clip gemaakt in de natuur uit de collectie van Stichting Natuurbeelden (www.natuurbeelden.nl)."], "abstract": ["Een boomkikkertje (juveniel) dat nog maar pas het water heeft verlaten zit op een blad van een braamstruik. Eerst zit het boomkikkertje in rustpositie met de voorpoten onder het lijf gevouwen. Daarna is het kikkertje in een actieve jachthouding zichtbaar, alsof het zo een prooi kan bespringen. Het kikkertje ontspant en gaat weer in rusthouding zitten. Deze positie komt vervolgens nadrukkelijker in beeld. Dan opeens springt het kikkertje uit beeld. Daarna zit het boomkikkertje op een tak van de braam. Hier schurkt het zich in een rustpositie. De doorns op de tak steken mooi af tegen het formaat van het kikkertje. Samengestelde clip. Diverse kaders."], "publisher": ["Stichting  Natuurbeelden", "https://www.openbeelden.nl/users/stichting_natuurbeelden"], "contributor": ["Stichting Natuurbeelden", "http://www.openbeelden.nl/users/stichting_natuurbeelden"], "date": ["2014-07-22"], "type": ["Moving Image"], "extent": ["PT2M32S"], "medium": ["https://www.openbeelden.nl/files/10/55/1055714.1055666.VKA152_001_05-NAT00Z050OL.mp4", "https://www.openbeelden.nl/files/10/55/1055716.1055666.VKA152_001_05-NAT00Z050OL.mp4", "https://www.openbeelden.nl/files/10/55/1055666.VKA152_001_05-NAT00Z050OL.mp4", "https://www.openbeelden.nl/files/10/55/1055718.1055666.VKA152_001_05-NAT00Z050OL.webm", "https://www.openbeelden.nl/files/10/55/1055720.1055666.VKA152_001_05-NAT00Z050OL.ogv", "https://www.openbeelden.nl/files/10/55/1055722.1055666.VKA152_001_05-NAT00Z050OL.ogv", "https://www.openbeelden.nl/files/10/55/1055741.1055666.VKA152_001_05_NAT00Z050OL.m3u8", "https://www.openbeelden.nl/images/1056192/Boomkikkertje_op_jacht_%281_16%29.png"], "identifier": ["6056316"], "source": ["VKA152_001_05-NAT00Z050OL.mp4"], "language": ["nl"], "references": [null], "mediator": [null], "spatial": ["Vledder", "Nederland", "Drenthe"], "attributionName": ["Veldkijker (producent);Willem Berents (camera);Stichting Natuurbeelden"], "attributionURL": ["https://www.openbeelden.nl/media/1055662"], "license": ["https://creativecommons.org/licenses/by-sa/3.0/nl/"]}