{"title": ["UNDULATE"], "alternative": ["Remix Natuurbeelden inzending"], "creator": ["Noortje Stortelder"], "subject": ["Remix Natuurbeelden inzending", "golven, kwallen, undulate, noortjestortelder, noortje, stortelder"], "description": ["UNDULATE Een persoonlijke en abstracte vertaling over de wonderschone wereld onder water. Het beeld wordt ondersteund en aangevuld door een soundscape van Eelke Mastebroek.\u00a0"], "abstract": ["Gebruikt materiaal:   Nudibranch Marine Discovery Productions (Peter van Rodijnen); Stichting Natuurbeelden    -1554_ZEEPADST-NAT00Z04XNN  -0212_OORKWAL_-NAT00Z03JZ9  -0204_PLUIMHRN-NAT00Z03JZ0 \u00a0 #Noortjestortelder #RemixNatuurbeeldeninzending"], "publisher": ["noortje", "https://www.openbeelden.nl/users/noortje"], "date": ["2017-09-17"], "type": ["Moving Image"], "extent": ["PT1M50S"], "medium": ["https://www.openbeelden.nl/files/10/68/1068978.1068975.NATURE_SPACE.mp4", "https://www.openbeelden.nl/files/10/68/1068980.1068975.NATURE_SPACE.mp4", "https://www.openbeelden.nl/files/10/68/1068982.1068975.NATURE_SPACE.webm", "https://www.openbeelden.nl/files/10/68/1068984.1068975.NATURE_SPACE.ogv", "https://www.openbeelden.nl/files/10/68/1068986.1068975.NATURE_SPACE.ogv", "https://www.openbeelden.nl/files/10/68/1068992.1068975.NATURE_SPACE.m3u8", "https://www.openbeelden.nl/images/1069293/UNDULATE_%280_55%29.png"], "language": ["en"], "references": [null], "mediator": [null], "attributionName": ["Noortje Stortelder"], "attributionURL": ["https://www.openbeelden.nl/media/1068976"], "license": ["https://creativecommons.org/licenses/by-sa/3.0/nl/"], "hasformat": ["digitalfile"]}