{"title": ["Zomerwedstrijden van de Hitlerjugend en de Nationale Jeugdstorm"], "alternative": ["Spiegel der beweging nr. 9, item 6"], "creator": ["Filmdienst der NSB (producent)"], "subject": ["atletiek", "jeugdorganisaties", "prijsuitreikingen", "schilderijen", "propagandafilms"], "description": ["NSB-propaganda film die handelt over een sportfestijn in Den Haag waaraan leden van de Hitler-Jugend en de Nationale Jeugdstorm meedoen. De eerste dag na aankomst van de heren Lindenburger en van Geelkerken, na de openingsplechtigheid en na het hijsen van de vlaggen, wordt er door de jongens een handbalwedstrijd gespeeld. De tweede dag arriveert Seyss-Inquart om de manifestatie bij te wonen. Er worden ritmische oefeningen gehouden door meisjes van de B.D.N. en hardloopwedstrijden. Aan de winnaars worden prijzen uitgereikt van Hitler."], "abstract": ["\u201cGeconfisqueerd oorlogsmateriaal: propagandafilms van de Filmdienst der NSB vrijgegeven ihkv WOII Open Data Depot in een samenwerkingsverband met Beeld en Geluid en Netwerk Oorlogsbronnen (mei 2018)\u201d  06.43 Tekst : Zomerwedstrijden van de Hitler Jugend en de Nationale Jeugdstorm. Geprojecteerd over vignet Jeugdstorm 06.49 Aankomst van Hauptbannfuhrer Dr. Lindenburger en Van Geelkerken bij de bosjes van Poot in Den Haag 06.59 Hitlergroet van Dr. Lindenburger 07.00 HJ en NJS staan opgesteld in carre op het gras 07.12 Hauptgevolkschaftfuhrer Horsters houdt een toespraak en neemt de gelofte af van alle deelnemers en -sters 07.17 v.r.n.l. Van Geelkerken, Dr. Lindenburger (en Horsters) 07.25 Na het hijsen van de vlaggen brengt iedereen een groet 07.31 Jongens van de HJ met hun vlag, waarop een S. 07.34 Vaandel van de NJS 07.35 Van Geelkerken, Lindenburger en een oudere stormer wandelen over het wedstrijdterrein 07.45 Na het brengen der groet door de HJ beelden van de handbalwedstrijd, die door de HJ gewonnen werd 08.23 Afgewisseld met beelden van het publiek, w.o. Lindenburger en Van Geelkerken 08.44 Opening van de tweede dag der spelen met fanfares 08.49 Seyss Inquart verwelkomd door Dr. Lindenburger begroet de deelnemers 09.01 F. Schmidt, Hauptdienstleiter houdt een toespraak voor de deelnemers, die opgesteld staan in carre 09.34 Bij demonstratie van ritmische oefening door de BDM Publiek w.o. v.l.n.r. Van Geelkerken, Seyss Inquart, Lindenburger en Schmidt 10.55 Van Geelkerken, Schmidt en Lindenburger kijken lachend toe terwijl Seyss Inquart de prijzen uitreikt 11.05 Generaal Schumann feliciteert een winnares met een zojuist verworven schilderij van Hitler 11.13 Van Geelkerken geeft een door hem uitgeloofde prijs aan een winnaar, Seyss-Inquart kijkt toe 11.18 Tekst: Met Mussert Hou Zee over het vignet van de Vliegende Hollander geprojecteerd 11.26 Einde"], "publisher": ["Nederlands Instituut voor Beeld en Geluid", "https://www.openbeelden.nl/users/beeldengeluid"], "date": ["1941-01-01"], "type": ["Moving Image"], "extent": ["PT4M44S"], "medium": ["https://www.openbeelden.nl/files/11/26/1127026.1126781.BG25489MPG___-HRE0000595C.mp4", "https://www.openbeelden.nl/files/11/26/1127028.1126781.BG25489MPG___-HRE0000595C.mp4", "https://www.openbeelden.nl/files/11/26/1126781.BG25489MPG___-HRE0000595C.mp4", "https://www.openbeelden.nl/files/11/26/1127030.1126781.BG25489MPG___-HRE0000595C.webm", "https://www.openbeelden.nl/files/11/26/1127032.1126781.BG25489MPG___-HRE0000595C.ogv", "https://www.openbeelden.nl/files/11/26/1127034.1126781.BG25489MPG___-HRE0000595C.ogv", "https://www.openbeelden.nl/files/11/26/1127042.1126781.BG25489MPG____HRE0000595C.m3u8", "https://www.openbeelden.nl/images/1130712/Zomerwedstrijden_van_de_Hitlerjugend_en_de_Nationale_Jeugdstorm_%282_22%29.png"], "identifier": ["48514"], "source": ["BG25489MPG___-HRE0000595C"], "language": ["nl"], "references": [null], "mediator": [null], "spatial": ["Den Haag", "Bosjes van Poot"], "attributionName": ["Filmdienst der NSB (producent)"], "attributionURL": ["https://www.openbeelden.nl/media/1126782"], "license": ["https://creativecommons.org/publicdomain/mark/1.0/"]}