{"title": ["Zomerklanken van het NVV"], "alternative": ["Spiegel der beweging nr. 8, item 2"], "creator": ["Filmdienst der NSB (producent)/Filmdienst NVV"], "subject": ["arbeid", "arbeiders", "fabrieken", "musici", "propagandafilms"], "description": ["NSB-propagandafilm, die beelden toont van een Amsterdamse textielfabriek, waar arbeiders een ontspanningsavondje houden. Het avondje is georganiseerd door de NVV."], "abstract": ["\u201cGeconfisqueerd oorlogsmateriaal: propagandafilms van de Filmdienst der NSB vrijgegeven ihkv WOII Open Data Depot in een samenwerkingsverband met Beeld en Geluid en Netwerk Oorlogsbronnen (mei 2018)\u201d  02.21 Tekst : Zomerklanken van het NVV. 02.26 Beelden in een Amsterdamse textielfabriek. 02.43 Kaartjes voor een ontspanningsavond georganiseerd door het NVV worden uitgedeeld. 02.48 Beelden van de bewuste avond, dansjes, een orkestje een clown en harmonikaspelers. 04.14 Einde"], "publisher": ["Nederlands Instituut voor Beeld en Geluid", "https://www.openbeelden.nl/users/beeldengeluid"], "date": ["1941-01-01"], "type": ["Moving Image"], "extent": ["PT1M58S"], "medium": ["https://www.openbeelden.nl/files/11/26/1127169.1126828.BG_27433_MPG_-FHD00Z02CZG.mp4", "https://www.openbeelden.nl/files/11/26/1127171.1126828.BG_27433_MPG_-FHD00Z02CZG.mp4", "https://www.openbeelden.nl/files/11/26/1126828.BG_27433_MPG_-FHD00Z02CZG.mp4", "https://www.openbeelden.nl/files/11/26/1127173.1126828.BG_27433_MPG_-FHD00Z02CZG.webm", "https://www.openbeelden.nl/files/11/26/1127175.1126828.BG_27433_MPG_-FHD00Z02CZG.ogv", "https://www.openbeelden.nl/files/11/26/1127177.1126828.BG_27433_MPG_-FHD00Z02CZG.ogv", "https://www.openbeelden.nl/files/11/26/1127211.1126828.BG_27433_MPG__FHD00Z02CZG.m3u8", "https://www.openbeelden.nl/images/1130720/Zomerklanken_van_het_NVV_%280_59%29.png"], "identifier": ["49709"], "source": ["BG_27433_MPG_-FHD00Z02CZG"], "language": ["nl"], "references": [null], "mediator": [null], "spatial": ["Amsterdam"], "attributionName": ["Filmdienst der NSB (producent)/Filmdienst NVV"], "attributionURL": ["https://www.openbeelden.nl/media/1126829"], "license": ["https://creativecommons.org/publicdomain/mark/1.0/"]}