{"title": ["Kamp te Vierhouten"], "alternative": ["Spiegel der beweging nr. 34, item 7"], "creator": ["Filmdienst der NSB (producent)"], "subject": ["kampen", "propagandafilms", "schaalmodellen", "vliegtuigen"], "description": ["NSB-propagandafilm.\u00a0"], "abstract": ["\u201cGeconfisqueerd oorlogsmateriaal: propagandafilms van de Filmdienst der NSB vrijgegeven ihkv WOII Open Data Depot in een samenwerkingsverband met Beeld en Geluid en Netwerk Oorlogsbronnen (mei 2018)\u201d  06.58 Ned. Vereniging voor Luchtvaart organiseerde te Vierhouten een kamp. 07.00 Jongens leren in een werkplaats modelvliegtuigen bouwen. 07.28 Buiten worden proeven genomen met de modellen, welke blijven het langst in de lucht? 07.53 Einde"], "publisher": ["Nederlands Instituut voor Beeld en Geluid", "https://www.openbeelden.nl/users/beeldengeluid"], "date": ["1943-01-01"], "type": ["Moving Image"], "extent": ["PT55S"], "medium": ["https://www.openbeelden.nl/files/11/27/1128490.1127993.BG19091MPG___-HRE00003491.mp4", "https://www.openbeelden.nl/files/11/27/1128492.1127993.BG19091MPG___-HRE00003491.mp4", "https://www.openbeelden.nl/files/11/27/1127993.BG19091MPG___-HRE00003491.mp4", "https://www.openbeelden.nl/files/11/27/1128494.1127993.BG19091MPG___-HRE00003491.webm", "https://www.openbeelden.nl/files/11/27/1128496.1127993.BG19091MPG___-HRE00003491.ogv", "https://www.openbeelden.nl/files/11/27/1128498.1127993.BG19091MPG___-HRE00003491.ogv", "https://www.openbeelden.nl/files/11/27/1128518.1127993.BG19091MPG____HRE00003491.m3u8", "https://www.openbeelden.nl/images/1130785/Kamp_te_Vierhouten_%280_27%29.png"], "identifier": ["48448"], "source": ["BG19091MPG___-HRE00003491"], "language": ["nl"], "references": [null], "mediator": [null], "spatial": ["Vierhouten"], "attributionName": ["Filmdienst der NSB (producent)"], "attributionURL": ["https://www.openbeelden.nl/media/1127994"], "license": ["https://creativecommons.org/publicdomain/mark/1.0/"]}