{"title": ["Met Duitschland voor een vrij Nederland"], "alternative": ["Tobis Hollands Nieuws, item 7 "], "creator": ["Filmdienst der NSB (producent)/Tobis Hollands Nieuws"], "subject": ["kranten", "landbouw", "militairen", "oogsten", "propagandafilms", "stations"], "description": ["NSB-propagandafilm van de NSB gericht tegen de westerse mogendheden, de kapitalistische economie en de situatie van de crisis in Nederland.\u00a0"], "abstract": ["\u201cGeconfisqueerd oorlogsmateriaal: propagandafilms van de Filmdienst der NSB vrijgegeven ihkv WOII Open Data Depot in een samenwerkingsverband met Beeld en Geluid en Netwerk Oorlogsbronnen (mei 2018)\u201d  NSB-propagandafilm van de NSB gericht tegen de westerse mogendheden, de kapitalistische economie en de situatie van de crisis in Nederland. Beelden van de invallen van de Duitsers in Nederland, die in de film worden afgeschilderd als de bevrijders van Europa."], "publisher": ["Nederlands Instituut voor Beeld en Geluid", "https://www.openbeelden.nl/users/beeldengeluid"], "date": ["1941-01-01"], "type": ["Moving Image"], "extent": ["PT1M35S"], "medium": ["https://www.openbeelden.nl/files/11/27/1128001.1127739.BG28115MPG___-HRE00003780.mp4", "https://www.openbeelden.nl/files/11/27/1128003.1127739.BG28115MPG___-HRE00003780.mp4", "https://www.openbeelden.nl/files/11/27/1127739.BG28115MPG___-HRE00003780.mp4", "https://www.openbeelden.nl/files/11/27/1128005.1127739.BG28115MPG___-HRE00003780.webm", "https://www.openbeelden.nl/files/11/27/1128007.1127739.BG28115MPG___-HRE00003780.ogv", "https://www.openbeelden.nl/files/11/27/1128009.1127739.BG28115MPG___-HRE00003780.ogv", "https://www.openbeelden.nl/files/11/27/1128019.1127739.BG28115MPG____HRE00003780.m3u8", "https://www.openbeelden.nl/images/1130754/Met_Duitschland_voor_een_vrij_Nederland_%280_47%29.png"], "identifier": ["51392"], "source": ["BG28115MPG___-HRE00003780"], "language": ["nl"], "references": [null], "mediator": [null], "attributionName": ["Filmdienst der NSB (producent)/Tobis Hollands Nieuws"], "attributionURL": ["https://www.openbeelden.nl/media/1127740"], "license": ["https://creativecommons.org/publicdomain/mark/1.0/"]}