{"title": ["Kinderen op vakantie"], "alternative": ["Spiegel der beweging nr. ?, item 3"], "creator": ["Filmdienst der NSB (producent)"], "subject": ["kinderen", "ouders", "propagandafilms", "treinen", "vakantie"], "description": ["NSB-propagandafilm.\u00a0"], "abstract": ["\u201cGeconfisqueerd oorlogsmateriaal: propagandafilms van de Filmdienst der NSB vrijgegeven ihkv WOII Open Data Depot in een samenwerkingsverband met Beeld en Geluid en Netwerk Oorlogsbronnen (mei 2018)\u201d  03.13 800 kinderen gaan met vakantie naar Thuringen. 03.17 Station, kinderen stappen in de trein, weggebracht door hun ouders. 03.46 Vertrek van de trein. 04.02 Einde"], "publisher": ["Nederlands Instituut voor Beeld en Geluid", "https://www.openbeelden.nl/users/beeldengeluid"], "date": ["1942-01-01"], "type": ["Moving Image"], "extent": ["PT50S"], "medium": ["https://www.openbeelden.nl/files/11/28/1128795.1128162.BG21329MPG___-HRE0000529C.mp4", "https://www.openbeelden.nl/files/11/28/1128797.1128162.BG21329MPG___-HRE0000529C.mp4", "https://www.openbeelden.nl/files/11/28/1128162.BG21329MPG___-HRE0000529C.mp4", "https://www.openbeelden.nl/files/11/28/1128799.1128162.BG21329MPG___-HRE0000529C.webm", "https://www.openbeelden.nl/files/11/28/1128801.1128162.BG21329MPG___-HRE0000529C.ogv", "https://www.openbeelden.nl/files/11/28/1128803.1128162.BG21329MPG___-HRE0000529C.ogv", "https://www.openbeelden.nl/files/11/28/1128819.1128162.BG21329MPG____HRE0000529C.m3u8", "https://www.openbeelden.nl/images/1130871/Kinderen_op_vakantie_%280_25%29.png"], "identifier": ["48523"], "source": ["BG21329MPG___-HRE0000529C"], "language": ["nl"], "references": [null], "mediator": [null], "spatial": ["Amsterdam"], "attributionName": ["Filmdienst der NSB (producent)"], "attributionURL": ["https://www.openbeelden.nl/media/1128163"], "license": ["https://creativecommons.org/publicdomain/mark/1.0/"]}