{"title": ["Afscheid van Nederlandse vrijwilligers voor vertrek naar het Oostfront"], "alternative": ["Spiegel der beweging nr. 27, item 1"], "creator": ["Filmdienst der NSB (producent)"], "subject": ["oorlogsvrijwilligers", "propagandafilms"], "description": ["NSB-propagandafilm/filmjournaal van de NSB.\u00a0"], "abstract": ["\u201cGeconfisqueerd oorlogsmateriaal: propagandafilms van de Filmdienst der NSB vrijgegeven ihkv WOII Open Data Depot in een samenwerkingsverband met Beeld en Geluid en Netwerk Oorlogsbronnen (mei 2018)\u201d  00.00 Aankondiging Spiegel der Beweging geprojecteerd over verschillende NSB vignetten. 00.19 Contingent van ruin 200 vrijwilligers opgesteld in de Haagse Dierentuin nog niet in uniform. 00.30 Enkele hoogwaardigheidsbekleders komen afscheid nemen van de vrijw. v.l.n.r. Van Geelkerken en Mussert. 00.33 Rauter staat rechts naast Mussert. 00.36 Seyffardt is tussen Van Geelkerken en Mussert in gaan staan. 00.39 Na een handdruk van Mussert met de commandant van de vrijwilligers nog een inspectie van de troep. 00.59 Einde"], "publisher": ["Nederlands Instituut voor Beeld en Geluid", "https://www.openbeelden.nl/users/beeldengeluid"], "date": ["1943-01-01"], "type": ["Moving Image"], "extent": ["PT1M0S"], "medium": ["https://www.openbeelden.nl/files/11/28/1128782.1128142.BG27187MPG___-HRE00002048.mp4", "https://www.openbeelden.nl/files/11/28/1128784.1128142.BG27187MPG___-HRE00002048.mp4", "https://www.openbeelden.nl/files/11/28/1128142.BG27187MPG___-HRE00002048.mp4", "https://www.openbeelden.nl/files/11/28/1128786.1128142.BG27187MPG___-HRE00002048.webm", "https://www.openbeelden.nl/files/11/28/1128788.1128142.BG27187MPG___-HRE00002048.ogv", "https://www.openbeelden.nl/files/11/28/1128790.1128142.BG27187MPG___-HRE00002048.ogv", "https://www.openbeelden.nl/files/11/28/1128806.1128142.BG27187MPG____HRE00002048.m3u8", "https://www.openbeelden.nl/images/1130870/Afscheid_van_Nederlandse_vrijwilligers_voor_vertrek_naar_het_Oostfront_%280_30%29.png"], "identifier": ["48955"], "source": ["BG27187MPG___-HRE00002048"], "language": ["nl"], "references": [null], "mediator": [null], "spatial": ["Den Haag"], "attributionName": ["Filmdienst der NSB (producent)"], "attributionURL": ["https://www.openbeelden.nl/media/1128143"], "license": ["https://creativecommons.org/publicdomain/mark/1.0/"]}