{"title": ["Benoeming van Roskam tot leider van de Nederlandse landstand"], "alternative": ["Spiegel der beweging nr. 17, item 1"], "creator": ["Filmdienst der NSB (producent)"], "subject": ["ambtsaanvaardingen", "boeren", "landbouw", "organisaties", "platteland", "propagandafilms", "runderen"], "description": ["NSB-propagandafilm.\u00a0"], "abstract": ["\u201cGeconfisqueerd oorlogsmateriaal: propagandafilms van de Filmdienst der NSB vrijgegeven ihkv WOII Open Data Depot in een samenwerkingsverband met Beeld en Geluid en Netwerk Oorlogsbronnen (mei 2018)\u201d  00.00 Aankondiging, Spiegel der Beweging. geprojecteerd over vignetten van de verschillende NSB afdelingen. 00.20 Vignet van de Landstand, ronddraaiend. Tekst; Onlangs is de Ned. Landstand opgericht en tot zijn leider werd de heer Roskam benoemd. 00.27 Roskam in beeld terwijl hij een toespraak houdt. De commentaarstem spreekt door. 00.46 Terwijl beelden van het boerenwerk te zien zijn, zoals koeienweiden oogsten, ploegen enz.. 01.38 Einde"], "publisher": ["Nederlands Instituut voor Beeld en Geluid", "https://www.openbeelden.nl/users/beeldengeluid"], "date": ["1942-01-01"], "type": ["Moving Image"], "extent": ["PT1M38S"], "medium": ["https://www.openbeelden.nl/files/11/28/1128707.1128117.BG27436MPG___-HRE00002354.mp4", "https://www.openbeelden.nl/files/11/28/1128709.1128117.BG27436MPG___-HRE00002354.mp4", "https://www.openbeelden.nl/files/11/28/1128117.BG27436MPG___-HRE00002354.mp4", "https://www.openbeelden.nl/files/11/28/1128711.1128117.BG27436MPG___-HRE00002354.webm", "https://www.openbeelden.nl/files/11/28/1128713.1128117.BG27436MPG___-HRE00002354.ogv", "https://www.openbeelden.nl/files/11/28/1128715.1128117.BG27436MPG___-HRE00002354.ogv", "https://www.openbeelden.nl/files/11/28/1128750.1128117.BG27436MPG____HRE00002354.m3u8", "https://www.openbeelden.nl/images/1130866/Benoeming_van_Roskam_tot_leider_van_de_Nederlandse_landstand_%280_49%29.png"], "identifier": ["47801"], "source": ["BG27436MPG___-HRE00002354"], "language": ["nl"], "references": [null], "mediator": [null], "attributionName": ["Filmdienst der NSB (producent)"], "attributionURL": ["https://www.openbeelden.nl/media/1128118"], "license": ["https://creativecommons.org/publicdomain/mark/1.0/"]}