{"title": ["De kleinste school van Noord-Holland", "The smallest school in North Holland"], "alternative": ["Weeknummer 55-30", "Week number 55-30"], "creator": ["Polygoon-Profilti (producent) / Nederlands Instituut voor Beeld en Geluid (beheerder)", "Polygoon-Profilti (producer) / Netherlands Institute for Sound and Vision (curator)"], "subject": ["basisonderwijs", "scholen"], "description": ["Bioscoopjournaals waarin Nederlandse onderwerpen van een bepaalde week worden gepresenteerd.", "Newsreels in which Dutch subjects of a certain week are presented."], "abstract": ["De Openbare Lagere School Uitdam is de kleinste school van Noord-Holland, met onderwijzer Jansen, elf leerlingen in zes klassen en \u00e9\u00e9n lokaal. Met oa een gymnastiekles.", "With teacher Jansen, eleven students in six classes and one classroom, the Public Primary School Uitdam is teh smallest school in North Holland. With a.o. gymnastics lessons."], "publisher": ["Nederlands Instituut voor Beeld en Geluid", "https://www.openbeelden.nl/users/beeldengeluid"], "date": ["1955-07-14"], "type": ["Moving Image"], "extent": ["PT1M14S"], "medium": ["https://www.openbeelden.nl/files/11/11342.11329.WEEKNUMMER553-HRE0000D68D.mp4", "https://www.openbeelden.nl/files/11/11336.11329.WEEKNUMMER553-HRE0000D68D.ogv", "https://www.openbeelden.nl/files/11/11339.11329.WEEKNUMMER553-HRE0000D68D.ogv", "https://www.openbeelden.nl/files/11/35337.11329.WEEKNUMMER553-HRE0000D68D.m3u8", "https://www.openbeelden.nl/files/11/35307.11329.WEEKNUMMER553-HRE0000D68D.ts", "https://www.openbeelden.nl/files/11/11333.11329.WEEKNUMMER553-HRE0000D68D.mpeg", "https://www.openbeelden.nl/files/11/11329.WEEKNUMMER553-HRE0000D68D.mpg", "https://www.openbeelden.nl/images/603960/De_kleinste_school_van_Noord-Holland_%280_37%29.png"], "identifier": ["511842"], "source": ["WEEKNUMMER553-HRE0000D68D", "WEEKNUMMER553-HRE0000D68D"], "language": ["nl"], "references": [null], "mediator": ["Wikimedia Commons"], "attributionName": ["Polygoon-Profilti (producent) / Nederlands Instituut voor Beeld en Geluid (beheerder)"], "attributionURL": ["https://www.openbeelden.nl/media/11331"], "license": ["https://creativecommons.org/licenses/by-sa/3.0/nl/"]}