{"title": ["Amsterdamse scholieren schoppen het ver", "Students from Amsterdam come a long way"], "alternative": ["Weeknummer 59-20", "Week number 59-20"], "creator": ["Polygoon-Profilti (producent) / Nederlands Instituut voor Beeld en Geluid (beheerder)", "Polygoon-Profilti (producer) / Netherlands Institute for Sound and Vision (curator)"], "subject": ["jeugd", "voetbal"], "description": ["Bioscoopjournaals waarin Nederlandse onderwerpen van een bepaalde week worden gepresenteerd.", "Newsreels in which Dutch subjects of a certain week are presented."], "abstract": ["Schoolvoetbaltoernooi op het AFC-terrein te Amsterdam. Leerlingen van de Kohnstamm-school winnen de wedstrijd van leerlingen van de Wingerdschool met 4-0. Met doelman Wiegertjes van de Kohnstamm-school, en Adje de Jager (drie doelpunten). Na afloop worden de winnaars op de schouder genomen en de verliezers verlaten ge\u00ebmotioneerd het veld.", "School soccer tournament at the AFC terrain in Amsterdam. Students of the Kohnstamm school win the match against the students of the Wingerd school with 4-0. With keeper Wiegertjes of the Kohnstamm school, and Adje de Jager (three goals). Afterwards the winners are carried in victory and the losers get emotional and leave the field."], "publisher": ["Nederlands Instituut voor Beeld en Geluid", "https://www.openbeelden.nl/users/beeldengeluid"], "date": ["1959-05-09"], "type": ["Moving Image"], "extent": ["PT1M29S"], "medium": ["https://www.openbeelden.nl/files/11/11605.11593.WEEKNUMMER592-HRE0000DF81.mp4", "https://www.openbeelden.nl/files/11/11599.11593.WEEKNUMMER592-HRE0000DF81.ogv", "https://www.openbeelden.nl/files/11/11602.11593.WEEKNUMMER592-HRE0000DF81.ogv", "https://www.openbeelden.nl/files/11/35435.11593.WEEKNUMMER592-HRE0000DF81.m3u8", "https://www.openbeelden.nl/files/11/35371.11593.WEEKNUMMER592-HRE0000DF81.ts", "https://www.openbeelden.nl/files/11/11596.11593.WEEKNUMMER592-HRE0000DF81.mpeg", "https://www.openbeelden.nl/files/11/11593.WEEKNUMMER592-HRE0000DF81.mpg", "https://www.openbeelden.nl/images/603951/Amsterdamse_scholieren_schoppen_het_ver_%280_44%29.png"], "identifier": ["518795"], "source": ["WEEKNUMMER592-HRE0000DF81", "WEEKNUMMER592-HRE0000DF81"], "language": ["nl"], "references": [null], "mediator": ["Wikimedia Commons"], "attributionName": ["Polygoon-Profilti (producent) / Nederlands Instituut voor Beeld en Geluid (beheerder)"], "attributionURL": ["https://www.openbeelden.nl/media/11595"], "license": ["https://creativecommons.org/licenses/by-sa/3.0/nl/"]}