{"title": ["Stoorzender"], "alternative": [null], "creator": ["michellem93"], "subject": ["Celluloid Remix inzending"], "description": ["Omdat iedereen een stoorzender in zich heeft, die schreeuwt om aandacht."], "abstract": [null], "publisher": ["michellem93", "https://www.openbeelden.nl/users/michellem93"], "date": ["2012-03-19"], "type": ["Moving Image"], "extent": ["PT1M7S"], "medium": ["https://www.openbeelden.nl/files/01/18/118506.118493.Stoorzender.mp4", "https://www.openbeelden.nl/files/01/18/118508.118493.Stoorzender.mp4", "https://www.openbeelden.nl/files/01/18/118510.118493.Stoorzender.webm", "https://www.openbeelden.nl/files/01/18/118502.118493.Stoorzender.ogv", "https://www.openbeelden.nl/files/01/18/118504.118493.Stoorzender.ogv", "https://www.openbeelden.nl/files/01/18/118520.118493.Stoorzender.m3u8", "https://www.openbeelden.nl/files/01/18/118512.118493.Stoorzender.ts", "https://www.openbeelden.nl/files/01/18/118496.118493.Stoorzender.mpeg", "https://www.openbeelden.nl/images/603075/Stoorzender_%280_33%29.png"], "language": ["nl"], "references": [null], "mediator": [null], "attributionName": ["michellem93"], "attributionURL": ["https://www.openbeelden.nl/media/118494"], "license": ["https://creativecommons.org/licenses/by-sa/3.0/nl/"]}