{"title": ["AVRO-cross een succes", "AVRO-cross a success"], "alternative": ["Weeknummer 67-15", "Week number 67-15"], "creator": ["Polygoon-Profilti (producent) / Nederlands Instituut voor Beeld en Geluid (beheerder)", "Polygoon-Profilti (producer) / Netherlands Institute for Sound and Vision (curator)"], "subject": ["veldloop", "Avro-cross", "cross country run", "Avro-cross"], "description": ["Bioscoopjournaals waarin Nederlandse onderwerpen van een bepaalde week worden gepresenteerd.", "Newsreels in which Dutch subjects of a certain week are presented."], "abstract": ["Enkele duizenden mensen nemen deel aan de derde AVRO-cross te Hilversum. Na afloop krijgen de deelnemers een speldje.", "A few thousand people participate in the third AVRO-cross in Hilversum. All the participants receive a pin afterwards."], "publisher": ["Nederlands Instituut voor Beeld en Geluid", "https://www.openbeelden.nl/users/beeldengeluid"], "contributor": ["Bloemendal, Philip ( commentaar)"], "date": ["1967-04-01"], "type": ["Moving Image"], "extent": ["PT1M7S"], "medium": ["https://www.openbeelden.nl/files/01/19/119525.119512.WEEKNUMMER671-HRE00015279.mp4", "https://www.openbeelden.nl/files/01/19/119527.119512.WEEKNUMMER671-HRE00015279.mp4", "https://www.openbeelden.nl/files/01/19/119529.119512.WEEKNUMMER671-HRE00015279.webm", "https://www.openbeelden.nl/files/01/19/119521.119512.WEEKNUMMER671-HRE00015279.ogv", "https://www.openbeelden.nl/files/01/19/119523.119512.WEEKNUMMER671-HRE00015279.ogv", "https://www.openbeelden.nl/files/01/19/119592.119512.WEEKNUMMER671_HRE00015279.m3u8", "https://www.openbeelden.nl/files/01/19/119531.119512.WEEKNUMMER671-HRE00015279.ts", "https://www.openbeelden.nl/files/01/19/119515.119512.WEEKNUMMER671-HRE00015279.mpeg", "https://www.openbeelden.nl/files/01/19/119512.WEEKNUMMER671-HRE00015279.mpg", "https://www.openbeelden.nl/images/603068/AVRO-cross_een_succes_%280_33%29.png"], "identifier": ["513050"], "source": ["WEEKNUMMER671-HRE00015279"], "language": ["en"], "references": [null], "mediator": ["Wikimedia Commons"], "spatial": ["Hilversum", "Nederland", "Hilversum", "Netherlands"], "attributionName": ["Polygoon-Profilti (producent) / Nederlands Instituut voor Beeld en Geluid (beheerder)"], "attributionURL": ["https://www.openbeelden.nl/media/119513"], "license": ["https://creativecommons.org/licenses/by-sa/3.0/nl/"]}