{"title": ["Studenten zoeken kamers", "Students are looking for a room"], "alternative": ["Weeknummer 65-38", "Week number 65-38"], "creator": ["Polygoon-Profilti (producent) / Nederlands Instituut voor Beeld en Geluid (beheerder)", "Polygoon-Profilti (producer) / Netherlands Institute for Sound and Vision (curator)"], "subject": ["kamerverhuur", "studenten"], "description": ["Bioscoopjournaals waarin Nederlandse onderwerpen van een bepaalde week worden gepresenteerd.", "Newsreels in which Dutch subjects of a certain week are presented."], "abstract": ["Studenten zoeken woonruimte in Amsterdam. Een student zoekt kameradvertenties in een krant uit en anderen vragen bij een speciaal huisvestingbureau naar kamers. Studenten hebben tijdelijk onderdak gevonden in een huis dat op de nominatie staat om afgebroken te worden. Bij het Amstelstation staat het studentenhuis Casa Academica en ook elders in de stad worden studentenflats gebouwd. Vanwege de kamernood gaan studenten met spandoeken de straat op en op de Dam zit een student in een ton.", "Students are looking for a place to live in Amsterdam. A student looks for room advertisements in the newspaper and others ask for a room at a special housing bureau. Students are temporarily staying at a house that is on the list to be taken down. Near the Amstel station is student hosuing Casa Academica and elsewhere in the city new blocks of flats are build for students. Because of the room shortage, the students march the streets carrying banners and on the Dam a student lives in a barrel."], "publisher": ["Nederlands Instituut voor Beeld en Geluid", "https://www.openbeelden.nl/users/beeldengeluid"], "date": ["1965-09-01"], "type": ["Moving Image"], "extent": ["PT1M53S"], "medium": ["https://www.openbeelden.nl/files/11/11989.11977.WEEKNUMMER653-HRE0001679F.mp4", "https://www.openbeelden.nl/files/11/11983.11977.WEEKNUMMER653-HRE0001679F.ogv", "https://www.openbeelden.nl/files/11/11986.11977.WEEKNUMMER653-HRE0001679F.ogv", "https://www.openbeelden.nl/files/11/35558.11977.WEEKNUMMER653-HRE0001679F.m3u8", "https://www.openbeelden.nl/files/11/35501.11977.WEEKNUMMER653-HRE0001679F.ts", "https://www.openbeelden.nl/files/11/11980.11977.WEEKNUMMER653-HRE0001679F.mpeg", "https://www.openbeelden.nl/files/11/11977.WEEKNUMMER653-HRE0001679F.mpg", "https://www.openbeelden.nl/images/603691/Studenten_zoeken_kamers_%280_56%29.png"], "identifier": ["516744"], "source": ["WEEKNUMMER653-HRE0001679F", "WEEKNUMMER653-HRE0001679F"], "language": ["nl"], "references": [null], "mediator": ["Wikimedia Commons"], "attributionName": ["Polygoon-Profilti (producent) / Nederlands Instituut voor Beeld en Geluid (beheerder)"], "attributionURL": ["https://www.openbeelden.nl/media/11976"], "license": ["https://creativecommons.org/licenses/by-sa/3.0/nl/"]}