{"title": ["St. Bernardshonden", "St. Bernards dogs"], "alternative": ["Weeknummer 32-30", "Week number 32-30"], "creator": ["Polygoon-Profilti (producent) / Nederlands Instituut voor Beeld en Geluid (beheerder)", "Polygoon-Profilti (producer) / Netherlands Institute for Sound and Vision (curator)"], "subject": ["honden", "dogs"], "description": ["Bioscoopjournaals waarin Nederlandse onderwerpen van een bepaalde week worden gepresenteerd.", "Newsreels in which Dutch subjects of a certain week are presented."], "abstract": ["-Div. shots mensen wandelen met Sint-Bernardshonden, oa langs raadhuis Hilversum, totaal 30\"; -div. titels(s)/tussentitel(s).", "- Several shots of people walking with St. Bernards dogs, a.o. by the town hall of Hilversum, total 30\"; - several titles/intertitles."], "publisher": ["Nederlands Instituut voor Beeld en Geluid", "https://www.openbeelden.nl/users/beeldengeluid"], "date": ["1932-07-25"], "type": ["Moving Image"], "extent": ["PT35S"], "medium": ["https://www.openbeelden.nl/files/01/19/119813.119800.WEEKNUMMER323-HRE000155E5.mp4", "https://www.openbeelden.nl/files/01/19/119815.119800.WEEKNUMMER323-HRE000155E5.mp4", "https://www.openbeelden.nl/files/01/19/119817.119800.WEEKNUMMER323-HRE000155E5.webm", "https://www.openbeelden.nl/files/01/19/119809.119800.WEEKNUMMER323-HRE000155E5.ogv", "https://www.openbeelden.nl/files/01/19/119811.119800.WEEKNUMMER323-HRE000155E5.ogv", "https://www.openbeelden.nl/files/01/19/119839.119800.WEEKNUMMER323_HRE000155E5.m3u8", "https://www.openbeelden.nl/files/01/19/119819.119800.WEEKNUMMER323-HRE000155E5.ts", "https://www.openbeelden.nl/files/01/19/119803.119800.WEEKNUMMER323-HRE000155E5.mpeg", "https://www.openbeelden.nl/files/01/19/119800.WEEKNUMMER323-HRE000155E5.mpg", "https://www.openbeelden.nl/images/603060/St._Bernardshonden_%280_17%29.png"], "identifier": ["512949"], "source": ["WEEKNUMMER323-HRE000155E5"], "language": ["nl"], "references": [null], "mediator": ["Wikimedia Commons"], "spatial": ["Hilversum", "Nederland", "Hilversum", "Netherlands"], "attributionName": ["Polygoon-Profilti (producent) / Nederlands Instituut voor Beeld en Geluid (beheerder)"], "attributionURL": ["https://www.openbeelden.nl/media/119801"], "license": ["https://creativecommons.org/publicdomain/mark/1.0/"]}