{"title": ["CircusCrash"], "alternative": [null], "creator": ["vrl"], "subject": ["Celluloid Remix inzending"], "description": ["Een Circus Ervaring Om Nooit Te Vergeten!"], "abstract": [null], "publisher": ["vrl", "https://www.openbeelden.nl/users/vrl"], "date": ["2012-04-04"], "type": ["Moving Image"], "extent": ["PT1M0S"], "medium": ["https://www.openbeelden.nl/files/01/21/121862.121851.CircusCrash.mp4", "https://www.openbeelden.nl/files/01/21/121864.121851.CircusCrash.mp4", "https://www.openbeelden.nl/files/01/21/121866.121851.CircusCrash.webm", "https://www.openbeelden.nl/files/01/21/121858.121851.CircusCrash.ogv", "https://www.openbeelden.nl/files/01/21/121860.121851.CircusCrash.ogv", "https://www.openbeelden.nl/files/01/21/121878.121851.CircusCrash.m3u8", "https://www.openbeelden.nl/files/01/21/121868.121851.CircusCrash.ts", "https://www.openbeelden.nl/files/01/21/121854.121851.CircusCrash.mpeg", "https://www.openbeelden.nl/images/603037/CircusCrash_%280_30%29.png"], "language": ["en"], "references": [null], "mediator": [null], "attributionName": ["vrl"], "attributionURL": ["https://www.openbeelden.nl/media/121852"], "license": ["https://creativecommons.org/licenses/by-sa/3.0/nl/"]}