{"title": ["De grote karekiet"], "alternative": [null], "creator": ["NOF/NIAM (producent) / Nederlands Instituut voor Beeld en Geluid (beheerder)"], "subject": ["biologie", "vogels"], "description": ["(Biologie)film over de wonderlijke nestbouw van de grote karekiet."], "abstract": ["We zien de broedverzorging en het grootbrengen van jongen door zowel mannetje als vrouwtje."], "publisher": ["Nederlands Instituut voor Beeld en Geluid", "https://www.openbeelden.nl/users/beeldengeluid"], "date": ["1948-01-01"], "type": ["Moving Image"], "extent": ["PT13M17S"], "medium": ["https://www.openbeelden.nl/files/01/22/122223.122193.DEGROTEKAREKI-HRE0006025C.mp4", "https://www.openbeelden.nl/files/01/22/122225.122193.DEGROTEKAREKI-HRE0006025C.mp4", "https://www.openbeelden.nl/files/01/22/122227.122193.DEGROTEKAREKI-HRE0006025C.webm", "https://www.openbeelden.nl/files/01/22/122219.122193.DEGROTEKAREKI-HRE0006025C.ogv", "https://www.openbeelden.nl/files/01/22/122221.122193.DEGROTEKAREKI-HRE0006025C.ogv", "https://www.openbeelden.nl/files/01/22/122238.122193.DEGROTEKAREKI_HRE0006025C.m3u8", "https://www.openbeelden.nl/files/01/22/122229.122193.DEGROTEKAREKI-HRE0006025C.ts", "https://www.openbeelden.nl/files/01/22/122196.122193.DEGROTEKAREKI-HRE0006025C.mpeg", "https://www.openbeelden.nl/files/01/22/122193.DEGROTEKAREKI-HRE0006025C.mpg", "https://www.openbeelden.nl/images/603036/De_grote_karekiet_%286_38%29.png"], "identifier": ["4529048"], "source": ["DEGROTEKAREKI-HRE0006025C"], "language": ["nl"], "references": [null], "mediator": ["Wikimedia Commons"], "attributionName": ["NOF/NIAM (producent) / Nederlands Instituut voor Beeld en Geluid (beheerder)"], "attributionURL": ["https://www.openbeelden.nl/media/122194"], "license": ["https://creativecommons.org/licenses/by-sa/3.0/nl/"]}