{"title": ["Kaas"], "alternative": [null], "creator": ["NOF/NIAM (producent) / Nederlands Instituut voor Beeld en Geluid (beheerder)"], "subject": ["boerderijen", "zuivelproducten"], "description": ["Film over het maken van Goudse boerenkaas op een boerderij."], "abstract": ["In Nederland bestaan grote kaasfabrieken, maar daarnaast vindt nog op een aantal boerderijen de kaasbereiding in het klein plaats. Het proces van kaasmaken wordt getoond. Tot slot beelden van de kaasmarkt in Gouda en het Waaggebouw."], "publisher": ["Nederlands Instituut voor Beeld en Geluid", "https://www.openbeelden.nl/users/beeldengeluid"], "date": ["1943-01-01"], "type": ["Moving Image"], "extent": ["PT12M49S"], "medium": ["https://www.openbeelden.nl/files/01/22/122398.122382.FNOKAASEXPRES-HRE00060276.mp4", "https://www.openbeelden.nl/files/01/22/122400.122382.FNOKAASEXPRES-HRE00060276.mp4", "https://www.openbeelden.nl/files/01/22/122402.122382.FNOKAASEXPRES-HRE00060276.webm", "https://www.openbeelden.nl/files/01/22/122394.122382.FNOKAASEXPRES-HRE00060276.ogv", "https://www.openbeelden.nl/files/01/22/122396.122382.FNOKAASEXPRES-HRE00060276.ogv", "https://www.openbeelden.nl/files/01/22/125028.122382.FNOKAASEXPRES_HRE00060276.m3u8", "https://www.openbeelden.nl/files/01/22/122404.122382.FNOKAASEXPRES-HRE00060276.ts", "https://www.openbeelden.nl/files/01/22/122385.122382.FNOKAASEXPRES-HRE00060276.mpeg", "https://www.openbeelden.nl/files/01/22/122382.FNOKAASEXPRES-HRE00060276.mpg", "https://www.openbeelden.nl/images/603016/Kaas_%286_24%29.png"], "identifier": ["4532974"], "source": ["FNOKAASEXPRES-HRE00060276"], "language": ["nl"], "references": [null], "mediator": ["Wikimedia Commons"], "attributionName": ["NOF/NIAM (producent) / Nederlands Instituut voor Beeld en Geluid (beheerder)"], "attributionURL": ["https://www.openbeelden.nl/media/122383"], "license": ["https://creativecommons.org/licenses/by-sa/3.0/nl/"]}