{"title": ["Veluwe, akker en bos"], "alternative": ["Deel II"], "creator": ["NOF/NIAM (producent) / Nederlands Instituut voor Beeld en Geluid (beheerder)"], "subject": ["bossen", "granen", "landbouw", "landschappen", "oogsten"], "description": ["Film over de Veluwe."], "abstract": ["Meisje harkt het erf van een boerderij aan, moeder overhandigt een pannetje met warm eten voor vader die op de akker aan het roggemaaien is. Op weg naar de akker passeert het meisje een weiland met koeien, een bospaadje, een perceel eikenhakhout en korenvelden met haver en rogge. Beelden van het maaien van rogge en het binden van de schoven. Het meisje gaat vervolgens met de boswachter op de fiets mee, zij stappen af in een dennenbos, alwaar bosbessen geplukt en gegeten worden. Verder lopend passeren zij een beekje, een nestkastje, bosarbeiders bezig met het transport van een lange boom, een waarschuwing van de Nederlandse Heidemij. voorzichtig te zijn met vuur en een brandtoren. De toren wordt beklommen en boven ontmoeten ze de brandwacht. Panorama van bossen, akkers, heidevelden en zandverstuivingen. Vervolgens mag het meisje op een wagen met korenschoven meerijden naar huis, terwijl akkers met rijpende rogge, maaiers en inhalers worden gepasseerd."], "publisher": ["Nederlands Instituut voor Beeld en Geluid", "https://www.openbeelden.nl/users/beeldengeluid"], "date": ["1943-01-01"], "type": ["Moving Image"], "extent": ["PT17M41S"], "medium": ["https://www.openbeelden.nl/files/01/22/122768.122679.VELUWEAKKEREN-HRE0005EF57.mp4", "https://www.openbeelden.nl/files/01/22/122770.122679.VELUWEAKKEREN-HRE0005EF57.mp4", "https://www.openbeelden.nl/files/01/22/122772.122679.VELUWEAKKEREN-HRE0005EF57.webm", "https://www.openbeelden.nl/files/01/22/122764.122679.VELUWEAKKEREN-HRE0005EF57.ogv", "https://www.openbeelden.nl/files/01/22/122766.122679.VELUWEAKKEREN-HRE0005EF57.ogv", "https://www.openbeelden.nl/files/01/22/122848.122679.VELUWEAKKEREN_HRE0005EF57.m3u8", "https://www.openbeelden.nl/files/01/22/122774.122679.VELUWEAKKEREN-HRE0005EF57.ts", "https://www.openbeelden.nl/files/01/22/122682.122679.VELUWEAKKEREN-HRE0005EF57.mpeg", "https://www.openbeelden.nl/files/01/22/122679.VELUWEAKKEREN-HRE0005EF57.mpg", "https://www.openbeelden.nl/images/603025/Veluwe%2C_akker_en_bos_%288_50%29.png"], "identifier": ["4531753"], "source": ["VELUWEAKKEREN-HRE0005EF57"], "language": ["nl"], "references": [null], "mediator": ["Wikimedia Commons"], "spatial": ["Veluwe"], "attributionName": ["NOF/NIAM (producent) / Nederlands Instituut voor Beeld en Geluid (beheerder)"], "attributionURL": ["https://www.openbeelden.nl/media/122680"], "license": ["https://creativecommons.org/licenses/by-sa/3.0/nl/"]}