{"title": ["Kunstacademie", "Art academy"], "alternative": ["Weeknummer 68-17", "Week number 68-17"], "creator": ["Polygoon-Profilti (producent) / Nederlands Instituut voor Beeld en Geluid (beheerder)", "Polygoon-Profilti (producer) / Netherlands Institute for Sound and Vision (curator)"], "subject": ["kunstacademies", "schilderen", "leerlingen"], "description": ["Bioscoopjournaals waarin Nederlandse onderwerpen van een bepaalde week worden gepresenteerd.", "Newsreels in which Dutch subjects of a certain week are presented."], "abstract": ["Leerlingen van de Stichting Suriname Academie voor Beeldende Kunst tekenen en schilderen historische gebouwen in Paramaribo, oa het Nationaal Monument voor Gevallenen, het Fort Zeelandia, het stadhuis, het oudste woonhuis van Paramaribo en het Gouvernementspaleis. Een tropische regenbui verstoort de les in de openlucht.", "Students of the Suriname Academy of Arts Foundation draw and paint historical buildings in Paramaribo, a.o. the National Monument for the Fallen, the Fort Zeelandia, the city hall, the oldest house of Paramaribo and the Government Palace. A tropical rain shower distrubs the open-air lessons."], "publisher": ["Nederlands Instituut voor Beeld en Geluid", "https://www.openbeelden.nl/users/beeldengeluid"], "date": ["1968-04-01"], "type": ["Moving Image"], "extent": ["PT1M31S"], "medium": ["https://www.openbeelden.nl/files/12/12372.12359.WEEKNUMMER681-HRE00010007.mp4", "https://www.openbeelden.nl/files/12/12366.12359.WEEKNUMMER681-HRE00010007.ogv", "https://www.openbeelden.nl/files/12/12369.12359.WEEKNUMMER681-HRE00010007.ogv", "https://www.openbeelden.nl/files/12/35582.12359.WEEKNUMMER681-HRE00010007.m3u8", "https://www.openbeelden.nl/files/12/35525.12359.WEEKNUMMER681-HRE00010007.ts", "https://www.openbeelden.nl/files/12/12363.12359.WEEKNUMMER681-HRE00010007.mpeg", "https://www.openbeelden.nl/files/12/12359.WEEKNUMMER681-HRE00010007.mpg", "https://www.openbeelden.nl/images/603678/Kunstacademie_%280_45%29.png"], "identifier": ["525096"], "source": ["WEEKNUMMER681-HRE00010007", "WEEKNUMMER681-HRE00010007"], "language": ["nl"], "references": [null], "mediator": ["Wikimedia Commons"], "attributionName": ["Polygoon-Profilti (producent) / Nederlands Instituut voor Beeld en Geluid (beheerder)"], "attributionURL": ["https://www.openbeelden.nl/media/12360"], "license": ["https://creativecommons.org/licenses/by-sa/3.0/nl/"]}