{"title": ["Tabak en sigaren"], "alternative": [null], "creator": ["NOF/NIAM (producent) / Nederlands Instituut voor Beeld en Geluid (beheerder)"], "subject": ["sigaren", "tabak"], "description": ["Film over tabaksteelt."], "abstract": ["De Nederlandse tabaksteelt wordt voornamelijk in de omgeving van Amerongen in de provincie Utrecht uitgeoefend, de invoer van tabak voor fijnere sigaren vindt o.a. vanuit Brazili\u00eb en Havana (Cuba) plaats. Het \u00e9\u00e9n en ander houdt meestal nog handwerk in. In het eerste deel van de film is de Nederlandse teelt te zien, in de tweede helft wordt getoond hoe de fijnere sigaren gemaakt worden."], "publisher": ["Nederlands Instituut voor Beeld en Geluid", "https://www.openbeelden.nl/users/beeldengeluid"], "date": ["1943-01-01"], "type": ["Moving Image"], "extent": ["PT18M41S"], "medium": ["https://www.openbeelden.nl/files/01/23/123778.123745.FNOTABAKENSIG-HRE000600A5.mp4", "https://www.openbeelden.nl/files/01/23/123780.123745.FNOTABAKENSIG-HRE000600A5.mp4", "https://www.openbeelden.nl/files/01/23/123782.123745.FNOTABAKENSIG-HRE000600A5.webm", "https://www.openbeelden.nl/files/01/23/123774.123745.FNOTABAKENSIG-HRE000600A5.ogv", "https://www.openbeelden.nl/files/01/23/123776.123745.FNOTABAKENSIG-HRE000600A5.ogv", "https://www.openbeelden.nl/files/01/23/123886.123745.FNOTABAKENSIG_HRE000600A5.m3u8", "https://www.openbeelden.nl/files/01/23/123784.123745.FNOTABAKENSIG-HRE000600A5.ts", "https://www.openbeelden.nl/files/01/23/123748.123745.FNOTABAKENSIG-HRE000600A5.mpeg", "https://www.openbeelden.nl/files/01/23/123745.FNOTABAKENSIG-HRE000600A5.mpg", "https://www.openbeelden.nl/images/603002/Tabak_en_sigaren_%289_20%29.png"], "identifier": ["4535308"], "source": ["FNOTABAKENSIG-HRE000600A5"], "language": ["nl"], "references": [null], "mediator": ["Wikimedia Commons"], "spatial": ["Amerongen", "Noord-Brabant"], "attributionName": ["NOF/NIAM (producent) / Nederlands Instituut voor Beeld en Geluid (beheerder)"], "attributionURL": ["https://www.openbeelden.nl/media/123746"], "license": ["https://creativecommons.org/licenses/by-sa/3.0/nl/"]}