{"title": ["Het dorp"], "alternative": ["Deel 1"], "creator": ["NOF/NIAM (producent) / Nederlands Instituut voor Beeld en Geluid (beheerder)"], "subject": ["dorpen"], "description": ["Film over het leven in een dorpsgemeenschap."], "abstract": ["Film over het leven in een dorpsgemeenschap van Nisse (Zuid-Beveland), ongeveer 6 kilometer ten zuiden van Goes."], "publisher": ["Nederlands Instituut voor Beeld en Geluid", "https://www.openbeelden.nl/users/beeldengeluid"], "date": ["1955-01-01"], "type": ["Moving Image"], "extent": ["PT13M46S"], "medium": ["https://www.openbeelden.nl/files/01/23/123849.123817.FNOHETDORPEXP-HRE0005FD77.mp4", "https://www.openbeelden.nl/files/01/23/123851.123817.FNOHETDORPEXP-HRE0005FD77.mp4", "https://www.openbeelden.nl/files/01/23/123853.123817.FNOHETDORPEXP-HRE0005FD77.webm", "https://www.openbeelden.nl/files/01/23/123845.123817.FNOHETDORPEXP-HRE0005FD77.ogv", "https://www.openbeelden.nl/files/01/23/123847.123817.FNOHETDORPEXP-HRE0005FD77.ogv", "https://www.openbeelden.nl/files/01/23/123914.123817.FNOHETDORPEXP_HRE0005FD77.m3u8", "https://www.openbeelden.nl/files/01/23/123855.123817.FNOHETDORPEXP-HRE0005FD77.ts", "https://www.openbeelden.nl/files/01/23/123820.123817.FNOHETDORPEXP-HRE0005FD77.mpeg", "https://www.openbeelden.nl/files/01/23/123817.FNOHETDORPEXP-HRE0005FD77.mpg", "https://www.openbeelden.nl/images/602998/Het_dorp_%286_53%29.png"], "identifier": ["4533587"], "source": ["FNOHETDORPEXP-HRE0005FD77"], "language": ["nl"], "references": [null], "mediator": ["Wikimedia Commons"], "spatial": ["Nisse", "Zeeland", "Zuid-Beveland"], "attributionName": ["NOF/NIAM (producent) / Nederlands Instituut voor Beeld en Geluid (beheerder)"], "attributionURL": ["https://www.openbeelden.nl/media/123818"], "license": ["https://creativecommons.org/licenses/by-sa/3.0/nl/"]}