{"title": ["Dance battle"], "alternative": [null], "creator": ["Leonie Annevelink"], "subject": ["Celluloid Remix inzending"], "description": ["Is it the ultimate dance battle, or not? \u00a0"], "abstract": ["The ultimate dance battle."], "publisher": ["leoniejantienanne", "https://www.openbeelden.nl/users/leoniejantienanne"], "date": ["2012-04-24"], "type": ["Moving Image"], "extent": ["PT1M14S"], "medium": ["https://www.openbeelden.nl/files/01/25/125324.125312.Dancebattle.mp4", "https://www.openbeelden.nl/files/01/25/125326.125312.Dancebattle.mp4", "https://www.openbeelden.nl/files/01/25/125328.125312.Dancebattle.webm", "https://www.openbeelden.nl/files/01/25/125320.125312.Dancebattle.ogv", "https://www.openbeelden.nl/files/01/25/125322.125312.Dancebattle.ogv", "https://www.openbeelden.nl/files/01/25/125341.125312.Dancebattle.m3u8", "https://www.openbeelden.nl/files/01/25/125330.125312.Dancebattle.ts", "https://www.openbeelden.nl/files/01/25/125315.125312.Dancebattle.mpeg", "https://www.openbeelden.nl/images/602979/Dance_battle_%280_37%29.png"], "language": ["en"], "references": [null], "mediator": [null], "attributionName": ["Leonie Annevelink"], "attributionURL": ["https://www.openbeelden.nl/media/125313"], "license": ["https://creativecommons.org/licenses/by-sa/3.0/nl/"]}