{"title": ["'This is not a Love Story' Or 'Life of a Secret Agent'"], "alternative": [null], "creator": ["thetis"], "subject": ["Celluloid Remix inzending"], "description": ["The life of a secret agent given in a promo style. music: cdk - Rock Song (under Creative Commons Licence, http://ccmixter.org/files/cdk/10843)"], "abstract": [null], "publisher": ["thetis", "https://www.openbeelden.nl/users/thetis"], "date": ["2012-04-24"], "type": ["Moving Image"], "extent": ["PT2M55S"], "medium": ["https://www.openbeelden.nl/files/01/25/125620.125605.ThisIsNotaLoveStory.mp4", "https://www.openbeelden.nl/files/01/25/125622.125605.ThisIsNotaLoveStory.mp4", "https://www.openbeelden.nl/files/01/25/125605.ThisIsNotaLoveStory.mp4", "https://www.openbeelden.nl/files/01/25/125624.125605.ThisIsNotaLoveStory.webm", "https://www.openbeelden.nl/files/01/25/125616.125605.ThisIsNotaLoveStory.ogv", "https://www.openbeelden.nl/files/01/25/125618.125605.ThisIsNotaLoveStory.ogv", "https://www.openbeelden.nl/files/01/25/125665.125605.ThisIsNotaLoveStory.m3u8", "https://www.openbeelden.nl/files/01/25/125626.125605.ThisIsNotaLoveStory.ts", "https://www.openbeelden.nl/files/01/25/125608.125605.ThisIsNotaLoveStory.mpeg", "https://www.openbeelden.nl/images/602972/%27This_is_not_a_Love_Story%27_Or_%27Life_of_a_Secret_Agent%27_%281_27%29.png"], "language": ["en"], "references": [null], "mediator": [null], "attributionName": ["thetis"], "attributionURL": ["https://www.openbeelden.nl/media/125606"], "license": ["https://creativecommons.org/licenses/by-sa/3.0/nl/"]}