{"title": ["Untitled"], "alternative": [null], "creator": ["danielgrapes"], "subject": ["Celluloid Remix inzending"], "description": ["Archive / Video / Space"], "abstract": [null], "publisher": ["danielgrapes", "https://www.openbeelden.nl/users/danielgrapes"], "date": ["2012-04-24"], "type": ["Moving Image"], "extent": ["PT2M23S"], "medium": ["https://www.openbeelden.nl/files/01/25/125794.125754.IPHONE_composit_final-5.mp4", "https://www.openbeelden.nl/files/01/25/125796.125754.IPHONE_composit_final-5.mp4", "https://www.openbeelden.nl/files/01/25/125754.IPHONE_composit_final-5.mp4", "https://www.openbeelden.nl/files/01/25/125798.125754.IPHONE_composit_final-5.webm", "https://www.openbeelden.nl/files/01/25/125790.125754.IPHONE_composit_final-5.ogv", "https://www.openbeelden.nl/files/01/25/125792.125754.IPHONE_composit_final-5.ogv", "https://www.openbeelden.nl/files/01/25/125828.125754.IPHONE_composit_final_5.m3u8", "https://www.openbeelden.nl/files/01/25/125800.125754.IPHONE_composit_final-5.ts", "https://www.openbeelden.nl/files/01/25/125757.125754.IPHONE_composit_final-5.mpeg", "https://www.openbeelden.nl/images/602968/Untitled_%281_11%29.png"], "language": ["en"], "references": [null], "mediator": [null], "attributionName": ["danielgrapes"], "attributionURL": ["https://www.openbeelden.nl/media/125755"], "license": ["https://creativecommons.org/licenses/by-sa/3.0/nl/"]}