{"title": ["That afternoon "], "alternative": [null], "creator": ["The team of that afternoon"], "subject": ["Celluloid Remix inzending"], "description": ["Tags: history - exploitation of animals - women rights - voyerism - filmaking videomaking - amateur"], "abstract": [null], "publisher": ["thatafternoon", "https://www.openbeelden.nl/users/thatafternoon"], "date": ["2012-04-25"], "type": ["Moving Image"], "extent": ["PT2M35S"], "medium": ["https://www.openbeelden.nl/files/01/26/126228.126210.box2.mp4", "https://www.openbeelden.nl/files/01/26/126230.126210.box2.mp4", "https://www.openbeelden.nl/files/01/26/126232.126210.box2.webm", "https://www.openbeelden.nl/files/01/26/126224.126210.box2.ogv", "https://www.openbeelden.nl/files/01/26/126226.126210.box2.ogv", "https://www.openbeelden.nl/files/01/26/126400.126210.box2.m3u8", "https://www.openbeelden.nl/files/01/26/126234.126210.box2.ts", "https://www.openbeelden.nl/files/01/26/126213.126210.box2.mpeg", "https://www.openbeelden.nl/images/602953/That_afternoon_%281_17%29.png"], "language": ["en"], "references": [null], "mediator": [null], "attributionName": ["The team of that afternoon"], "attributionURL": ["https://www.openbeelden.nl/media/126211"], "license": ["https://creativecommons.org/licenses/by-sa/3.0/nl/"]}