{"title": ["Protest tegen regeringsbeleid", "Demonstration against government policy"], "alternative": ["Weeknummer 71-49", "Week number 71-49"], "creator": ["Polygoon-Profilti (producent) / Nederlands Instituut voor Beeld en Geluid (beheerder)", "Polygoon-Profilti (producer) / Netherlands Institute for Sound and Vision (curator)"], "subject": ["Ireneal", "bezuinigingen", "onderwijs", "betogingen"], "description": ["Bioscoopjournaals waarin Nederlandse onderwerpen van een bepaalde week worden gepresenteerd.", "Newsreels in which Dutch subjects of a certain week are presented."], "abstract": ["30.000 mensen betogen in de Irenehal te Utrecht tegen de onderwijsplannen van het kabinet Biesheuvel. 15.000 mensen passen niet in de zaal. Met oa toespraken van voorzitter Th.M. Knippen van de Algemene Nederlandse Onderwijs Federatie en mevr. Bakker-Tenhagen(?). De menigte zingt \"Van Veen, ga heen\". Minister C. van Veen van Onderwijs en oppositieleider Joop den Uyl zit in de zaal. Door de onrust wordt de betoging voortijdig afgebroken.", "30.000 people demonstrate in the Irene hall in Utrecht against the educational plans of the cabinet Biesheuvel. There is not enough room in the hall for another 15.000 people. With a.o. speeches by chairman Th.M. Knippen of the General Dutch Educational Federation and mrs. Bakker-Tenhagen(?). The crowd sings \"Van Veen, ga heen\" (Van Veen, go away). Minister C. van Veen of Education and opposition leader Joop den Uyl are present. Because of the commotion, the demonstration has to be ended early."], "publisher": ["Nederlands Instituut voor Beeld en Geluid", "https://www.openbeelden.nl/users/beeldengeluid"], "date": ["1971-11-30"], "type": ["Moving Image"], "extent": ["PT1M34S"], "medium": ["https://www.openbeelden.nl/files/12/12777.12764.WEEKNUMMER714-HRE0000CAEC.mp4", "https://www.openbeelden.nl/files/12/12771.12764.WEEKNUMMER714-HRE0000CAEC.ogv", "https://www.openbeelden.nl/files/12/12774.12764.WEEKNUMMER714-HRE0000CAEC.ogv", "https://www.openbeelden.nl/files/12/35776.12764.WEEKNUMMER714-HRE0000CAEC.m3u8", "https://www.openbeelden.nl/files/12/35638.12764.WEEKNUMMER714-HRE0000CAEC.ts", "https://www.openbeelden.nl/files/12/12768.12764.WEEKNUMMER714-HRE0000CAEC.mpeg", "https://www.openbeelden.nl/files/12/12764.WEEKNUMMER714-HRE0000CAEC.mpg", "https://www.openbeelden.nl/images/603667/Protest_tegen_regeringsbeleid_%280_47%29.png"], "identifier": ["521069"], "source": ["WEEKNUMMER714-HRE0000CAEC", "WEEKNUMMER714-HRE0000CAEC"], "language": ["nl"], "references": [null], "mediator": ["Wikimedia Commons"], "attributionName": ["Polygoon-Profilti (producent) / Nederlands Instituut voor Beeld en Geluid (beheerder)"], "attributionURL": ["https://www.openbeelden.nl/media/12767"], "license": ["https://creativecommons.org/licenses/by-sa/3.0/nl/"]}