{"title": ["Strijd tegen griep: onderzoek in de virus laboratoria van de Leidse Universiteit", "Battle against the flu: research in the virus laboratories of the Leiden University"], "alternative": ["Weeknummer 49-04", "Week number 49-04 "], "creator": ["Polygoon-Profilti (producent) / Nederlands Instituut voor Beeld en Geluid (beheerder)", "Polygoon-Profilti (producer) / Netherlands Institute for Sound and Vision (curator)"], "subject": ["griep", "laboratoria", "virussen", "wetenschappelijk onderzoek", "Rijksuniversiteit Leiden", "flu", "laboratories", "virusses", "scientific research", "Rijksuniversiteit Leiden"], "description": ["Bioscoopjournaals waarin Nederlandse onderwerpen van een bepaalde week worden gepresenteerd.", "Newsreels in which Dutch subjects of a certain week are presented."], "abstract": ["In de onderzoekslaboratoria van het Instituut voor Preventieve Geneeskunde van de Rijksuniversiteit Leiden wordt onderzoek gedaan naar de aard van het influenzavirus.", "Research on the nature of the influenza virus is done in the research laboratories of the Institute for Preventive Medicine of the University of Leiden."], "publisher": ["Nederlands Instituut voor Beeld en Geluid", "https://www.openbeelden.nl/users/beeldengeluid"], "date": ["1949-01-14"], "type": ["Moving Image"], "extent": ["PT2M20S"], "medium": ["https://www.openbeelden.nl/files/01/27/127813.127786.WEEKNUMMER490-HRE0001998B.mp4", "https://www.openbeelden.nl/files/01/27/127815.127786.WEEKNUMMER490-HRE0001998B.mp4", "https://www.openbeelden.nl/files/01/27/127817.127786.WEEKNUMMER490-HRE0001998B.webm", "https://www.openbeelden.nl/files/01/27/127809.127786.WEEKNUMMER490-HRE0001998B.ogv", "https://www.openbeelden.nl/files/01/27/127811.127786.WEEKNUMMER490-HRE0001998B.ogv", "https://www.openbeelden.nl/files/01/27/127876.127786.WEEKNUMMER490_HRE0001998B.m3u8", "https://www.openbeelden.nl/files/01/27/127819.127786.WEEKNUMMER490-HRE0001998B.ts", "https://www.openbeelden.nl/files/01/27/127789.127786.WEEKNUMMER490-HRE0001998B.mpeg", "https://www.openbeelden.nl/files/01/27/127786.WEEKNUMMER490-HRE0001998B.mpg", "https://www.openbeelden.nl/images/602933/Strijd_tegen_griep_onderzoek_in_de_virus_laboratoria_van_de_Leidse_Universiteit_%281_10%29.png"], "identifier": ["511490"], "source": ["WEEKNUMMER490-HRE0001998B"], "language": ["nl"], "references": [null], "mediator": ["Wikimedia Commons"], "spatial": ["Leiden", "Nederland", "Leiden", "Netherlands"], "attributionName": ["Polygoon-Profilti (producent) / Nederlands Instituut voor Beeld en Geluid (beheerder)"], "attributionURL": ["https://www.openbeelden.nl/media/127787"], "license": ["https://creativecommons.org/licenses/by-sa/3.0/nl/"]}