{"title": ["R\u00f6ntgenologisch onderzoek van de bevolking van Boekel", "Radiological research of the population of Boekel"], "alternative": ["Weeknummer 48-23", "Week number 48-23 "], "creator": ["Polygoon-Profilti (producent) / Nederlands Instituut voor Beeld en Geluid (beheerder)", "Polygoon-Profilti (producer) / Netherlands Institute for Sound and Vision (curator)"], "subject": ["medisch onderzoek", "tuberculose", "r\u00f6ntgenapparatuur", "medical research", "tuberculoses", "X-ray machines"], "description": ["Bioscoopjournaals waarin Nederlandse onderwerpen van een bepaalde week worden gepresenteerd.", "Newsreels in which Dutch subjects of a certain week are presented."], "abstract": ["In Boekel wordt de gehele bevolking groepsgewijs onderworpen aan een r\u00f6ntgenologisch borstonderzoek, nadat, \u00e9\u00e9n jaar eerder, geconstateerd is dat bijna de helft van de schooljeugd besmet is met de tuberkelbacil. SHOTS: - groepen schoolkinderen en volwassenen gaan een gebouw binnen en worden ingeschreven in de administratie; - met ontbloot bovenlijf staan jongere en oudere mannen in de rij; ze nemen een voor een plaats achter het r\u00f6ntgenapparaat; kleinere meisjes worden door een assistente op een voetstuk getild; - vanachter een scherm bedient een arts de apparatuur; - een arts controleert de ontwikkelde films; projecteert de films op een scherm; bestudeert de foto's; een assistente maakt aantekeningen; - cu's div. thoraxfoto's;", "After is had been found that almost half of the schoolchildren are infected with the tubercle bacillus one year prior, the entire population of Boekel is subjected to a radiological chest research in groups. SHOTS: - groups of schoolchildren and adults enter a building and are registered in the administration; - with a bare chest the younger and older men stand in line; one by one they take place behind the X-ray machine; smaller girls are lifted onto a platform by an assistent; - from behind a screen a physician operates the equipment; - a physician checks and develops the films; projects the film on a screen; studies the photos; an assistent makes notes; - close ups of several thorax photos."], "publisher": ["Nederlands Instituut voor Beeld en Geluid", "https://www.openbeelden.nl/users/beeldengeluid"], "date": ["1958-05-01"], "type": ["Moving Image"], "extent": ["PT1M55S"], "medium": ["https://www.openbeelden.nl/files/01/27/127777.127763.WEEKNUMMER482-HRE00015888.mp4", "https://www.openbeelden.nl/files/01/27/127779.127763.WEEKNUMMER482-HRE00015888.mp4", "https://www.openbeelden.nl/files/01/27/127781.127763.WEEKNUMMER482-HRE00015888.webm", "https://www.openbeelden.nl/files/01/27/127772.127763.WEEKNUMMER482-HRE00015888.ogv", "https://www.openbeelden.nl/files/01/27/127775.127763.WEEKNUMMER482-HRE00015888.ogv", "https://www.openbeelden.nl/files/01/27/127872.127763.WEEKNUMMER482_HRE00015888.m3u8", "https://www.openbeelden.nl/files/01/27/127783.127763.WEEKNUMMER482-HRE00015888.ts", "https://www.openbeelden.nl/files/01/27/127766.127763.WEEKNUMMER482-HRE00015888.mpeg", "https://www.openbeelden.nl/files/01/27/127763.WEEKNUMMER482-HRE00015888.mpg", "https://www.openbeelden.nl/images/602934/R%C3%B6ntgenologisch_onderzoek_van_de_bevolking_van_Boekel_%280_57%29.png"], "identifier": ["517526"], "source": ["WEEKNUMMER482-HRE00015888"], "language": ["nl"], "references": [null], "mediator": ["Wikimedia Commons"], "spatial": ["Boekel", "Nederland", "Boekel", "Netherlands"], "attributionName": ["Polygoon-Profilti (producent) / Nederlands Instituut voor Beeld en Geluid (beheerder)"], "attributionURL": ["https://www.openbeelden.nl/media/127764"], "license": ["https://creativecommons.org/licenses/by-sa/3.0/nl/"]}