{"title": ["TBC-onderzoek in Den Haag loopt op rolletjes", "Tuberculosis research on wheels in The Hague "], "alternative": ["Weeknummer 56-51", "Week number 56-51"], "creator": ["Polygoon-Profilti (producent) / Nederlands Instituut voor Beeld en Geluid (beheerder)", "Polygoon-Profilti (producer) / Netherlands Institute for Sound and Vision (curator)"], "subject": ["autobussen", "medisch onderzoek", "tuberculose", "busses", "medical research", "tuberculosis"], "description": ["Bioscoopjournaals waarin Nederlandse onderwerpen van een bepaalde week worden gepresenteerd.", "Newsreels in which Dutch subjects of a certain week are presented."], "abstract": ["Mensen worden op TBC getest in een onderzoekwagen van de Stichting Haags Bevolkingsonderzoek op Tuberculose. Met oa een toestel voor r\u00f6ntgenfoto's. De foto's worden later in het bureau van de Stichting Habeon bestudeerd.", "People are tested for tuberculosis in a research vehicle of the Stichting Haags Bevolkingsonderzoek op Tuberculose (Foundation of Screening for Tuberculosis The Hague). With a.o. a machine for X-rays. The photos are examined later on at the office of the Stichting Habeon (Foundation Habeon)."], "publisher": ["Nederlands Instituut voor Beeld en Geluid", "https://www.openbeelden.nl/users/beeldengeluid"], "contributor": ["Bloemendal, Philip (commentaar)"], "date": ["1956-12-07"], "type": ["Moving Image"], "extent": ["PT1M10S"], "medium": ["https://www.openbeelden.nl/files/01/31/131112.131095.BG_34152.mp4", "https://www.openbeelden.nl/files/01/31/131114.131095.BG_34152.mp4", "https://www.openbeelden.nl/files/01/31/131116.131095.BG_34152.webm", "https://www.openbeelden.nl/files/01/31/131108.131095.BG_34152.ogv", "https://www.openbeelden.nl/files/01/31/131110.131095.BG_34152.ogv", "https://www.openbeelden.nl/files/01/31/131123.131095.BG_34152.m3u8", "https://www.openbeelden.nl/files/01/31/131118.131095.BG_34152.ts", "https://www.openbeelden.nl/files/01/31/131098.131095.BG_34152.mpeg", "https://www.openbeelden.nl/files/01/31/131095.BG_34152.mpg", "https://www.openbeelden.nl/images/602878/TBC-onderzoek_in_Den_Haag_loopt_op_rolletjes_%280_35%29.png"], "identifier": ["28855"], "source": ["WEEKNUMMER565-HRE00003D75"], "language": ["nl"], "references": [null], "mediator": ["Wikimedia Commons"], "spatial": ["Den Haag", "Nederland", "The Hague", "Netherlands"], "attributionName": ["Polygoon-Profilti (producent) / Nederlands Instituut voor Beeld en Geluid (beheerder)"], "attributionURL": ["https://www.openbeelden.nl/media/131096"], "license": ["https://creativecommons.org/licenses/by-sa/3.0/nl/"], "hasformat": ["film"]}