{"title": ["Medische faculteit", "Faculty of Medicine"], "alternative": ["Weeknummer 66-45", "Week number 66-45"], "creator": ["Polygoon-Profilti (producent) / Nederlands Instituut voor Beeld en Geluid (beheerder)", "Polygoon-Profilti (producer) / Netherlands Institute for Sound and Vision (curator)"], "subject": ["bouwactiviteiten", "universiteiten", "ziekenhuizen", "Dijkzigt-ziekenhuis", "Erasmus Universiteit Rotterdam", "building activities", "universities", "hospitals", "Dijkzigt hospital", "Erasmus University Rotterdam"], "description": ["Bioscoopjournaals waarin Nederlandse onderwerpen van een bepaalde week worden gepresenteerd.", "Newsreels in which Dutch subjects of a certain week are presented."], "abstract": ["Bouwactiviteiten voor de nieuwbouw van de medische faculteit van de Erasmus Universiteit te Rotterdam, het hoogste gebouw van Nederland, op de vroegere plek van de Ahoy-hallen. Beton wordt via de liftkoker naar boven gebracht, waar het in de bekisting wordt gestort. Verder studenten en assistenten in het tijdelijke provisorische onderkomen en het nieuwe Academisch Ziekenhuis Dijkzigt.", "Construction activity for the new building of the Faculty of Medicine of the Erasmus University in Rotterdam. It is the highest building in the Netherlands and is situated where the Ahoy halls used to be. Concrete is taken to the top via an elevator shaft where it is poured into the formwork. Also shots of students and assistents in the temporary makeshift housing of the new Academic Hospital Dijkzigt."], "publisher": ["Nederlands Instituut voor Beeld en Geluid", "https://www.openbeelden.nl/users/beeldengeluid"], "date": ["1966-11-01"], "type": ["Moving Image"], "extent": ["PT1M57S"], "medium": ["https://www.openbeelden.nl/files/01/31/131464.131451.WEEKNUMMER664-HRE000166F0.mp4", "https://www.openbeelden.nl/files/01/31/131466.131451.WEEKNUMMER664-HRE000166F0.mp4", "https://www.openbeelden.nl/files/01/31/131468.131451.WEEKNUMMER664-HRE000166F0.webm", "https://www.openbeelden.nl/files/01/31/131460.131451.WEEKNUMMER664-HRE000166F0.ogv", "https://www.openbeelden.nl/files/01/31/131462.131451.WEEKNUMMER664-HRE000166F0.ogv", "https://www.openbeelden.nl/files/01/31/131479.131451.WEEKNUMMER664_HRE000166F0.m3u8", "https://www.openbeelden.nl/files/01/31/131470.131451.WEEKNUMMER664-HRE000166F0.ts", "https://www.openbeelden.nl/files/01/31/131454.131451.WEEKNUMMER664-HRE000166F0.mpeg", "https://www.openbeelden.nl/files/01/31/131451.WEEKNUMMER664-HRE000166F0.mpg", "https://www.openbeelden.nl/images/600562/Medische_faculteit_%280_58%29.png"], "identifier": ["518119"], "source": ["WEEKNUMMER664-HRE000166F0"], "language": ["nl"], "references": [null], "mediator": ["Wikimedia Commons"], "spatial": ["Nederland", "Rotterdam", "Netherlands", "Rotterdam"], "attributionName": ["Polygoon-Profilti (producent) / Nederlands Instituut voor Beeld en Geluid (beheerder)"], "attributionURL": ["https://www.openbeelden.nl/media/131452"], "license": ["https://creativecommons.org/licenses/by-sa/3.0/nl/"], "hasformat": ["film"]}