{"title": ["Door toename automatisering in krantenbedrijf verdwijnt het oude zettersvak", "Because of the increasing automation the newspaper compositors trade is starting to disappear"], "alternative": ["Weeknummer: 77-14", "Week number: 77-14 "], "creator": ["Polygoon-Profilti (producent) / Nederlands Instituut voor Beeld en Geluid (beheerder)", "Polygoon-Profilti (producer) / Netherlands Institute for Sound and Vision (curator)"], "subject": ["automatisering", "computers", "grafische industrie", "drukkerijen", "automation", "computers", "graphical industry", "printing houses"], "description": ["Bioscoopjournaals waarin Nederlandse onderwerpen van een bepaalde week worden gepresenteerd.", "Newsreels in which Dutch subjects of a certain week are presented."], "abstract": ["De voortschrijdende automatisering in de dagbladwereld, waarbij lood verdrongen wordt door elektronica, leidt tot ingrijpende veranderingen, zowel op technisch gebied als voor het grafisch personeel. Het oude ambacht wordt meer en meer verdrongen door de computer. SHOTS: impressie van de automatisering, waarbij de oude situatie en de nieuwe situatie in beeld worden gebracht, met o.a. aandacht voor de nieuwe electronische zet-, opmaak- en druktechnieken.", "The advancing automation in the newspaper business, where lead is being replaced by electronics, causes farreaching changes for the technical field as well as the graphical staff. The old trade is ousted more and more by the computer. SHOTS: impression of the automation, where the old situation and the new situation are shown, with a.o. focus on the new electronic composing, layout printing techniques."], "publisher": ["Nederlands Instituut voor Beeld en Geluid", "https://www.openbeelden.nl/users/beeldengeluid"], "contributor": ["Bloemendal, Philip (commentaar)"], "date": ["1977-01-01"], "type": ["Moving Image"], "extent": ["PT3M9S"], "medium": ["https://www.openbeelden.nl/files/13/13174.13163.BG_10455.mp4", "https://www.openbeelden.nl/files/13/13168.13163.BG_10455.ogv", "https://www.openbeelden.nl/files/13/13171.13163.BG_10455.ogv", "https://www.openbeelden.nl/files/13/35818.13163.BG_10455.m3u8", "https://www.openbeelden.nl/files/13/35715.13163.BG_10455.ts", "https://www.openbeelden.nl/files/13/13164.13163.BG_10455.mpeg", "https://www.openbeelden.nl/files/13/13163.BG_10455.mpg", "https://www.openbeelden.nl/images/603045/Door_toename_automatisering_in_krantenbedrijf_verdwijnt_het_oude_zettersvak_%281_34%29.png"], "identifier": ["32989"], "source": ["BG_10455", "BG_10455"], "language": ["nl"], "references": [null], "mediator": ["Wikimedia Commons"], "spatial": ["Nederland", "Netherlands"], "attributionName": ["Polygoon-Profilti (producent) / Nederlands Instituut voor Beeld en Geluid (beheerder)"], "attributionURL": ["https://www.openbeelden.nl/media/13160"], "license": ["https://creativecommons.org/licenses/by-sa/3.0/nl/"]}