{"title": ["De efficiency-beurs", "The efficiency exhibition"], "alternative": ["Weeknummer: 64-44", "Week number: 64-44"], "creator": ["Polygoon-Profilti (producent) / Nederlands Instituut voor Beeld en Geluid (beheerder)", "Polygoon-Profilti (producer) / Netherlands Institute for Sound and Vision (curator)"], "subject": ["schrijfmachines", "computers", "robots", "microkopie\u00ebn", "efficiency", "telefonie", "beurzen", "typewriters", "computers", "robots", "micro copies", "efficiency", "telephony", "exhibitions"], "description": ["Bioscoopjournaals waarin Nederlandse onderwerpen van een bepaalde week worden gepresenteerd.", "Newsreels in which Dutch subjects of a certain week are presented."], "abstract": ["De efficiencybeurs in de RAI te Amsterdam, met o.a. robots, elektrische schrijfmachines, drukknoptelefoons, moderne computers voor loonadministratie en factureren, opbergsystemen, microfiches en geldtelmachines.", "The efficiency exhibition in the RAI in Amsterdam, with a.o. robots, electrical typewiters, push button telephones, modern computers for wages administration and invoices, filing systems, microfiches and money counting machines."], "publisher": ["Nederlands Instituut voor Beeld en Geluid", "https://www.openbeelden.nl/users/beeldengeluid"], "contributor": ["Bloemendal, Philip (commentaar)"], "date": ["1964-10-01"], "type": ["Moving Image"], "extent": ["PT1M55S"], "medium": ["https://www.openbeelden.nl/files/13/13212.13198.BG_13222.mp4", "https://www.openbeelden.nl/files/13/13206.13198.BG_13222.ogv", "https://www.openbeelden.nl/files/13/13209.13198.BG_13222.ogv", "https://www.openbeelden.nl/files/13/35791.13198.BG_13222.m3u8", "https://www.openbeelden.nl/files/13/35713.13198.BG_13222.ts", "https://www.openbeelden.nl/files/13/13202.13198.BG_13222.mpeg", "https://www.openbeelden.nl/files/13/13198.BG_13222.mpg", "https://www.openbeelden.nl/images/603044/De_efficiency-beurs_%280_57%29.png"], "identifier": ["29220"], "source": ["BG_13222", "BG_13222"], "language": ["nl"], "references": [null], "mediator": ["Wikimedia Commons"], "spatial": ["Amsterdam", "Nederland", "Amsterdam", "Netherlands"], "attributionName": ["Polygoon-Profilti (producent) / Nederlands Instituut voor Beeld en Geluid (beheerder)"], "attributionURL": ["https://www.openbeelden.nl/media/13199"], "license": ["https://creativecommons.org/licenses/by-sa/3.0/nl/"]}