{"title": ["Haarlem 700 jaar stad", "Haarlem 700 years a city"], "alternative": ["Weeknummer 46-33", "Week number 46-33"], "creator": ["Polygoon-Profilti (producent) / Nederlands Instituut voor Beeld en Geluid (beheerder)", "Polygoon-Profilti (producer) / Netherlands Institute for Sound and Vision (curator)"], "subject": ["optochten", "schilderijen", "tentoonstellingen"], "description": ["Bioscoopjournaals waarin Nederlandse onderwerpen van een bepaalde week worden gepresenteerd.", "Newsreels in which Dutch subjects of a certain week are presented."], "abstract": ["Tgv de viering van het Haarlem 700 jaar stad trekt een historisch-allegorische optocht door de stad; wordt in het Frans Halsmuseum een schilderijententoonstelling gehouden van meesters uit de tijd van Frans Hals en vindt 's avonds op de Grote Markt een openluchtvoorstelling plaats van een spel waarbij het beleg van Haarlem wordt herdacht.", "For the celebration of Haarlem being a city for 700 years a historical and allegorical parade moves through the city; in the Frans Hals Museum a painting exhibition is held of masters from the days of Frans Hals. In the evening an open-air performance of a play to commemorate the siege of Haarlem takes place."], "publisher": ["Nederlands Instituut voor Beeld en Geluid", "https://www.openbeelden.nl/users/beeldengeluid"], "date": ["1946-08-09"], "type": ["Moving Image"], "extent": ["PT2M18S"], "medium": ["https://www.openbeelden.nl/files/BG/WEEKNUMMER463-HRE0001394B.mp4", "https://www.openbeelden.nl/files/BG/WEEKNUMMER463-HRE0001394B.ogg", "https://www.openbeelden.nl/files/BG/WEEKNUMMER463-HRE0001394B-512.ogg", "https://www.openbeelden.nl/files/01/33613.WEEKNUMMER463-HRE0001394B.m3u8", "https://www.openbeelden.nl/files/01/33550.WEEKNUMMER463-HRE0001394B.ts", "https://www.openbeelden.nl/files/BG/WEEKNUMMER463-HRE0001394B.mpg", "https://www.openbeelden.nl/images/602700/Haarlem_700_jaar_stad_%281_09%29.png"], "identifier": ["524218"], "source": ["WEEKNUMMER463-HRE0001394B", "WEEKNUMMER463-HRE0001394B"], "language": ["nl"], "references": [null], "mediator": ["Wikimedia Commons"], "spatial": ["Haarlem", "Nederland"], "attributionName": ["Polygoon-Profilti (producent) / Nederlands Instituut voor Beeld en Geluid (beheerder)"], "attributionURL": ["https://www.openbeelden.nl/media/1321"], "license": ["https://creativecommons.org/publicdomain/mark/1.0/"]}