{"title": ["'Operatie Snert' ten bate van het Nationaal Rampenfonds", "'Operation pea soup' for the benefit of the National Disaster Relief Fund"], "alternative": ["Weeknummer: 53-09", "Week number: 53-09"], "creator": ["Polygoon-Profilti (producent) / Nederlands Instituut voor Beeld en Geluid (beheerder)", "Polygoon-Profilti (producer) / Netherlands Institute for Sound and Vision (curator)"], "subject": ["voedingsmiddelen", "Nationaal Rampenfonds", "hulpacties"], "description": ["Bioscoopjournaals waarin Nederlandse onderwerpen van een bepaalde week worden gepresenteerd.", "Newsreels in which Dutch subjects of a certain week are presented."], "abstract": ["Militairen van de Prins Hendrik Kazerne te Nijmegen maken 30.000 liter erwtensoep en verkopen die op straat en langs de deur tbv het Nationaal Rampenfonds ivm de watersnoodramp. De generaal buiten dienst Alons, directeur van het Nationaal Rampenfonds, verkoopt de eerste koppen soep.", "Soldiers of the Prince Hendrik Barracks in Nijmegen are making 30.000 liters of pea soup and are selling it in the streets and at people's houses for the benefit of the National Disaster Relief Fund for the victims of the North Sea flood. The general out of service Alons, director of the National Disaster Relief Fund, sells the first bowls of soup."], "publisher": ["Nederlands Instituut voor Beeld en Geluid", "https://www.openbeelden.nl/users/beeldengeluid"], "date": ["1953-02-23"], "type": ["Moving Image"], "extent": ["PT1M26S"], "medium": ["https://www.openbeelden.nl/files/13/13234.13222.BG_13224.mp4", "https://www.openbeelden.nl/files/13/13228.13222.BG_13224.ogv", "https://www.openbeelden.nl/files/13/13231.13222.BG_13224.ogv", "https://www.openbeelden.nl/files/13/35842.13222.BG_13224.m3u8", "https://www.openbeelden.nl/files/13/35770.13222.BG_13224.ts", "https://www.openbeelden.nl/files/13/13225.13222.BG_13224.mpeg", "https://www.openbeelden.nl/files/13/13222.BG_13224.mpg", "https://www.openbeelden.nl/images/603653/%27Operatie_Snert%27_ten_bate_van_het_Nationaal_Rampenfonds_%280_43%29.png"], "identifier": ["28972"], "source": ["BG_13224", "BG_13224"], "language": ["nl"], "references": [null], "mediator": ["Wikimedia Commons"], "attributionName": ["Polygoon-Profilti (producent) / Nederlands Instituut voor Beeld en Geluid (beheerder)"], "attributionURL": ["https://www.openbeelden.nl/media/13224"], "license": ["https://creativecommons.org/licenses/by-sa/3.0/nl/"]}