{"title": ["Stakingsacties op vele plaatsen, onderhandelingen leiden tot gedeeltelijke overeenstemming", "Strike actions at several places, negotiations lead to partial agreement"], "alternative": ["Weeknummer: 77-08", "Week number: 77-08"], "creator": ["Polygoon-Profilti (producent) / Nederlands Instituut voor Beeld en Geluid (beheerder)", "Polygoon-Profilti (producer) / Netherlands Institute for Sound and Vision (curator)"], "subject": ["werkgevers", "SER", "betogingen", "Tubantia", "FNV", "NVV", "arbeidsconflicten", "stakingen", "havenpersoneel", "rechtbanken", "NKV", "werknemers", "havens", "vakbonden"], "description": ["Bioscoopjournaals waarin Nederlandse onderwerpen van een bepaalde week worden gepresenteerd.", "Newsreels in which Dutch subjects of a certain week are presented."], "abstract": ["Stakingsacties met als inzet automatische prijscompensatie voor werknemers. De vakbonden volgen een zgn. speerpuntenplan, volgens een tevoren opgesteld schema wordt het werk bij bepaalde bedrijven in de havens van Rotterdam en Amsterdam geheel stilgelegd. De stakingsplannen van de Voedingsbonden worden aangevochten voor de Utrechtse rechtbank, die een afkoelingsperiode beveelt waarin beide partijen geen acties mogen ondernemen maar moeten pogen tot overeenstemming te komen. Aan het einde van de eerste actieweek is er na nieuwe onderhandelingen een gedeeltelijke overeenkomst. SHOTS: Amsterdamse stationsplein met wandelende mensen; trams in de remise; man met actieposter 'Haven in de strijd'; diverse van havens Rotterdam; ext. kantoor NVV/NKV en vergaderkamer waar stuurgroep de vakbondsacties co\u00f6rdineert; demonstratie van schilders in Hilversum met spandoeken met tekst 'Wij eisen' en demonstratie in Oss; ext. kantoor van dagblad 'De Tubantia'; int. drukkerij met stilstaande drukpers; uitbetaling van stakingsgelden (in contanten) aan stakers; ext. rechtbank Utrecht; int. rechtszaal met rechter, advocaten en toeschouwers; auto (Deux Chevaux) met op dak van de auto 'Wij gaan niet opzij'; ext. SER-gebouw in Den Haag; overleg werkgevers en werknemers; VERKLARINGEN van: - Chris van Veen, voorzitter van de werkgeversorganisatie VNO; - Wim Kok, voorzitter vakbond FNV (\"stakingen gaan door\"); - een staker.", "Strike actions to get automatic indexation for employees. The unions follow a so-called spearhead plan, following a predetermined plan employees at certain companies in the harbour of Rotterdam and Amsterdam down tools. The strike plans of the unions are contested at the court of Utrecht, who orders a cooling-off period in which both parties aren't allowed to take any action, but have to try to make an agreement. At the end of the first week of actions a partial agreement has been made after new negotiations. SHOTS: Amsterdam station square with walking people; trams in the garage; man with an action poster 'Harbour in battle'; several of the Rotterdam harbour; ext. office NVV/NKV and meeting room where the steering committee coordinates the strike actions; demonstration of painters in Hilversum with banners with the text 'We demand' and a demontration in Oss; ext. office of newspaper 'De Tubantia'; int. printing establishment with stationary printing presses; payment of strike money (in cash) to the strikers; ext. court of Utrecht; int. courtroom with judge, lawyers and audience; car (Deux Chevaux) with on the roof of the car 'We will not move'; ext. SER building in The Hague; meeting of employers and employees; STATEMENTS by: - Chris van Veen, chairman of the employers' organization VNO; - Wim Kok, chairman of the union FNV ('the strikes continue'); - a striker."], "publisher": ["Nederlands Instituut voor Beeld en Geluid", "https://www.openbeelden.nl/users/beeldengeluid"], "date": ["1977-01-01"], "type": ["Moving Image"], "extent": ["PT3M18S"], "medium": ["https://www.openbeelden.nl/files/13/13413.13401.BG_9693.mp4", "https://www.openbeelden.nl/files/13/13407.13401.BG_9693.ogv", "https://www.openbeelden.nl/files/13/13410.13401.BG_9693.ogv", "https://www.openbeelden.nl/files/13/35830.13401.BG_9693.m3u8", "https://www.openbeelden.nl/files/13/35749.13401.BG_9693.ts", "https://www.openbeelden.nl/files/13/13403.13401.BG_9693.mpeg", "https://www.openbeelden.nl/files/13/13401.BG_9693.mpg", "https://www.openbeelden.nl/images/603648/Stakingsacties_op_vele_plaatsen%2C_onderhandelingen_leiden_tot_gedeeltelijke_overeenstemming_%281_39%29.png"], "identifier": ["33244"], "source": ["BG_9693", "BG_9693"], "language": ["nl"], "references": [null], "mediator": ["Wikimedia Commons"], "attributionName": ["Polygoon-Profilti (producent) / Nederlands Instituut voor Beeld en Geluid (beheerder)"], "attributionURL": ["https://www.openbeelden.nl/media/13402"], "license": ["https://creativecommons.org/licenses/by-sa/3.0/nl/"]}