{"title": ["Fra cervello e movimento: Rosso 6/7", "Fra cervello e movimento: Rosso 6/7"], "alternative": [null, null], "creator": ["ICK Amsterdam, Emio Greco | PC (regie en concept) / Erik Lint (video)", "ICK Amsterdam, Emio Greco | PC (direction and concept) / Erik Lint (video)"], "subject": ["UvA", "moderne dans", "contemporary dance"], "description": ["Onderzoek naar de tweespalt tussen brein (cervello) en beweging (movimento); een ratio die verlangt naar controle over het lichaam, en het lichaam dat nieuwsgierig is naar nieuwe sensaties", "A dancer is joined by his double. His universe is invaded; the two bodies cross invisible boundaries, moving from the explosive to the exploratory in the search for oneness"], "abstract": ["Fra Cervello e Movimento is een reeks van drie voorstellingen -  Bianco, Rosso, Extra Dry - die het tweespalt brein (cervello) en beweging (movimento) onderzoekt; een ratio die verlangt naar controle over het lichaam, en het lichaam dat nieuwsgierig is naar nieuwe sensaties. Het motief is de interesse naar de reacties die innerlijke impulsen teweegbrengen in het lichaam.", "Fra Cervello e Movimento    is a set of three performances -     Bianco, Rosso, Extra Dry    that investigate the dyad brain (cervello) and movement (movimento); a mind that wishes to control and a body that is curious for new sensations. The motive is the interest towards the reactions that inner impulses impose on the body."], "publisher": ["Theaterwetenschap, Universiteit van Amsterdam", "https://www.openbeelden.nl/users/uvathw"], "contributor": ["Greco, Emio (choreografie, uitvoerende)", "Scholten, Pieter C. (regie, dramaturgie)", "Portier, Clifford (kostuums)", "Danner, Henk (licht)", "Selles, Wim (geluidcollage)", "Emio Greco | PC (producent)", "Korzo producties (co-producent)", "Klapstuk (co-producent)", "Stichting Zwaanprodukties (co-producent)"], "date": ["1997-12-18"], "type": ["Moving Image"], "extent": ["PT6M54S"], "medium": ["https://www.openbeelden.nl/files/01/35/135414.135081.Rosso_Lint_129701577.001_06.mp4", "https://www.openbeelden.nl/files/01/35/135416.135081.Rosso_Lint_129701577.001_06.mp4", "https://www.openbeelden.nl/files/01/35/135081.Rosso_Lint_129701577.001_06.mp4", "https://www.openbeelden.nl/files/01/35/135418.135081.Rosso_Lint_129701577.001_06.webm", "https://www.openbeelden.nl/files/01/35/135410.135081.Rosso_Lint_129701577.001_06.ogv", "https://www.openbeelden.nl/files/01/35/135412.135081.Rosso_Lint_129701577.001_06.ogv", "https://www.openbeelden.nl/files/01/35/135762.135081.Rosso_Lint_129701577_001_06.m3u8", "https://www.openbeelden.nl/files/01/35/135420.135081.Rosso_Lint_129701577.001_06.ts", "https://www.openbeelden.nl/files/01/35/135084.135081.Rosso_Lint_129701577.001_06.mpeg", "https://www.openbeelden.nl/images/601727/Fra_cervello_e_movimento_Rosso_6_7_%283_27%29.png"], "identifier": ["Rosso_Lint_129701577.001_06"], "language": ["nl"], "references": ["Rosso_Lint_129701577.001", "Rosso_Lint_129701577.001"], "mediator": [null], "attributionName": ["ICK Amsterdam, Emio Greco | PC (regie en concept) / Erik Lint (video)"], "attributionURL": ["https://www.openbeelden.nl/media/135082"], "license": ["https://creativecommons.org/licenses/by-nc-nd/3.0/nl/"], "hasformat": ["magnetictape"]}