{"title": ["Massaal Graal spreekkoor", "Massive 'Graal' chorus"], "alternative": ["Weeknummer 31-06", "Week number 31-06"], "creator": ["Polygoon-Profilti (producent) / Nederlands Instituut voor Beeld en Geluid (beheerder)", "Polygoon-Profilti (producer) / Netherlands Institute for Sound and Vision (curator)"], "subject": ["Graal", "De beweging", "spreekkoren", "ministers", "bisschoppen", "katholicisme"], "description": ["Bioscoopjournaals waarin Nederlandse onderwerpen van een bepaalde week worden gepresenteerd.", "Newsreels in which Dutch subjects of a certain week are presented."], "abstract": ["Massa-spreekkoor van de R.K. Jeugdbweging \"De Graal\" in Olympisch Stadion in Amsterdam. -Drie vlaggen wapperen in wind, middelste met tekst: \"De Graal\" 04\"; -bisschop van Haarlem mgr. Aengenent betreedt zittribune en groet reeds aanwezige gasten 05\"; -pan/hoog shot: volgepakte tribunes 04\"+01\"; -kikkerperspectief: drie notabelen, vlnr minister Economische Zaken en Arbeid mr. T.J. Verschuur, mgr. Aengenent, deken van Noort 02\"+07\"; -massasc\u00e8nes in wit geklede vrouwen op grasmat stadion 15\"+02\"+20\"+04\"+03\"+02\"+07\" -kikkerperspectief/medium shot: leidster/dirigente Graal-costuum, hoed en megafoon 03\". Aantekening : BRON: Winkler Prins, blz 523 BRON: Algemeen Handelsblad dd 07:04:1931 BRON: Als de dag van gisteren, deel 13 Amsterdam, blz 307 en 308.", "Massive chorus of the Roman Catholic Youth Movement \"De Graal\" (The Grail) in the Olympic Stadium in Amsterdam. -Three flags blowing in the wind, the middle one with the text: \"The Grail\" 04\"; -bishop of Haarlem mgr. Aengenent enters the stand and greets the already present guests 05\"; -pan/high shot: packed stands 04\"+01\"; -worm's eye view: three dignitaries, from left to right minister of Economic Affairs and Labour mr. T.J. Verschuur, mgr. Aengenent, dean of Noort 02\"+07\"; -mass scenes of women dressed in white on the field in the stadium 15\"+02\"+20\"+04\"+03\"+02\"+07\" -worm's eye view/medium shot: leader/conductor Grail costume, hat and en megaphone 03\". Note : SOURCE: Winkler Prins, page 523 SOURCE: Algemeen Handelsblad 07:04:1931 SOURCE: Als de dag van gisteren, part 13 Amsterdam, page 307 and 308."], "publisher": ["Nederlands Instituut voor Beeld en Geluid", "https://www.openbeelden.nl/users/beeldengeluid"], "date": ["1931-03-30"], "type": ["Moving Image"], "extent": ["PT1M29S"], "medium": ["https://www.openbeelden.nl/files/13/13584.13570.WEEKNUMMER310-HRE0001DA90.mp4", "https://www.openbeelden.nl/files/13/13578.13570.WEEKNUMMER310-HRE0001DA90.ogv", "https://www.openbeelden.nl/files/13/13581.13570.WEEKNUMMER310-HRE0001DA90.ogv", "https://www.openbeelden.nl/files/13/35922.13570.WEEKNUMMER310-HRE0001DA90.m3u8", "https://www.openbeelden.nl/files/13/35865.13570.WEEKNUMMER310-HRE0001DA90.ts", "https://www.openbeelden.nl/files/13/13574.13570.WEEKNUMMER310-HRE0001DA90.mpeg", "https://www.openbeelden.nl/files/13/13570.WEEKNUMMER310-HRE0001DA90.mpg", "https://www.openbeelden.nl/images/603642/Massaal_Graal_spreekkoor_%280_44%29.png"], "identifier": ["518026"], "source": ["WEEKNUMMER310-HRE0001DA90", "WEEKNUMMER310-HRE0001DA90"], "language": ["nl"], "references": [null], "mediator": ["Wikimedia Commons"], "attributionName": ["Polygoon-Profilti (producent) / Nederlands Instituut voor Beeld en Geluid (beheerder)"], "attributionURL": ["https://www.openbeelden.nl/media/13571"], "license": ["https://creativecommons.org/publicdomain/mark/1.0/"]}