{"title": ["Snaren 09/21"], "alternative": [null], "creator": ["Toneelgroep Amsterdam, Gerardjan Rijnders (regie) / Erik Lint (video)"], "subject": ["UvA", "theater"], "description": ["Snaren is een montagevoorstelling geregisseerd bij Toneelgroep Amsterdam door Gerard Jan Rijnders die het stuk -opgebouwd uit flarden geleende en eigen tekst- ook schreef. Over trillende snaren, atomen, elementaire deeltjes en quarks. Over de schepping van de wereld, de evolutie, de kern van het bestaan en hoe de moderne mens zich terugtrekt in zichzelf. Spectaculaire toneelbeelden met een belangrijke rol voor de belichting. Het stuk beleefde zijn premi\u00e8re op 04-04-2002."], "abstract": [null], "publisher": ["Theaterwetenschap, Universiteit van Amsterdam", "https://www.openbeelden.nl/users/uvathw"], "contributor": ["Rijnders, Gerardjan (regie en auteur)", "Brogt, Janine (dramaturgie)", "Wit, Harry de (muziek)", "Rijxman, Lineke (uitvoerende: Lilith)", "Wit, Benjamin de (uitvoerende: Lucifer)", "Wit, Harry de (uitvoerende: Jhwh)", "Admiraal, Joop (uitvoerende: De wereld)", "Brandsma, Marjon (uitvoerende: De wereld)", "Claeyssens, Maarten (uitvoerende: De wereld)", "Courbois, Kitty (uitvoerende: De wereld)", "Fernhout, Roeland (uitvoerende: De wereld)", "Koolschijn, Hugo (uitvoerende: De wereld)", "Nufaar, Celia (uitvoerende: De wereld)", "Verbeke, Gunilla (uitvoerende: De wereld)", "Warning, Marc (scenografie)", "Weller, Bettina (kostuums)", "Witteveen, Harm (productie)", "Amsterdam, Atelier Toneelgroep (grime, kapwerk)", "Sluys, Erik (grime / kapwerk o.l.v.)", "Leemhuis, Casper (licht)", "Toneelgroep Amsterdam (producent)"], "date": ["2002-04-04"], "type": ["Moving Image"], "extent": ["PT1M14S"], "medium": ["https://www.openbeelden.nl/files/01/36/136292.Snaren_Lint_200101263.006_09.mp4", "https://www.openbeelden.nl/files/01/36/136350.136292.Snaren_Lint_200101263.006_09.webm", "https://www.openbeelden.nl/files/01/36/136342.136292.Snaren_Lint_200101263.006_09.ogv", "https://www.openbeelden.nl/files/01/36/136344.136292.Snaren_Lint_200101263.006_09.ogv", "https://www.openbeelden.nl/files/01/36/136386.136292.Snaren_Lint_200101263_006_09.m3u8", "https://www.openbeelden.nl/files/01/36/136352.136292.Snaren_Lint_200101263.006_09.ts", "https://www.openbeelden.nl/files/01/36/136295.136292.Snaren_Lint_200101263.006_09.mpeg", "https://www.openbeelden.nl/images/611096/Snaren_09_21_%280_37%29.png"], "identifier": ["Snaren_Lint_200101263.006_09"], "language": ["nl"], "references": ["Snaren_Lint_200101263.006"], "mediator": [null], "attributionName": ["Toneelgroep Amsterdam, Gerardjan Rijnders (regie) / Erik Lint (video)"], "attributionURL": ["https://www.openbeelden.nl/media/136293"], "license": ["https://creativecommons.org/licenses/by-nc-nd/3.0/nl/"], "hasformat": ["magnetictape"]}