{"title": ["Conjunto di NERO 09/13", "Conjunto di NERO 09/13"], "alternative": [null, null], "creator": ["ICK Amsterdam, Emio Greco | PC (regie en concept) / Erik Lint (video)", "ICK Amsterdam, Emio Greco | PC (direction and concept) / Erik Lint (video)"], "subject": ["UvA", "moderne dans", "contemporary dance"], "description": ["Licht is een integraal element van iedere voorstelling. In\u00a0 Conjunto di NERO, komen dansers, belichting en ruimte samen en scheppen een constant veranderende wereld, waar nu eens dans het licht voorstuwt en dan weer het licht de richting van de dansers bepaalt. Licht en donker wisselen elkaar af en scheiden het tastbare van het ontastbare, beweging van stilstand.", "Lighting is an integral element of each performance. It is used to create an atmosphere and change the landscape as well as to reveal and to hide. In  Conjunto di NERO the dancers, lighting and space come together creating an ever-changing world where the dance drives the light and the light drives the dance. Brightness and darkness alternate, separating the tangible from the intangible, movement from stillness."], "abstract": ["Licht is een integraal element van iedere voorstelling. Licht wordt niet alleen gebruikt om een atmosfeer te cre\u00ebren, maar is een bron van invloed op het lichaam in veranderende landschappen die openbaren of juist verbergen.  In\u00a0 Conjunto di NERO, komen dansers, belichting en ruimte samen en scheppen een constant veranderende wereld, waar nu eens dans het licht voorstuwt en dan weer het licht de richting van de dansers bepaalt. Licht en donker wisselen elkaar af en scheiden het tastbare van het ontastbare, beweging van stilstand.  De versnellende dynamiek van de voorstelling vindt zijn climax in de lichamen van de dansers. De confrontatie met hun fysieke grenzen dwingt hen de zoektocht naar harmonie op te geven. De eenzame gestalte van Emio Greco blijft achter om de volgende stap te overwegen.", "Lighting is an integral element of each performance. It is used to create an atmosphere and change the landscape as well as to reveal and to hide.  In  Conjunto di NERO the dancers, lighting and space come together creating an ever-changing world where the dance drives the light and the light drives the dance. Brightness and darkness alternate, separating the tangible from the intangible, movement from stillness.  The accelerating dynamics of the piece culminates with the dancers being confronted by their physical limitations and choosing to abandon their quest for harmony. The lone figure of Emio Greco is left behind to consider the next move."], "publisher": ["Theaterwetenschap, Universiteit van Amsterdam", "https://www.openbeelden.nl/users/uvathw"], "contributor": ["Greco, Emio (choreografie, licht, scenografie, geluidsconcept, uitvoerende)", "Scholten, Pieter C. (choreografie, licht, scenografie, geluidsconcept)", "Berm\u00fadez Pascual, Bertha (uitvoerende)", "Meneses Guiterrez, Barabara (uitvoerende)", "Monteiro Miotto, Guilherme (uitvoerende)", "Sieber, Alexander (uitvoerende)", "Danner, Henk (lichtontwerp)", "Portier, Clifford (kostuumontwerp)", "Selles, Wim (realisatie geluidscollage)", "Lint, Erik (projecties)", "Meijer, Jantien (productie)", "Stichting Zwaanprodukties (producent)", "Montpellier Danse, Montpellier (F) (co-productie)", "Th\u00e9\u00e2tre National de Bretagne, Rennes (F) (co-productie)"], "date": ["2001-07-11"], "type": ["Moving Image"], "extent": ["PT3M33S"], "medium": ["https://www.openbeelden.nl/files/01/36/136794.136524.conjunto_di_nero_Lint_200001710.002_09.mp4", "https://www.openbeelden.nl/files/01/36/136524.conjunto_di_nero_Lint_200001710.002_09.mp4", "https://www.openbeelden.nl/files/01/36/136798.136524.conjunto_di_nero_Lint_200001710.002_09.webm", "https://www.openbeelden.nl/files/01/36/136790.136524.conjunto_di_nero_Lint_200001710.002_09.ogv", "https://www.openbeelden.nl/files/01/36/136792.136524.conjunto_di_nero_Lint_200001710.002_09.ogv", "https://www.openbeelden.nl/files/01/36/136926.136524.conjunto_di_nero_Lint_200001710_002_09.m3u8", "https://www.openbeelden.nl/files/01/36/136800.136524.conjunto_di_nero_Lint_200001710.002_09.ts", "https://www.openbeelden.nl/files/01/36/136527.136524.conjunto_di_nero_Lint_200001710.002_09.mpeg", "https://www.openbeelden.nl/images/599372/Conjunto_di_NERO_09_13_%281_46%29.png"], "identifier": ["conjunto di nero_Lint_200001710.002_09"], "language": ["nl"], "references": ["conjunto di nero_Lint_200001710.002", "conjunto di nero_Lint_200001710.002"], "mediator": [null], "attributionName": ["ICK Amsterdam, Emio Greco | PC (regie en concept) / Erik Lint (video)"], "attributionURL": ["https://www.openbeelden.nl/media/136525"], "license": ["https://creativecommons.org/licenses/by-nc-nd/3.0/nl/"], "hasformat": ["magnetictape"]}