{"title": ["Bacchanten 11/38"], "alternative": [null], "creator": ["ZTHollandia, Johan Simons & Paul Koek (regie) / Erik Lint (video)"], "subject": ["UvA", "theater"], "description": ["ZT Hollandia\u2019s muziektheaterversie van de griekse tragedie \u2018Bacchai\u2019 door Euripides. Met Fedja van Hu\u00eat als Dionysos en Aus Greidanus jr. in de rol van Pentheus. De tekstbehandeling (vertaling: Herman Altena) is bijzonder in zijn muzikaliteit. Het koor bestaat uit een ensemble van Syrische zangers en musici gecompleteerd door een trio van westerse (electronische) muzikanten die de verzen live ten gehore brengen. "], "abstract": ["ZT Hollandia\u2019s muziektheaterversie van de griekse tragedie \u2018Bacchai\u2019 door Euripides (480?-406 v. Chr.). In Thebe is een vreemdeling, Dionysos (Fedja van Hu\u00eat), aangekomen met een groep vrouwelijke volgelingen, die Bacchus vereren en erkenning voor de nieuwe cultus eisen. Pentheus (Aus Greidanus jr.), de vorst van Thebe, weigert dit. Uit wraak hiervoor brengt Dionysos de vrouwen van Thebe in een roes waardoor zij hun geheugen verliezen en zich bij hem aansluiten in de bergen. In hun razernij scheuren de vrouwen het vee aan stukken en plunderen zij de boerderijen. Zowel het leven in de stad, zonder vrouwen, als op het platteland raakt grondig ontwricht. Pentheus besluit alle middelen in te zetten om Dionysos en de zijnen te verdrijven. Dan blijkt de bevrijdende god ook een allesvernietigende god te kunnen zijn.  De tekstbehandeling is bijzonder in zijn muzikaliteit. Veenstudio, het muziektheaterlaboratorium binnen ZT Hollandia olv Paul Koek, werkte voor Bacchanten nauw samen met de Syrische componist Nouri Iskandar, die speciaal voor deze enscenering de live uitgevoerde muziek schreef. De muziek en koorzangen\u00a0 werden\u00a0 door Iskandars ensemble, instrumentalisten en zangers, live tijdens de voorstelling uitgevoerd. Een trio van Westerse muzikanten maakte een elektronische bewerking van elementen uit Iskandars composities en speelde deze eveneens live tijdens de voorstelling."], "publisher": ["Theaterwetenschap, Universiteit van Amsterdam", "https://www.openbeelden.nl/users/uvathw"], "contributor": ["Simons, Johan (regie)", "Koek, Paul (regie, muziek, dirigent)", "Euripides (auteur)", "Altena, Herman (vertaling)", "Slangen, Paul (dramaturgie)", "Kreij, Johan van (muziek en dirigent)", "Meer, Ton van der (muziek en dirigent)", "Iskandar, Nouri (muziek en dirigent)", "Syrian Choir (koor)", "Syrian Ensemble (uitvoering muziek)", "Scholten, Marleen (uitvoerende, Koor)", "Bart, Walter (uitvoerende)", "Greidanus jr., Aus (uitvoerende)", "Brauw, Elsie de (uitvoerende)", "Gakeer, Gonny (uitvoerende, Koor)", "Remmers, Maartje (uitvoerende, Koor)", "Hu\u00eat, Fedja van (uitvoerende)", "Pittoors, Frieda (uitvoerende)", "Spijker, Yonina (uitvoerende)", "Nijs, Leo de (toneelbeeld)", "Goiris, Greta (kostuums)", "Raak, Marijn van (productie)", "Romers, Remko (productie)", "Swaenen, Marc (productie)", "Rapaport, Uri (licht)", "Pielage, Will Jan (geluid)", "ZTHollandia (producent)"], "date": ["2002-06-18"], "type": ["Moving Image"], "extent": ["PT5M4S"], "medium": ["https://www.openbeelden.nl/files/01/37/138471.137840.bacchanten_Lint_200100118.008_11.mp4", "https://www.openbeelden.nl/files/01/37/137840.bacchanten_Lint_200100118.008_11.mp4", "https://www.openbeelden.nl/files/01/37/138475.137840.bacchanten_Lint_200100118.008_11.webm", "https://www.openbeelden.nl/files/01/37/138467.137840.bacchanten_Lint_200100118.008_11.ogv", "https://www.openbeelden.nl/files/01/37/138469.137840.bacchanten_Lint_200100118.008_11.ogv", "https://www.openbeelden.nl/files/01/37/138522.137840.bacchanten_Lint_200100118_008_11.m3u8", "https://www.openbeelden.nl/files/01/37/138477.137840.bacchanten_Lint_200100118.008_11.ts", "https://www.openbeelden.nl/files/01/37/137845.137840.bacchanten_Lint_200100118.008_11.mpeg", "https://www.openbeelden.nl/images/611701/Bacchanten_11_38_%282_32%29.png"], "identifier": ["Bacchanten_Lint_200100118.008_11"], "language": ["nl"], "references": ["Bacchanten_Lint_200100118.008"], "mediator": [null], "attributionName": ["ZTHollandia, Johan Simons & Paul Koek (regie) / Erik Lint (video)"], "attributionURL": ["https://www.openbeelden.nl/media/137841"], "license": ["https://creativecommons.org/licenses/by-nc-nd/3.0/nl/"], "hasformat": ["magnetictape"]}