{"title": ["Onthulling van het monument Marine en Wetenschap"], "alternative": ["Weeknummer 38-08"], "creator": ["Polygoon-Profilti (producent) / Nederlands Instituut voor Beeld en Geluid (beheerder)"], "subject": ["monumenten", "onthullingen", "Vening Meinesz", "Felix Andries", "Koninklijke Marine"], "description": ["Bioscoopjournaals waarin Nederlandse onderwerpen van een bepaalde week worden gepresenteerd."], "abstract": ["Onthulling van het monument \"Marine en Wetenschap\" (door W.J. van Dijck ?) namens het Algemeen Nederlandsch Comit\u00e9 \"Onze Marine\" op het terrein van de Onderzeedienst te Den Helder, oa in aanwezigheid van prof.dr.ir. F.A. Vening Meinesz en een groot aantal officieren. Met het monument wordt hulde gebracht aan Vening Meinesz voor zijn geslaagd wetenschappelijk onderzoek dat hij aan boord van Nederlandse onderzee\u00ebrs uitvoerde. Het monument bevat een bronzen plaquette met oa de afbeelding van F.A. Vening Meinesz."], "publisher": ["Nederlands Instituut voor Beeld en Geluid", "https://www.openbeelden.nl/users/beeldengeluid"], "date": ["1938-02-21"], "type": ["Moving Image"], "extent": ["PT28S"], "medium": ["https://www.openbeelden.nl/files/01/40/140256.140243.WEEKNUMMER380-HRE00011EBE_2435720_2464120.mp4", "https://www.openbeelden.nl/files/01/40/140258.140243.WEEKNUMMER380-HRE00011EBE_2435720_2464120.mp4", "https://www.openbeelden.nl/files/01/40/140260.140243.WEEKNUMMER380-HRE00011EBE_2435720_2464120.webm", "https://www.openbeelden.nl/files/01/40/140252.140243.WEEKNUMMER380-HRE00011EBE_2435720_2464120.ogv", "https://www.openbeelden.nl/files/01/40/140254.140243.WEEKNUMMER380-HRE00011EBE_2435720_2464120.ogv", "https://www.openbeelden.nl/files/01/40/140278.140243.WEEKNUMMER380_HRE00011EBE.m3u8", "https://www.openbeelden.nl/files/01/40/703911.140243.WEEKNUMMER380_HRE00011EBE_2435720_2464120.m3u8", "https://www.openbeelden.nl/files/01/40/140262.140243.WEEKNUMMER380-HRE00011EBE_2435720_2464120.ts", "https://www.openbeelden.nl/files/01/40/140246.140243.WEEKNUMMER380-HRE00011EBE_2435720_2464120.mpeg", "https://www.openbeelden.nl/files/01/40/140243.WEEKNUMMER380-HRE00011EBE_2435720_2464120.mp4", "https://www.openbeelden.nl/images/703987/Onthulling_van_het_monument_Marine_en_Wetenschap_%280_14%29.png"], "identifier": ["522294"], "source": ["WEEKNUMMER380-HRE00011EBE"], "language": ["nl"], "references": [null], "mediator": ["Wikimedia Commons"], "spatial": ["Den Helder", "Nederland"], "attributionName": ["Polygoon-Profilti (producent) / Nederlands Instituut voor Beeld en Geluid (beheerder)"], "attributionURL": ["https://www.openbeelden.nl/media/140244"], "license": ["https://creativecommons.org/publicdomain/mark/1.0/"], "hasformat": ["film"]}