{"title": ["Hoe besteed ik mijn vrije tijd?", "How do I spend my leasure time?"], "alternative": ["Weeknummer 42-09", "Week number 42-09"], "creator": ["Polygoon-Profilti (producent) / Nederlands Instituut voor Beeld en Geluid (beheerder)", "Polygoon-Profilti (producer) / Netherlands Institute for Sound and Vision (curator)"], "subject": ["braille", "postbodes", "bouwvakkers", "houtsnijwerk", "braille", "postmen", "builders", "wood cutting"], "description": ["Bioscoopjournaals waarin Nederlandse onderwerpen van een bepaalde week worden gepresenteerd.", "Newsreels in which Dutch subjects of a certain week are presented."], "abstract": ["Een arbeider werkt overdag op de steiger mee aan de restauratie van de toren van de Nieuwe Kerk te Delft; 's avonds doet hij thuis aan houtsnijwerk. Een postbode bezorgt overdag te Leiden de post; 's avonds zet hij thuis mbv een braille-schrijfmachine gedrukte teksten om in brailleschrift voor blinden.   Tijdens de Tweede Wereldoorlog stonden de bioscoopjournaals van de filmfabrieken Polygoon en Profilti onder toezicht van de Duitse bezetter. Polygoon en Profilti moesten samenwerken met het Duitse filmverhuurkantoor Tobis. Vanaf 1 januari 1941 kreeg het bioscoopjournaal daarom de naam Tobis Nieuws. Tot in het najaar van 1944 werden onder deze naam door Polygoon en Profilti om de beurt journaals geproduceerd.", "A worker works during the day on a scaffold to restore the tower of the Nieuwe Kerk in Delft; in the evening he does woodwork. A postman delivers the mail during the day in Leiden; in the evening he translates printed texts into braille with a braille typewriter.   During World War II the newsreels by film producers Polygoon and Profilti were controlled by the German occupiers. Polygoon and Profilti had to work together with the German film rental office Tobis. From January 1, 1941 the newsreels were therefore called Tobis News. Until the fall of 1944 newsreels under this name were produced alternately by Polygoon and Profilti."], "publisher": ["Nederlands Instituut voor Beeld en Geluid", "https://www.openbeelden.nl/users/beeldengeluid"], "date": ["1942-02-23"], "type": ["Moving Image"], "extent": ["PT1M5S"], "medium": ["https://www.openbeelden.nl/files/14/14051.14038.WEEKNUMMER420-HRE0001A664.mp4", "https://www.openbeelden.nl/files/14/14045.14038.WEEKNUMMER420-HRE0001A664.ogv", "https://www.openbeelden.nl/files/14/14048.14038.WEEKNUMMER420-HRE0001A664.ogv", "https://www.openbeelden.nl/files/14/36051.14038.WEEKNUMMER420-HRE0001A664.m3u8", "https://www.openbeelden.nl/files/14/35988.14038.WEEKNUMMER420-HRE0001A664.ts", "https://www.openbeelden.nl/files/14/14041.14038.WEEKNUMMER420-HRE0001A664.mpeg", "https://www.openbeelden.nl/files/14/14038.WEEKNUMMER420-HRE0001A664.mpg", "https://www.openbeelden.nl/images/603410/Hoe_besteed_ik_mijn_vrije_tijd_%280_32%29.png"], "identifier": ["519275"], "source": ["WEEKNUMMER420-HRE0001A664", "WEEKNUMMER420-HRE0001A664"], "language": ["nl"], "references": [null], "mediator": ["Wikimedia Commons"], "spatial": ["Delft", "Leiden", "Nederland", "Delft", "Leiden", "Netherlands"], "attributionName": ["Polygoon-Profilti (producent) / Nederlands Instituut voor Beeld en Geluid (beheerder)"], "attributionURL": ["https://www.openbeelden.nl/media/14037"], "license": ["https://creativecommons.org/publicdomain/mark/1.0/"]}