{"title": ["Stichting Wetenschappelijk Onderzoek Verkeersveiligheid (SWOV)"], "alternative": ["Weeknummer 76-24 "], "creator": ["Polygoon-Profilti (producent) / Nederlands Instituut voor Beeld en Geluid (beheerder)"], "subject": ["conferenties", "infrastructuur", "verkeersongevallen", "verkeersveiligheid", "SWOV"], "description": ["Bioscoopjournaals waarin Nederlandse onderwerpen van een bepaalde week worden gepresenteerd."], "abstract": ["Congres van de SWOV over verkeersveiligheid. SHOTS: diversen van snelwegen; dubbelwandige vangrail en proef met bus die tegen vangrail botst; proeven bij auto's die te water geraken, inzittenden worstelen onder water om uit de auto te komen; proeven waarbij auto's tegen lantaarnpaal botsen. TOESPRAAK van SWOV-directeur Erik Asmussen over de lange gebruiksduur van het wegennet."], "publisher": ["Nederlands Instituut voor Beeld en Geluid", "https://www.openbeelden.nl/users/beeldengeluid"], "contributor": ["Bloemendal, Philip (commentaar)"], "date": ["1976-01-01"], "type": ["Moving Image"], "extent": ["PT3M3S"], "medium": ["https://www.openbeelden.nl/files/01/41/141407.141393.BG_9697.mp4", "https://www.openbeelden.nl/files/01/41/141409.141393.BG_9697.mp4", "https://www.openbeelden.nl/files/01/41/141411.141393.BG_9697.webm", "https://www.openbeelden.nl/files/01/41/141403.141393.BG_9697.ogv", "https://www.openbeelden.nl/files/01/41/141405.141393.BG_9697.ogv", "https://www.openbeelden.nl/files/01/41/141429.141393.BG_9697.m3u8", "https://www.openbeelden.nl/files/01/41/141413.141393.BG_9697.ts", "https://www.openbeelden.nl/files/01/41/141396.141393.BG_9697.mpeg", "https://www.openbeelden.nl/files/01/41/141393.BG_9697.mpg", "https://www.openbeelden.nl/images/602788/Stichting_Wetenschappelijk_Onderzoek_Verkeersveiligheid_%28SWOV%29_%281_31%29.png"], "identifier": ["33246"], "source": ["WEEKNUMMER762-HRE00004BD1"], "language": ["en"], "references": [null], "mediator": ["Wikimedia Commons"], "spatial": ["Nederland"], "attributionName": ["Polygoon-Profilti (producent) / Nederlands Instituut voor Beeld en Geluid (beheerder)"], "attributionURL": ["https://www.openbeelden.nl/media/141394"], "license": ["https://creativecommons.org/licenses/by-sa/3.0/nl/"], "hasformat": ["film"]}