{"title": ["Zuiderzeewerken", "The draining of the Zuiderzee"], "alternative": ["Weeknummer 30-30", "Week number 30-30"], "creator": ["Polygoon-Profilti (producent) / Nederlands Instituut voor Beeld en Geluid (beheerder)", "Polygoon-Profilti (producer) / Netherlands Institute for Sound and Vision (curator)"], "subject": ["polders", "graafmachines"], "description": ["Bioscoopjournaals waarin Nederlandse onderwerpen van een bepaalde week worden gepresenteerd.", "Newsreels in which Dutch subjects of a certain week are presented."], "abstract": ["Beelden van een grotendeels drooggevallen deel van de Zuiderzee (Wieringermeer) en enkele (graaf-) werkzaamheden. -Pan via afsluitdijk en elektrisch gemaal (Lely) naar droogevallen grond Zuiderzee 1'04\"; -twee heren fietsen over dijk 14\"; -mannen graven geul in drooggevallen grond en leggen pijpleiding aan 17\"; -tractor ploegt aarde 34\"; -graafmachine aan het werk 54\";", "Footage of the to a large extent drained part of the ZuiderZee (Wieringermeer) and some (excavating) activity. -Pan from the IJsselmeer Dam and electrical pumping-engine (Lely) to the drained land of the ZuiderZee 1'04\"; -two gentleman cycling across the dyke 14\"; -men digging a trench in drained land and laying a pipeline 17\"; -tractor ploughing the earth 34\"; -excavator at work 54\";"], "publisher": ["Nederlands Instituut voor Beeld en Geluid", "https://www.openbeelden.nl/users/beeldengeluid"], "date": ["1930-11-17"], "type": ["Moving Image"], "extent": ["PT3M8S"], "medium": ["https://www.openbeelden.nl/files/BG/WEEKNUMMER303-HRE0000CC8E.mp4", "https://www.openbeelden.nl/files/BG/WEEKNUMMER303-HRE0000CC8E-512.ogg", "https://www.openbeelden.nl/files/BG/WEEKNUMMER303-HRE0000CC8E.ogg", "https://www.openbeelden.nl/files/01/33706.WEEKNUMMER303-HRE0000CC8E.m3u8", "https://www.openbeelden.nl/files/01/33640.WEEKNUMMER303-HRE0000CC8E.ts", "https://www.openbeelden.nl/files/BG/WEEKNUMMER303-HRE0000CC8E.mpg", "https://www.openbeelden.nl/images/602695/Zuiderzeewerken_%281_34%29.png"], "identifier": ["525996"], "source": ["WEEKNUMMER303-HRE0000CC8E", "WEEKNUMMER303-HRE0000CC8E"], "language": ["nl"], "references": [null], "mediator": ["Wikimedia Commons"], "spatial": ["Zuiderzeewerken", "Medemblik", "Wieringermeer", "Nederland"], "attributionName": ["Polygoon-Profilti (producent) / Nederlands Instituut voor Beeld en Geluid (beheerder)"], "attributionURL": ["https://www.openbeelden.nl/media/1419"], "license": ["https://creativecommons.org/publicdomain/mark/1.0/"]}