{"title": ["Op bezoek bij industrie en ambacht", "Visting industry and trade"], "alternative": ["Weeknummer 46-15", "Week number 46-15"], "creator": ["Polygoon-Profilti (producent) / Nederlands Instituut voor Beeld en Geluid (beheerder)", "Polygoon-Profilti (producer) / Netherlands Institute for Sound and Vision (curator)"], "subject": ["jaren '45 - '50", "ondernemingen", "pers", "industrie", "fabrieken", "wederopbouw"], "description": ["Bioscoopjournaals waarin Nederlandse onderwerpen van een bepaalde week worden gepresenteerd.", "Newsreels in which Dutch subjects of a certain week are presented."], "abstract": ["Het ministerie van Handel en Nijverheid organiseert een persexcursie naar enkele industrie\u00ebn en ambachtsbedrijven in ons land. Het gezelschap stapt in een autobus en bezoekt een staalfabriek(?), motorenfabriek, kledingfabriek, sigarenmakerij, mandenmakerij, fabriek voor rieten stoelen en een fabriek voor gaskookstellen.", "The ministry of Trade and Industry organises an excursion for the press to several industrial and trading companies in our country. The company get on a bus and visit a steel factory(?), a motor factory, a clothing factory, a cigar workshop, a basket workshop, a factory that makes reed chairs and a factory for gas cookers."], "publisher": ["Nederlands Instituut voor Beeld en Geluid", "https://www.openbeelden.nl/users/beeldengeluid"], "date": ["1946-03-26"], "type": ["Moving Image"], "extent": ["PT1M45S"], "medium": ["https://www.openbeelden.nl/files/14/14334.14321.WEEKNUMMER461-HRE00013A14.mp4", "https://www.openbeelden.nl/files/14/14328.14321.WEEKNUMMER461-HRE00013A14.ogv", "https://www.openbeelden.nl/files/14/14331.14321.WEEKNUMMER461-HRE00013A14.ogv", "https://www.openbeelden.nl/files/14/36087.14321.WEEKNUMMER461-HRE00013A14.m3u8", "https://www.openbeelden.nl/files/14/36036.14321.WEEKNUMMER461-HRE00013A14.ts", "https://www.openbeelden.nl/files/14/14325.14321.WEEKNUMMER461-HRE00013A14.mpeg", "https://www.openbeelden.nl/files/14/14321.WEEKNUMMER461-HRE00013A14.mpg", "https://www.openbeelden.nl/images/603349/Op_bezoek_bij_industrie_en_ambacht_%280_52%29.png"], "identifier": ["512200"], "source": ["WEEKNUMMER461-HRE00013A14", "WEEKNUMMER461-HRE00013A14"], "language": ["nl"], "references": [null], "mediator": ["Wikimedia Commons"], "attributionName": ["Polygoon-Profilti (producent) / Nederlands Instituut voor Beeld en Geluid (beheerder)"], "attributionURL": ["https://www.openbeelden.nl/media/14324"], "license": ["https://creativecommons.org/publicdomain/mark/1.0/"]}