{"title": ["Wilde zwijnen jacht", "Wild boar hunt"], "alternative": ["Weeknummer 49-30", "Week number 49-30"], "creator": ["Polygoon-Profilti (producent) / Nederlands Instituut voor Beeld en Geluid (beheerder)", "Polygoon-Profilti (producer) / Netherlands Institute for Sound and Vision (curator)"], "subject": ["wilde zwijnen", "jagers", "jacht"], "description": ["Bioscoopjournaals waarin Nederlandse onderwerpen van een bepaalde week worden gepresenteerd.", "Newsreels in which Dutch subjects of a certain week are presented."], "abstract": ["In de Drunense duinen wordt, olv jachtopziener Aarts(?), een jacht op wilde zwijnen georganiseerd. SHOTS: - Een grote groep jagers, drijvers, journalisten, fotografen ontvangt instructies van de jachtopziener; - het gezelschap trekt naar het jachtterrein; - jagers nemen hun posities in aan de rand van het bos en laden hun geweren; Aarts lost in de lucht het startschot; - drijvers gaan op pad en trekken, herrie makend, door het terrein; - jagers wachten, geweer in de aanslag, tevergeefs op zwijnen; - in een kooi in een dierentuin scharrelt een everzwijn rond.", "A hunt on wild boar, led by game warden Aarts(?), is held in the Drunense Duinen. SHOTS: - A large group of hunters, beaters, journalists and photographers receives instructions from the game keeper; - the company goes to the hunting grounds; - hunters take their positions on the edge of the forest and load their rifles; Aarts fires the starting shot in the air; - beaters set off and move through the grounds whilst making noise; - hunters wait, rifles ready, in vain for wild boar; - a wild boar scratches about in a cage in a zoo."], "publisher": ["Nederlands Instituut voor Beeld en Geluid", "https://www.openbeelden.nl/users/beeldengeluid"], "date": ["1949-07-01"], "type": ["Moving Image"], "extent": ["PT1M46S"], "medium": ["https://www.openbeelden.nl/files/14/14439.14425.WEEKNUMMER493-HRE000154C8.mp4", "https://www.openbeelden.nl/files/14/14433.14425.WEEKNUMMER493-HRE000154C8.ogv", "https://www.openbeelden.nl/files/14/14436.14425.WEEKNUMMER493-HRE000154C8.ogv", "https://www.openbeelden.nl/files/14/36066.14425.WEEKNUMMER493-HRE000154C8.m3u8", "https://www.openbeelden.nl/files/14/36024.14425.WEEKNUMMER493-HRE000154C8.ts", "https://www.openbeelden.nl/files/14/14429.14425.WEEKNUMMER493-HRE000154C8.mpeg", "https://www.openbeelden.nl/files/14/14425.WEEKNUMMER493-HRE000154C8.mpg", "https://www.openbeelden.nl/images/602782/Wilde_zwijnen_jacht_%280_53%29.png"], "identifier": ["516432"], "source": ["WEEKNUMMER493-HRE000154C8", "WEEKNUMMER493-HRE000154C8"], "language": ["nl"], "references": [null], "mediator": ["Wikimedia Commons"], "attributionName": ["Polygoon-Profilti (producent) / Nederlands Instituut voor Beeld en Geluid (beheerder)"], "attributionURL": ["https://www.openbeelden.nl/media/14426"], "license": ["https://creativecommons.org/licenses/by-sa/3.0/nl/"]}