{"title": ["Minister Mansholt opent nieuw zuivel-laboratorium in Leeuwarden", "Minister Mansholt opens new dairy laboratory in Leeuwarden"], "alternative": ["Weeknummer 55-38", "Week number 55-38"], "creator": ["Polygoon-Profilti (producent) / Nederlands Instituut voor Beeld en Geluid (beheerder)", "Polygoon-Profilti (producer) / Netherlands Institute for Sound and Vision (curator)"], "subject": ["openingen", "laboratoria", "zuivelindustrie"], "description": ["Bioscoopjournaals waarin Nederlandse onderwerpen van een bepaalde week worden gepresenteerd.", "Newsreels in which Dutch subjects of a certain week are presented."], "abstract": ["Sicco Mansholt, minister van Landbouw, Visserij en Voedselvoorziening stelt in Leeuwarden het zuivellabotarorium in gebruik. In het laboratorium wordt de kwaliteit van zuivelproducten gecontroleerd.", "Sicco Mansholt, minister of Agriculture, Fisheries and Food Supplies opens the dairy laboratory in Leeuwarden. In the laboratory the quality of dairy products is checked."], "publisher": ["Nederlands Instituut voor Beeld en Geluid", "https://www.openbeelden.nl/users/beeldengeluid"], "date": ["1955-09-09"], "type": ["Moving Image"], "extent": ["PT1M8S"], "medium": ["https://www.openbeelden.nl/files/14/14881.14870.WEEKNUMMER553-HRE000159B8.mp4", "https://www.openbeelden.nl/files/14/14875.14870.WEEKNUMMER553-HRE000159B8.ogv", "https://www.openbeelden.nl/files/14/14878.14870.WEEKNUMMER553-HRE000159B8.ogv", "https://www.openbeelden.nl/files/14/36225.14870.WEEKNUMMER553-HRE000159B8.m3u8", "https://www.openbeelden.nl/files/14/36138.14870.WEEKNUMMER553-HRE000159B8.ts", "https://www.openbeelden.nl/files/14/14872.14870.WEEKNUMMER553-HRE000159B8.mpeg", "https://www.openbeelden.nl/files/14/14870.WEEKNUMMER553-HRE000159B8.mpg", "https://www.openbeelden.nl/images/603928/Minister_Mansholt_opent_nieuw_zuivel-laboratorium_in_Leeuwarden_%280_34%29.png"], "identifier": ["513830"], "source": ["WEEKNUMMER553-HRE000159B8", "WEEKNUMMER553-HRE000159B8"], "language": ["nl"], "references": [null], "mediator": ["Wikimedia Commons"], "attributionName": ["Polygoon-Profilti (producent) / Nederlands Instituut voor Beeld en Geluid (beheerder)"], "attributionURL": ["https://www.openbeelden.nl/media/14871"], "license": ["https://creativecommons.org/licenses/by-sa/3.0/nl/"]}