{"title": ["Nieuwe poging van de heer Veraart om regen te maken", "New attempt of Mr. Veraart to make rain"], "alternative": ["Weeknummer 39-01", "Week number 39-01"], "creator": ["Polygoon-Profilti (producent) / Nederlands Instituut voor Beeld en Geluid (beheerder)", "Polygoon-Profilti (producer) / Netherlands Institute for Sound and Vision (curator)"], "subject": ["branden", "kerstbomen", "uitvindingen", "Veraart", "fires", "Christmas trees", "inventions", "Veraart"], "description": ["Bioscoopjournaals waarin Nederlandse onderwerpen van een bepaalde week worden gepresenteerd.", "Newsreels in which Dutch subjects of a certain week are presented."], "abstract": ["Een aantal heren, waaronder dhr. Veraart, steken tbv regenproeven een grote berg kerstbomen in brand.", "A number of gentlemen, including Mr. Veraart, fire up a big pile of Christmas trees, for the purpose of rain tests."], "publisher": ["Nederlands Instituut voor Beeld en Geluid", "https://www.openbeelden.nl/users/beeldengeluid"], "date": ["1939-12-17"], "type": ["Moving Image"], "extent": ["PT51S"], "medium": ["https://www.openbeelden.nl/files/01/49/149038.149027.WEEKNUMMER390-HRE00040F29.mp4", "https://www.openbeelden.nl/files/01/49/149040.149027.WEEKNUMMER390-HRE00040F29.mp4", "https://www.openbeelden.nl/files/01/49/149042.149027.WEEKNUMMER390-HRE00040F29.webm", "https://www.openbeelden.nl/files/01/49/149034.149027.WEEKNUMMER390-HRE00040F29.ogv", "https://www.openbeelden.nl/files/01/49/149036.149027.WEEKNUMMER390-HRE00040F29.ogv", "https://www.openbeelden.nl/files/01/49/149046.149027.WEEKNUMMER390_HRE00040F29.m3u8", "https://www.openbeelden.nl/files/01/49/149044.149027.WEEKNUMMER390-HRE00040F29.ts", "https://www.openbeelden.nl/files/01/49/149030.149027.WEEKNUMMER390-HRE00040F29.mpeg", "https://www.openbeelden.nl/files/01/49/149027.WEEKNUMMER390-HRE00040F29.mpg", "https://www.openbeelden.nl/images/602740/Nieuwe_poging_van_de_heer_Veraart_om_regen_te_maken_%280_25%29.png"], "identifier": ["514155"], "source": ["WEEKNUMMER390-HRE00040F29"], "language": ["nl"], "references": [null], "mediator": ["Wikimedia Commons"], "spatial": ["Den Haag", "Nederland", "The Hague", "Netherlands"], "attributionName": ["Polygoon-Profilti (producent) / Nederlands Instituut voor Beeld en Geluid (beheerder)"], "attributionURL": ["https://www.openbeelden.nl/media/149028"], "license": ["https://creativecommons.org/publicdomain/mark/1.0/"], "hasformat": ["film"]}