{"title": ["Dorp gebruikt feestmaal van pork en wittebrood", "Village has festive meal of pork and white bread"], "alternative": ["Weeknummer 58-19", "Week number 58-19"], "creator": ["Polygoon-Profilti (producent) / Nederlands Instituut voor Beeld en Geluid (beheerder)", "Polygoon-Profilti (producer) / Netherlands Institute for Sound and Vision (curator)"], "subject": ["bevrijding", "optochten", "Tweede Wereldoorlog", "praalwagens", "feesten"], "description": ["Bioscoopjournaals waarin Nederlandse onderwerpen van een bepaalde week worden gepresenteerd.", "Newsreels in which Dutch subjects of a certain week are presented."], "abstract": ["Bevrijdingsfeest in Broek in Waterland, met een optocht met praalwagens van oa de Hongerwinter en Zweeds witbrood. Vervolgens eten alle inwoners vlees en witbrood. Met archiefmateriaal van voedseldroppings.", "Liberation celebrations in Broek in Waterland, with a parade with floats of a.o. Dutch famine of 1944 and Swedish white bread. Afterwards all the citizens eat meat and white bread. With archive material of the food droppings."], "publisher": ["Nederlands Instituut voor Beeld en Geluid", "https://www.openbeelden.nl/users/beeldengeluid"], "date": ["1958-05-05"], "type": ["Moving Image"], "extent": ["PT1M30S"], "medium": ["https://www.openbeelden.nl/files/14/14931.14920.WEEKNUMMER581-HRE000159B1.mp4", "https://www.openbeelden.nl/files/14/14925.14920.WEEKNUMMER581-HRE000159B1.ogv", "https://www.openbeelden.nl/files/14/14928.14920.WEEKNUMMER581-HRE000159B1.ogv", "https://www.openbeelden.nl/files/14/36243.14920.WEEKNUMMER581-HRE000159B1.m3u8", "https://www.openbeelden.nl/files/14/36147.14920.WEEKNUMMER581-HRE000159B1.ts", "https://www.openbeelden.nl/files/14/14921.14920.WEEKNUMMER581-HRE000159B1.mpeg", "https://www.openbeelden.nl/files/14/14920.WEEKNUMMER581-HRE000159B1.mpg", "https://www.openbeelden.nl/images/603927/Dorp_gebruikt_feestmaal_van_pork_en_wittebrood_%280_45%29.png"], "identifier": ["510772"], "source": ["WEEKNUMMER581-HRE000159B1", "WEEKNUMMER581-HRE000159B1"], "language": ["nl"], "references": [null], "mediator": ["Wikimedia Commons"], "attributionName": ["Polygoon-Profilti (producent) / Nederlands Instituut voor Beeld en Geluid (beheerder)"], "attributionURL": ["https://www.openbeelden.nl/media/14918"], "license": ["https://creativecommons.org/licenses/by-sa/3.0/nl/"]}