{"title": ["Een nieuwe uitvinding: fietsen met benen en armen", "A new invention: cycling with arms and legs"], "alternative": ["Weeknummer 42-01", "Week number 42-01"], "creator": ["Polygoon-Profilti (producent) / Nederlands Instituut voor Beeld en Geluid (beheerder)", "Polygoon-Profilti (producer) / Netherlands Institute for Sound and Vision (curator)"], "subject": ["bijzondere voertuigen", "fietsen", "uitvindingen", "special vehicles", "bicycles", "inventions"], "description": ["Bioscoopjournaals waarin Nederlandse onderwerpen van een bepaalde week worden gepresenteerd.", "Newsreels in which Dutch subjects of a certain week are presented."], "abstract": ["In Groningen demonstreert een uitvinder een fiets met twee kettingaandrijvingen: de voeten drijven het achterwiel aan; de handen sturen \u00e9n drijven het voorwiel aan.", "In Groningen an inventor demonstrates a bicycle with two roller chains: the rear wheel is driven by feet; hands steer and drive the front wheel."], "publisher": ["Nederlands Instituut voor Beeld en Geluid", "https://www.openbeelden.nl/users/beeldengeluid"], "date": ["1942-12-24"], "type": ["Moving Image"], "extent": ["PT57S"], "medium": ["https://www.openbeelden.nl/files/01/49/149311.149300.WEEKNUMMER420-HRE00016C42.mp4", "https://www.openbeelden.nl/files/01/49/149313.149300.WEEKNUMMER420-HRE00016C42.mp4", "https://www.openbeelden.nl/files/01/49/149315.149300.WEEKNUMMER420-HRE00016C42.webm", "https://www.openbeelden.nl/files/01/49/149307.149300.WEEKNUMMER420-HRE00016C42.ogv", "https://www.openbeelden.nl/files/01/49/149309.149300.WEEKNUMMER420-HRE00016C42.ogv", "https://www.openbeelden.nl/files/01/49/149330.149300.WEEKNUMMER420_HRE00016C42.m3u8", "https://www.openbeelden.nl/files/01/49/149317.149300.WEEKNUMMER420-HRE00016C42.ts", "https://www.openbeelden.nl/files/01/49/149303.149300.WEEKNUMMER420-HRE00016C42.mpeg", "https://www.openbeelden.nl/files/01/49/149300.WEEKNUMMER420-HRE00016C42.mpg", "https://www.openbeelden.nl/images/602734/Een_nieuwe_uitvinding_fietsen_met_benen_en_armen_%280_28%29.png"], "identifier": ["518262"], "source": ["WEEKNUMMER420-HRE00016C42"], "language": ["nl"], "references": [null], "mediator": ["Wikimedia Commons"], "spatial": ["Groningen", "Nederland", "Groningen", "Netherlands"], "attributionName": ["Polygoon-Profilti (producent) / Nederlands Instituut voor Beeld en Geluid (beheerder)"], "attributionURL": ["https://www.openbeelden.nl/media/149301"], "license": ["https://creativecommons.org/publicdomain/mark/1.0/"], "hasformat": ["film"]}