{"title": ["Nieuwe vinding op rijwielgebied", "New invention in the field of cycling"], "alternative": ["Weeknummer 39-24", "Week number 39-24"], "creator": ["Polygoon-Profilti (producent) / Nederlands Instituut voor Beeld en Geluid (beheerder)", "Polygoon-Profilti (producer) / Netherlands Institute for Sound and Vision (curator)"], "subject": ["fietsen", "uitvindingen", "bicycles", "inventions"], "description": ["Bioscoopjournaals waarin Nederlandse onderwerpen van een bepaalde week worden gepresenteerd.", "Newsreels in which Dutch subjects of a certain week are presented."], "abstract": ["De uitvinding van een nieuw trapmechanisme voor de fiets te Grathem: de trappers worden niet rondgetrapt, maar op en neer bewogen. SHOTS: - fietsenmaker aan het werk met as van fietswiel en het maken van een schets; - tandem voorzien van de nieuwe uitvinding; - demonstratie van nieuwe trapmechanisme op tandem en gewone fiets; - mannen en vrouw tonen werking van nieuwe vinding op de weg.", "The invention of a new pedaling mechanism for bicycles at Grathem: the pedals don't go around, but move up and down. SHOTS:-bicycle mechanic is working with the ash of a bicycle wheel and is sketching; -tandem with the new invention; -demonstration of new pedaling mechanism on a tandem and ordinary bicycle; -men and woman demonstrate operation of new invention on the road."], "publisher": ["Nederlands Instituut voor Beeld en Geluid", "https://www.openbeelden.nl/users/beeldengeluid"], "date": ["1939-06-02"], "type": ["Moving Image"], "extent": ["PT57S"], "medium": ["https://www.openbeelden.nl/files/01/49/149370.149359.WEEKNUMMER392-HRE0001B014.mp4", "https://www.openbeelden.nl/files/01/49/149372.149359.WEEKNUMMER392-HRE0001B014.mp4", "https://www.openbeelden.nl/files/01/49/149374.149359.WEEKNUMMER392-HRE0001B014.webm", "https://www.openbeelden.nl/files/01/49/149366.149359.WEEKNUMMER392-HRE0001B014.ogv", "https://www.openbeelden.nl/files/01/49/149368.149359.WEEKNUMMER392-HRE0001B014.ogv", "https://www.openbeelden.nl/files/01/49/149388.149359.WEEKNUMMER392_HRE0001B014.m3u8", "https://www.openbeelden.nl/files/01/49/149376.149359.WEEKNUMMER392-HRE0001B014.ts", "https://www.openbeelden.nl/files/01/49/149362.149359.WEEKNUMMER392-HRE0001B014.mpeg", "https://www.openbeelden.nl/files/01/49/149359.WEEKNUMMER392-HRE0001B014.mpg", "https://www.openbeelden.nl/images/602732/Nieuwe_vinding_op_rijwielgebied_%280_28%29.png"], "identifier": ["519178"], "source": ["WEEKNUMMER392-HRE0001B014"], "language": ["nl"], "references": [null], "mediator": ["Wikimedia Commons"], "spatial": ["Grathem", "Nederland", "Grathem", "Netherlands"], "attributionName": ["Polygoon-Profilti (producent) / Nederlands Instituut voor Beeld en Geluid (beheerder)"], "attributionURL": ["https://www.openbeelden.nl/media/149360"], "license": ["https://creativecommons.org/publicdomain/mark/1.0/"], "hasformat": ["film"]}