{"title": ["Eindhoven voetbalkampioen van Nederland", "Eindhoven football champion of the Netherlands"], "alternative": ["Weeknummer 54-27", "Week number 54-27"], "creator": ["Polygoon-Profilti (producent) / Nederlands Instituut voor Beeld en Geluid (beheerder)", "Polygoon-Profilti (producer) / Netherlands Institute for Sound and Vision (curator)"], "subject": ["gewonden", "supporters", "voetbal", "Melis", "Noud van", "DOS", "FC Eindhoven", "casualties", "fans", "football", "Melis", "Noud van", "DOS", "FC Eindhoven"], "description": ["Bioscoopjournaals waarin Nederlandse onderwerpen van een bepaalde week worden gepresenteerd.", "Newsreels in which Dutch subjects of a certain week are presented."], "abstract": ["Voetbalwedstrijd om het landskampioenschap: FC Eindhoven verslaat op eigen veld DOS met 3-1 (rust 2-0) en wordt daarmee de laatste landskampioen bij de amateurs voordat in Nederland het profvoetbal begint. Het duel wordt door 18.000 mensen bezocht. In het gedrang om in het stadion te komen, raken sommige toeschouwers gewond, waarna ze per brancard worden afgevoerd. Met drie doelpunten voor FC Eindhoven van Noud van Melis (1-0, 2-0 en 3-1). Na afloop bestormen de toeschouwers het veld en nemen de spelers op de schouders.", "Football match for the national championship: on their own field FC Eindhoven beats DOS with 3-1 (half-time 2-0) which makes them the last amateur national champion before professional football is introduced in the Netherlands. The match is attended by 18,000 spectators. In the jostling to enter the stadium some of the spectators get hurt and have to be transported on a stretcher. With three goals for FC Eindhoven by Noud van Melis (1-0, 2-0 and 3-1). Afterwards the spectators storm onto the field and carry the players in triumph."], "publisher": ["Nederlands Instituut voor Beeld en Geluid", "https://www.openbeelden.nl/users/beeldengeluid"], "contributor": ["Bloemendal, Philip (commentaar)"], "date": ["1954-06-27"], "type": ["Moving Image"], "extent": ["PT1M28S"], "medium": ["https://www.openbeelden.nl/files/01/49/149999.149988.WEEKNUMMER542-HRE00011F69_2393280_2482000.mp4", "https://www.openbeelden.nl/files/01/49/150001.149988.WEEKNUMMER542-HRE00011F69_2393280_2482000.mp4", "https://www.openbeelden.nl/files/01/49/150003.149988.WEEKNUMMER542-HRE00011F69_2393280_2482000.webm", "https://www.openbeelden.nl/files/01/49/149995.149988.WEEKNUMMER542-HRE00011F69_2393280_2482000.ogv", "https://www.openbeelden.nl/files/01/49/149997.149988.WEEKNUMMER542-HRE00011F69_2393280_2482000.ogv", "https://www.openbeelden.nl/files/01/49/150015.149988.WEEKNUMMER542_HRE00011F69.m3u8", "https://www.openbeelden.nl/files/01/49/661355.149988.WEEKNUMMER542_HRE00011F69_2393280_2482000.m3u8", "https://www.openbeelden.nl/files/01/49/150005.149988.WEEKNUMMER542-HRE00011F69_2393280_2482000.ts", "https://www.openbeelden.nl/files/01/49/149991.149988.WEEKNUMMER542-HRE00011F69_2393280_2482000.mpeg", "https://www.openbeelden.nl/files/01/49/149988.WEEKNUMMER542-HRE00011F69_2393280_2482000.mp4", "https://www.openbeelden.nl/images/661513/Eindhoven_voetbalkampioen_van_Nederland_%280_44%29.png"], "identifier": ["520897"], "source": ["WEEKNUMMER542-HRE00011F69"], "language": ["nl"], "references": [null], "mediator": ["Wikimedia Commons"], "spatial": ["Nederland", "Netherlands"], "attributionName": ["Polygoon-Profilti (producent) / Nederlands Instituut voor Beeld en Geluid (beheerder)"], "attributionURL": ["https://www.openbeelden.nl/media/149989"], "license": ["https://creativecommons.org/licenses/by-sa/3.0/nl/"], "hasformat": ["film"]}