{"title": ["Bananenoogst", "Banana harvest"], "alternative": ["Weeknummer 68-14", "Week number 68-14"], "creator": ["Polygoon-Profilti (producent) / Nederlands Instituut voor Beeld en Geluid (beheerder)", "Polygoon-Profilti (producer) / Netherlands Institute for Sound and Vision (curator)"], "subject": ["overdag", "mannen", "tractoren", "bananen", "zonnig", "wolken", "arbeid", "jaren '60", "vrachtwagens", "oogsten", "routine", "planten", "plantages", "mechanisatie water", "automatisering", "fruit", "opslagplaatsen", "voedsel", "agrarische beroepen", "kinderen", "schepen", "vrouwen", "horizon", "kabelbanen", "havens", "arbeiders"], "description": ["Bioscoopjournaals waarin Nederlandse onderwerpen van een bepaalde week worden gepresenteerd.", "Newsreels in which Dutch subjects of a certain week are presented."], "abstract": ["Verbouw van bananen in het Jarikaba-project in Saramacca. Mannen dragen de bananentrossen naar een kabelbaan, van waar ze verder worden gebracht naar een verpakkingsloods. De bananen worden gewassen in water dat schimmels tegen gaat en in dozen ingepakt. Per vrachtauto gaan ze naar een haven in Paramaribo. Verbouw van bananen, mannen dragen de bananentrossen naar een kabelbaan, de bananen worden gewassen in water en in dozen ingepakt, per vrachtauto gaat het fruit naar een haven in Paramaribo.", "Cultivation of bananas at the Jarikaba project in Saramacca. Men carry bunches of bananas to a cableway, from where they're taken to a packaging shed. The bananas are washed in antifungal water and put into boxes. They're taken to the harbour of Paramaribo by lorry."], "publisher": ["Nederlands Instituut voor Beeld en Geluid", "https://www.openbeelden.nl/users/beeldengeluid"], "date": ["1968-04-01"], "type": ["Moving Image"], "extent": ["PT2M3S"], "medium": ["https://www.openbeelden.nl/files/15/15255.15241.WEEKNUMMER681-HRE0000FFF2.mp4", "https://www.openbeelden.nl/files/15/15249.15241.WEEKNUMMER681-HRE0000FFF2.ogv", "https://www.openbeelden.nl/files/15/15252.15241.WEEKNUMMER681-HRE0000FFF2.ogv", "https://www.openbeelden.nl/files/15/36252.15241.WEEKNUMMER681-HRE0000FFF2.m3u8", "https://www.openbeelden.nl/files/15/36171.15241.WEEKNUMMER681-HRE0000FFF2.ts", "https://www.openbeelden.nl/files/15/15245.15241.WEEKNUMMER681-HRE0000FFF2.mpeg", "https://www.openbeelden.nl/files/15/15241.WEEKNUMMER681-HRE0000FFF2.mpg", "https://www.openbeelden.nl/images/603345/Bananenoogst_%281_01%29.png"], "identifier": ["517006"], "source": ["WEEKNUMMER681-HRE0000FFF2", "WEEKNUMMER681-HRE0000FFF2"], "language": ["nl"], "references": [null], "mediator": ["Wikimedia Commons"], "attributionName": ["Polygoon-Profilti (producent) / Nederlands Instituut voor Beeld en Geluid (beheerder)"], "attributionURL": ["https://www.openbeelden.nl/media/15240"], "license": ["https://creativecommons.org/licenses/by-sa/3.0/nl/"]}