{"title": ["Spel Zonder Grenzen", "Spel Zonder Grenzen"], "alternative": ["Weeknummer 72-34", "Week number 72-34"], "creator": ["Polygoon-Profilti (producent) / Nederlands Instituut voor Beeld en Geluid (beheerder)", "Polygoon-Profilti (producer) / Netherlands Institute for Sound and Vision (curator)"], "subject": ["televisieprogramma's", "EUscreen", "television programmes", "Spel zonder grenzen"], "description": ["Bioscoopjournaals waarin Nederlandse onderwerpen van een bepaalde week worden gepresenteerd.", "Newsreels in which Dutch subjects of a certain week are presented."], "abstract": ["Opnames voor het NCRV-televisieprogramma \"Spel Zonder Grenzen\" op de Grote Markt te Delft. Deelnemers uit Nederland, Groot-Brittanni\u00eb, Frankrijk, West-Duitsland, Itali\u00eb en Zwitserland strijden met verschillende spelletjes tegen elkaar. De uitzending wordt via Eurovisie uitgezonden.", "Recordings for the NCRV television programme \"Spel Zonder Grenzen\" (Games Without Borders) at the Grote Markt in Delft. Participants from the Netherlands, Great Britain, France, West Germany, Italy and Switzerland compete against each other in different games. The show is broadcast by Eurovision."], "publisher": ["Nederlands Instituut voor Beeld en Geluid", "https://www.openbeelden.nl/users/beeldengeluid"], "contributor": ["Bloemendal, Philip (commentaar)"], "date": ["1972-08-15"], "type": ["Moving Image"], "extent": ["PT2M12S"], "medium": ["https://www.openbeelden.nl/files/01/55/155492.155481.WEEKNUMMER723-HRE0001AFE2.mp4", "https://www.openbeelden.nl/files/01/55/155494.155481.WEEKNUMMER723-HRE0001AFE2.mp4", "https://www.openbeelden.nl/files/01/55/155496.155481.WEEKNUMMER723-HRE0001AFE2.webm", "https://www.openbeelden.nl/files/01/55/155488.155481.WEEKNUMMER723-HRE0001AFE2.ogv", "https://www.openbeelden.nl/files/01/55/155490.155481.WEEKNUMMER723-HRE0001AFE2.ogv", "https://www.openbeelden.nl/files/01/55/155552.155481.WEEKNUMMER723_HRE0001AFE2.m3u8", "https://www.openbeelden.nl/files/01/55/155498.155481.WEEKNUMMER723-HRE0001AFE2.ts", "https://www.openbeelden.nl/files/01/55/155484.155481.WEEKNUMMER723-HRE0001AFE2.mpeg", "https://www.openbeelden.nl/files/01/55/155481.WEEKNUMMER723-HRE0001AFE2.mpg", "https://www.openbeelden.nl/images/599760/Spel_Zonder_Grenzen_%281_06%29.png"], "identifier": ["512062"], "source": ["WEEKNUMMER723-HRE0001AFE2"], "language": ["nl"], "references": [null], "mediator": ["Wikimedia Commons"], "spatial": ["Delft", "Nederland", "Delft", "Netherlands"], "attributionName": ["Polygoon-Profilti (producent) / Nederlands Instituut voor Beeld en Geluid (beheerder)"], "attributionURL": ["https://www.openbeelden.nl/media/155482"], "license": ["https://creativecommons.org/licenses/by-sa/3.0/nl/"], "hasformat": ["film"]}