{"title": ["Atletiekwedstrijden NAV", "Athletic games NAV"], "alternative": ["Weeknummer 24-35", "Week number 24-35"], "creator": ["Polygoon-Profilti (producent) / Nederlands Instituut voor Beeld en Geluid (beheerder)", "Polygoon-Profilti (producer) / Netherlands Institute for Sound and Vision (curator)"], "subject": ["atletiek", "geluidsapparatuur", "hardlopen", "kogelstoten", "omroepers", "touwtrekken", "verspringen", "NAV", "athletics", "audio equipment", "running", "shot put", "announcers", "tug of war", "long jump", "NAV"], "description": ["Bioscoopjournaals waarin Nederlandse onderwerpen van een bepaalde week worden gepresenteerd.", "Newsreels in which Dutch subjects of a certain week are presented."], "abstract": ["Atletiekwedstrijden om het kampioenschap van Nederland. - mediumshot kogelstoter, publiek op de achtergrond, 7\". - mediumshot hoogspringer, idem, 5\". - twee mediumshots verspringen, 14\". - totaalshot hardlopen rond sportveld, 11\". - div. shots touwtrekken, 24\". - omroeper aan tafel met grote luidspreker, 10\".", "Athletic games for the championship of the Netherlands. - mediumshot kogelstoter, publiek op de achtergrond, 7\". - medium shot high jumper, ditto, 5\". - two medium shots long jumping, 14\". - overall shot running around the sports field, 11\". - several shot shots of tug of war, 24\". - announcer sitting at a table with a large loudspeaker, 10\"."], "publisher": ["Nederlands Instituut voor Beeld en Geluid", "https://www.openbeelden.nl/users/beeldengeluid"], "date": ["1925-08-23"], "type": ["Moving Image"], "extent": ["PT1M11S"], "medium": ["https://www.openbeelden.nl/files/01/55/155666.155655.WEEKNUMMER243-HRE0001574E_2870760_2942000.mp4", "https://www.openbeelden.nl/files/01/55/155668.155655.WEEKNUMMER243-HRE0001574E_2870760_2942000.mp4", "https://www.openbeelden.nl/files/01/55/155670.155655.WEEKNUMMER243-HRE0001574E_2870760_2942000.webm", "https://www.openbeelden.nl/files/01/55/155662.155655.WEEKNUMMER243-HRE0001574E_2870760_2942000.ogv", "https://www.openbeelden.nl/files/01/55/155664.155655.WEEKNUMMER243-HRE0001574E_2870760_2942000.ogv", "https://www.openbeelden.nl/files/01/55/155720.155655.WEEKNUMMER243_HRE0001574E.m3u8", "https://www.openbeelden.nl/files/01/55/661616.155655.WEEKNUMMER243_HRE0001574E_2870760_2942000.m3u8", "https://www.openbeelden.nl/files/01/55/155672.155655.WEEKNUMMER243-HRE0001574E_2870760_2942000.ts", "https://www.openbeelden.nl/files/01/55/155658.155655.WEEKNUMMER243-HRE0001574E_2870760_2942000.mpeg", "https://www.openbeelden.nl/files/01/55/155655.WEEKNUMMER243-HRE0001574E_2870760_2942000.mp4", "https://www.openbeelden.nl/images/661667/Atletiekwedstrijden_NAV_%280_35%29.png"], "identifier": ["524223"], "source": ["WEEKNUMMER243-HRE0001574E"], "language": ["nl"], "references": [null], "mediator": ["Wikimedia Commons"], "spatial": ["Eindhoven", "Nederland", "Eindhoven", "Netherlands"], "attributionName": ["Polygoon-Profilti (producent) / Nederlands Instituut voor Beeld en Geluid (beheerder)"], "attributionURL": ["https://www.openbeelden.nl/media/155656"], "license": ["https://creativecommons.org/publicdomain/mark/1.0/"], "hasformat": ["film"]}