{"title": ["Wives\u2019 school"], "alternative": ["La Settimana Incom"], "creator": ["Incom (producer) / Cinecitta Luce (curator)"], "subject": ["family", "women", "school", "domestic", "social", "EUscreen"], "description": ["The idea of family in the fifties, between fiction and advertising"], "abstract": ["portrait of a worried mother-in-law, husband and wife quarrel, the woman throws a pot on the ground, the husband throws with the dinner table, the two leave the room, slamming the door and causing other damage, entrance to a school for wives with the words Home Sweet Home, the emblem of the school: a dog tamed by a tiger, women watering flowers, women in the kitchen preparing meals, a man enters his house and his wife welcomes him smiling; the two kiss\u00a0"], "publisher": ["luce", "https://www.openbeelden.nl/users/luce"], "date": ["1951-01-01"], "type": ["Moving Image"], "extent": ["PT2M5S"], "medium": ["https://www.openbeelden.nl/files/01/58/158284.158268.Wives_school.mp4", "https://www.openbeelden.nl/files/01/58/158286.158268.Wives_school.mp4", "https://www.openbeelden.nl/files/01/58/158268.Wives_school.mp4", "https://www.openbeelden.nl/files/01/58/158288.158268.Wives_school.webm", "https://www.openbeelden.nl/files/01/58/158280.158268.Wives_school.ogv", "https://www.openbeelden.nl/files/01/58/158282.158268.Wives_school.ogv", "https://www.openbeelden.nl/files/01/58/158296.158268.Wives_school.m3u8", "https://www.openbeelden.nl/files/01/58/158290.158268.Wives_school.ts", "https://www.openbeelden.nl/files/01/58/158271.158268.Wives_school.mpeg", "https://www.openbeelden.nl/images/602602/Wives%E2%80%99_school_%281_02%29.png"], "identifier": ["I061505"], "source": ["061505.mp4"], "language": ["en"], "references": [null], "mediator": [null], "attributionName": ["Incom (producer) / Cinecitta Luce (curator)"], "attributionURL": ["https://www.openbeelden.nl/media/158269"], "license": ["https://creativecommons.org/licenses/by-nc-sa/3.0/nl/"]}