{"title": ["HELL 02/11", "HELL 02/11"], "alternative": [null, null], "creator": ["ICK Amsterdam, Emio Greco | PC (regie en concept) / Erik Lint (video)", "ICK Amsterdam, Emio Greco | PC (direction and concept) / Erik Lint (video)"], "subject": ["UvA", "moderne dans", null, "contemporary dance"], "description": ["Een zoektocht om de grenzen van de fysieke identiteit te verleggen en het onvoorspelbare lichaam van zijn ketenen te ontdoen.", "A search for ways to extend the boundaries of our physical identity and for ways to unleash the unpredictable body."], "abstract": ["In HELL graven Emio Greco en Pieter C. Scholten diep in de verschillende lagen van de dans, onderzoeken zij de componenten van verschillende dansvormen en bekijken zij hoe deze gelezen en gedecodeerd kunnen worden. Een zoektocht om de grenzen van de fysieke identiteit te verleggen en het onvoorspelbare lichaam van zijn ketenen te ontdoen.  In het creatieve proces worden de bestaande connotaties en associaties van het thema hel opengebroken, afgebroken en vervolgens in een nieuwe betekenis weer opgebouwd. Greco en Scholten vinden inspiratie in de beeldende kunsten, muziek en literatuur, meer specifiek in Dante\u2019s Inferno en het allegro con brio uit Beethoven\u2019s Vijfde. Door het perspectief op het bestaande historische gedachtegoed te kantelen, ontstaan nieuwe ingangen in existenti\u00eble kwesties.", "In\u00a0 HELL, Greco and Scholten delve deeper into the layers of dance, they explore the components of different directions in dance and look at how they are read and decoded. It is a search for ways to extend the boundaries of our physical identity, ways to unleash the unpredictable body.  In the creative process existing connotations of and associations with the notion of hell are broken down and deconstructed in order to be able to rebuild a new meaning. Greco and Scholten find their inspiration in both the visual arts, the performing arts and literature, more specifically in Dante\u2019s Inferno and the allegro con brio of Beethoven\u2019s Fifth.  By actually tilting the familiar historical point of perspective they add new meaning to these pieces and open up new entrances into existential questions."], "publisher": ["Theaterwetenschap, Universiteit van Amsterdam", "https://www.openbeelden.nl/users/uvathw"], "contributor": ["Greco, Emio (choreografie, decor, lichtconcept, geluidsconcept, uitvoerende)", "Scholten, Pieter C. (choreografie, lichtconcept, decor, geluidsconcept)", "Berm\u00fadez Pascual, Bertha (assistent choreografie)", "Fukuoka, Sawami (uitvoerende)", "Monaco, Nicola (uitvoerende)", "Tun\u00e7a, Suzan (uitvoerende)", "Boomershine, Ty (uitvoerende)", "Colomes, Vincent (uitvoerende)", "Lopes, Marta (uitvoerende)", "Sinnaeve, Marie (uitvoerende)", "Portier, Clifford (kostuums)", "Danner, Henk (licht)", "Emio Greco | PC (producent)", "Th\u00e9\u00e2tre de la Ville, Parijs (F) (co-productie)", "Festival Montpellier Dance 2006, Montpellier (F) (co-productie)", "Maison de la Culture d\u2019Amiens, Amiens (F) (co-productie)", "barbicanbite07, Londen (GB) (co-productie)", "Cankarjev Dom, Ljubljana (SLO) (co-productie)", "Julidans 2006, Amsterdam (NL) (co-productie)"], "date": ["2006-07-03"], "type": ["Moving Image"], "extent": ["PT4M44S"], "medium": ["https://www.openbeelden.nl/files/01/60/160239.160199.Hell_Lint_200501710.001_02.mp4", "https://www.openbeelden.nl/files/01/60/160199.Hell_Lint_200501710.001_02.mp4", "https://www.openbeelden.nl/files/01/60/160241.160199.Hell_Lint_200501710.001_02.webm", "https://www.openbeelden.nl/files/01/60/160233.160199.Hell_Lint_200501710.001_02.ogv", "https://www.openbeelden.nl/files/01/60/160235.160199.Hell_Lint_200501710.001_02.ogv", "https://www.openbeelden.nl/files/01/60/160299.160199.Hell_Lint_200501710_001_02.m3u8", "https://www.openbeelden.nl/files/01/60/160243.160199.Hell_Lint_200501710.001_02.ts", "https://www.openbeelden.nl/files/01/60/160202.160199.Hell_Lint_200501710.001_02.mpeg", "https://www.openbeelden.nl/images/599359/HELL_02_11_%282_22%29.png"], "identifier": ["Hell_Lint_200501710.001_02"], "language": ["nl"], "references": ["Hell_Lint_200501710.001", "DoublePoints_Bertha_Lint_200201710.001"], "mediator": [null], "attributionName": ["ICK Amsterdam, Emio Greco | PC (regie en concept) / Erik Lint (video)"], "attributionURL": ["https://www.openbeelden.nl/media/160200"], "license": ["https://creativecommons.org/licenses/by-nc-nd/3.0/nl/"], "hasformat": ["magnetictape"]}