{"title": ["Double Points: Nero 2/7"], "alternative": [null], "creator": ["Emio Greco | PC, Emio Greco & Pieter C. Scholten (regie) / Erik Lint (video)"], "subject": ["UvA", "moderne dans"], "description": ["Double Points: Nero (2000) is een sleutelwerk in de overgang van\u00a0de trilogie\u00a0Fra Cervello e Movimento naar Conjunto di NERO\u00a0and Rimasto Orfano"], "abstract": ["In de trilogie\u00a0Fra Cervello e Movimento, die bestaat uit de werken Bianco (1996), Rosso (1997) en Extra Dry (1999), ontwikkelde\u00a0Emio Greco and Pieter C. Scholten een geheel eigen methode en stijl in dans en in\u00a0scenografie: een zorgvuldig opgebouwd universum waarin dans ontstaat uit bewuste en onbewuste impulsen in het brein.   Na de trilogie vervolgde\u00a0Emio Greco and Pieter C. Scholten hun zoektocht via\u00a0de \u2018etudes\u2019. In deze serie,\u00a0de\u00a0\u2018Double Points\u2019 series, neemt Double Points: Nero (2000) een sleutelpositie in. Het werk kan beschouwd worden als\u00a0een\u00a0definitieve stap voortwaarts en een afscheid van de trilogie.\u00a0Naast de solist\u00a0Greco verschijnen meer dansers op het podium.  Double Points: Nero kan gezien worden als een sleutelwerk\u00a0in de overgang naar de ontwikkeling van\u00a0werken voor meerdere dansers, Conjunto di NERO (2001) and Rimasto Orfano  (2002)."], "publisher": ["Theaterwetenschap, Universiteit van Amsterdam", "https://www.openbeelden.nl/users/uvathw"], "contributor": ["Greco, Emio (choreografie, regie, concept, muziek, vormgeving, licht, uitvoerende)", "Scholten, Pieter C. (choreografie, regie, concept, muziek, vormgeving, licht)", "Portier, Clifford (kostuums)", "Emio Greco | PC (producent)", "Stichting Zwaanprodukties (co-producent)", "Danner, Henk (licht)", "Selles, Wim (geluidscollage)", "Berm\u00fadez Pascual, Bertha (uitvoerende)", "Meneses Guti\u00e9rrez, Barbara (uitvoerende)", "Hironori, Sugata (uitvoerende)"], "date": ["2000-11-09"], "type": ["Moving Image"], "extent": ["PT4M11S"], "medium": ["https://www.openbeelden.nl/files/01/61/161171.161123.DoublePointsNero_Lint_200001577.003_02.mp4", "https://www.openbeelden.nl/files/01/61/161173.161123.DoublePointsNero_Lint_200001577.003_02.mp4", "https://www.openbeelden.nl/files/01/61/161123.DoublePointsNero_Lint_200001577.003_02.mp4", "https://www.openbeelden.nl/files/01/61/161175.161123.DoublePointsNero_Lint_200001577.003_02.webm", "https://www.openbeelden.nl/files/01/61/161167.161123.DoublePointsNero_Lint_200001577.003_02.ogv", "https://www.openbeelden.nl/files/01/61/161169.161123.DoublePointsNero_Lint_200001577.003_02.ogv", "https://www.openbeelden.nl/files/01/61/161280.161123.DoublePointsNero_Lint_200001577_003_02.m3u8", "https://www.openbeelden.nl/files/01/61/161177.161123.DoublePointsNero_Lint_200001577.003_02.ts", "https://www.openbeelden.nl/files/01/61/161126.161123.DoublePointsNero_Lint_200001577.003_02.mpeg", "https://www.openbeelden.nl/images/607561/Double_Points_Nero_2_7_%282_05%29.png"], "identifier": ["DoublePointsNero_Lint_200001577.003_02"], "language": ["nl"], "references": ["DoublePointsNero_Lint_200001577.003"], "mediator": [null], "attributionName": ["Emio Greco | PC, Emio Greco & Pieter C. Scholten (regie) / Erik Lint (video)"], "attributionURL": ["https://www.openbeelden.nl/media/161124"], "license": ["https://creativecommons.org/licenses/by-nc-nd/3.0/nl/"], "hasformat": ["magnetictape"]}