{"title": ["Piroska Kov\u00e1cs, Winner of Europa Nostra Awards 2012"], "alternative": ["Newsreel"], "creator": ["Duna Telev\u00edzi\u00f3"], "subject": ["EUscreen"], "description": ["Upon the nomination of Harghita County Council European Union Prize for Cultural Heritage /Europa Nostra Awards 2012 in the category of Dedicated service was conferred on Piroska Kov\u00e1cs from M\u00e1r\u00e9falva for her outstanding contribution to cultural heritage preservation."], "abstract": [null], "publisher": ["NAVA  ", "https://www.openbeelden.nl/users/nava_2012"], "contributor": ["Kov\u00e1cs, Piroska (interviewee)", "Borboly, Csaba (interviewee)"], "date": ["2012-06-02"], "type": ["Moving Image"], "extent": ["PT2M12S"], "medium": ["https://www.openbeelden.nl/files/01/62/162330.162318.duna-20120602-181823-20120602-182035.mp4", "https://www.openbeelden.nl/files/01/62/162332.162318.duna-20120602-181823-20120602-182035.mp4", "https://www.openbeelden.nl/files/01/62/162318.duna-20120602-181823-20120602-182035.mp4", "https://www.openbeelden.nl/files/01/62/162334.162318.duna-20120602-181823-20120602-182035.webm", "https://www.openbeelden.nl/files/01/62/162326.162318.duna-20120602-181823-20120602-182035.ogv", "https://www.openbeelden.nl/files/01/62/162328.162318.duna-20120602-181823-20120602-182035.ogv", "https://www.openbeelden.nl/files/01/62/162402.162318.duna_20120602_181823_20120602_182035.m3u8", "https://www.openbeelden.nl/files/01/62/162336.162318.duna-20120602-181823-20120602-182035.ts", "https://www.openbeelden.nl/files/01/62/162321.162318.duna-20120602-181823-20120602-182035.mpeg", "https://www.openbeelden.nl/images/601736/Piroska_Kov%C3%A1cs%2C_Winner_of_Europa_Nostra_Awards_2012_%281_06%29.png"], "identifier": ["1382616"], "source": ["National Audiovisual Archive (Hungary)"], "language": ["en"], "references": [null], "mediator": [null], "attributionName": ["Duna Telev\u00edzi\u00f3"], "attributionURL": ["https://www.openbeelden.nl/media/162319"], "license": ["https://creativecommons.org/licenses/by-nc-sa/3.0/nl/"]}