{"title": ["Jamboree is in aantocht, Indische padvinders in Amsterdam", "The jamboree is approaching, scouts from the Dutch East Indies in Amsterdam"], "alternative": ["Weeknummer 37-30", "Week number 37-30"], "creator": ["Polygoon-Profilti (producent) / Nederlands Instituut voor Beeld en Geluid (beheerder)", "Polygoon-Profilti (producer) / Netherlands Institute for Sound and Vision (curator)"], "subject": ["padvinderij"], "description": ["Bioscoopjournaals waarin Nederlandse onderwerpen van een bepaalde week worden gepresenteerd.", "Newsreels in which Dutch subjects of a certain week are presented."], "abstract": ["Indische padvinders, in Nederland ter gelegenheid van de Internationale Jamboree (vierjaarlijkse bijeenkomst), te Amsterdam. SHOTS: - groep padvinders in grote kring rond kampvuur; - een aantal jongens haalt bij het vuur diverse acrobatische toeren uit; - enkele Indische padvinders.", "Scouts from the Dutch East Indies, who are in the Nederlands on the occasion of the International Jamboree (four-yearly gathering), in Amsterdam. SHOTS: - group of scouts in a big circle around the campfire; - a few boys do several acrobatic stunts near the campfire; - some scouts from the Dutch East Indies."], "publisher": ["Nederlands Instituut voor Beeld en Geluid", "https://www.openbeelden.nl/users/beeldengeluid"], "date": ["1937-07-19"], "type": ["Moving Image"], "extent": ["PT1M20S"], "medium": ["https://www.openbeelden.nl/files/16/16678.16659.WEEKNUMMER373-HRE0001553F.mp4", "https://www.openbeelden.nl/files/16/16672.16659.WEEKNUMMER373-HRE0001553F.ogv", "https://www.openbeelden.nl/files/16/16675.16659.WEEKNUMMER373-HRE0001553F.ogv", "https://www.openbeelden.nl/files/16/36608.16659.WEEKNUMMER373-HRE0001553F.m3u8", "https://www.openbeelden.nl/files/16/36567.16659.WEEKNUMMER373-HRE0001553F.ts", "https://www.openbeelden.nl/files/16/16669.16659.WEEKNUMMER373-HRE0001553F.mpeg", "https://www.openbeelden.nl/files/16/16659.WEEKNUMMER373-HRE0001553F.mpg", "https://www.openbeelden.nl/images/603904/Jamboree_is_in_aantocht%2C_Indische_padvinders_in_Amsterdam_%280_40%29.png"], "identifier": ["508018"], "source": ["WEEKNUMMER373-HRE0001553F", "WEEKNUMMER373-HRE0001553F"], "language": ["nl"], "references": [null], "mediator": ["Wikimedia Commons"], "attributionName": ["Polygoon-Profilti (producent) / Nederlands Instituut voor Beeld en Geluid (beheerder)"], "attributionURL": ["https://www.openbeelden.nl/media/16661"], "license": ["https://creativecommons.org/publicdomain/mark/1.0/"]}