{"title": ["Hengelseizoen geopend", "Start of the angling season"], "alternative": ["Weeknummer 65-23", "Week number 65-23"], "creator": ["Polygoon-Profilti (producent) / Nederlands Instituut voor Beeld en Geluid (beheerder)", "Polygoon-Profilti (producer) / Netherlands Institute for Sound and Vision (curator)"], "description": ["Bioscoopjournaals waarin Nederlandse onderwerpen van een bepaalde week worden gepresenteerd.", "Newsreels in which Dutch subjects of a certain week are presented."], "abstract": ["Begin van het hengelseizoen, waarbij div. sportvissers op en langs het water vissen.", "Start of the angling season. Several anglers fish from and alongside the water."], "publisher": ["Nederlands Instituut voor Beeld en Geluid", "https://www.openbeelden.nl/users/beeldengeluid"], "date": ["1965-06-01"], "type": ["Moving Image"], "extent": ["PT1M36S"], "medium": ["https://www.openbeelden.nl/files/BG/WEEKNUMMER652-HRE0001B10A.mp4", "https://www.openbeelden.nl/files/BG/WEEKNUMMER652-HRE0001B10A.ogg", "https://www.openbeelden.nl/files/BG/WEEKNUMMER652-HRE0001B10A-512.ogg", "https://www.openbeelden.nl/files/01/33826.WEEKNUMMER652-HRE0001B10A.m3u8", "https://www.openbeelden.nl/files/01/33736.WEEKNUMMER652-HRE0001B10A.ts", "https://www.openbeelden.nl/files/BG/WEEKNUMMER652-HRE0001B10A.mpg", "https://www.openbeelden.nl/images/603332/Hengelseizoen_geopend_%280_48%29.png"], "identifier": ["508718"], "source": ["WEEKNUMMER652-HRE0001B10A", "WEEKNUMMER652-HRE0001B10A"], "language": ["nl"], "references": [null], "mediator": ["Wikimedia Commons"], "spatial": ["Nederland"], "attributionName": ["Polygoon-Profilti (producent) / Nederlands Instituut voor Beeld en Geluid (beheerder)"], "attributionURL": ["https://www.openbeelden.nl/media/1675"], "license": ["https://creativecommons.org/licenses/by-sa/3.0/nl/"]}