{"title": ["Zwemmende hazelworm"], "alternative": [null], "creator": ["Enting Films (producent) / Nederlands Instituut voor Beeld en Geluid (beheerder)"], "subject": ["amfibie\u00ebn en reptielen", "Anguis fragilis", "buitenopname", "close", "dag", "fauna", "hazelwormen", "totaal", "vennen", "voorjaar", "zonnig", "zwemmen"], "description": ["Clip gemaakt in de Nederlandse natuur uit de collectie van Stichting Natuurbeelden ( www.natuurbeelden.nl)."], "abstract": ["Zwemmende hazelworm in ven in Nationaal Park De Hoge Veluwe."], "publisher": ["Stichting  Natuurbeelden", "https://www.openbeelden.nl/users/stichting_natuurbeelden"], "contributor": ["Enting, Luc (camera)"], "date": ["2012-11-14"], "type": ["Moving Image"], "extent": ["PT1M28S"], "medium": ["https://www.openbeelden.nl/files/01/71/171406.171367.25A_3_HAZELWO-NAT.mp4", "https://www.openbeelden.nl/files/01/71/171408.171367.25A_3_HAZELWO-NAT.mp4", "https://www.openbeelden.nl/files/01/71/171367.25A_3_HAZELWO-NAT.mp4", "https://www.openbeelden.nl/files/01/71/171410.171367.25A_3_HAZELWO-NAT.webm", "https://www.openbeelden.nl/files/01/71/171402.171367.25A_3_HAZELWO-NAT.ogv", "https://www.openbeelden.nl/files/01/71/171404.171367.25A_3_HAZELWO-NAT.ogv", "https://www.openbeelden.nl/files/01/71/171451.171367.25A_3_HAZELWO_NAT.m3u8", "https://www.openbeelden.nl/files/01/71/171381.171367.25A_3_HAZELWO-NAT.mpeg", "https://www.openbeelden.nl/files/01/71/171412.171367.25A_3_HAZELWO-NAT.ts", "https://www.openbeelden.nl/images/599439/Zwemmende_hazelworm_%280_44%29.png"], "identifier": ["4454864"], "source": ["25A_3_HAZELWO-NAT00Z00TE1"], "language": ["nl"], "references": [null], "mediator": [null], "spatial": ["Gelderland", "Nationaal Park De Hoge Veluwe", "Nederland"], "attributionName": ["Enting Films (producent) / Nederlands Instituut voor Beeld en Geluid (beheerder)"], "attributionURL": ["https://www.openbeelden.nl/media/171368"], "license": ["https://creativecommons.org/licenses/by-sa/3.0/nl/"], "hasformat": ["magnetictape"]}