{"title": ["Parende heikikkers in ven"], "alternative": [null], "creator": ["Enting Films (producent) / Nederlands Instituut voor Beeld en Geluid (beheerder)"], "subject": ["amfibie\u00ebn en reptielen", "buitenopname", "close", "dag", "extreem close", "fauna", "heikikkers", "kikkers", "paren", "Rana arvalis", "totaal", "vennen", "voorjaar", "wijd", "zonnig"], "description": ["Clip gemaakt in de Nederlandse natuur uit de collectie van Stichting Natuurbeelden ( www.natuurbeelden.nl)."], "abstract": ["Heikikkers in een ven op de Veluwe waar een aantal paren."], "publisher": ["Stichting  Natuurbeelden", "https://www.openbeelden.nl/users/stichting_natuurbeelden"], "contributor": ["Enting, Luc (camera)"], "date": ["2012-11-14"], "type": ["Moving Image"], "extent": ["PT10M3S"], "medium": ["https://www.openbeelden.nl/files/01/71/171501.171469.72A_1_HEIKIKK-NAT.mp4", "https://www.openbeelden.nl/files/01/71/171503.171469.72A_1_HEIKIKK-NAT.mp4", "https://www.openbeelden.nl/files/01/71/171469.72A_1_HEIKIKK-NAT.mp4", "https://www.openbeelden.nl/files/01/71/171505.171469.72A_1_HEIKIKK-NAT.webm", "https://www.openbeelden.nl/files/01/71/171497.171469.72A_1_HEIKIKK-NAT.ogv", "https://www.openbeelden.nl/files/01/71/171499.171469.72A_1_HEIKIKK-NAT.ogv", "https://www.openbeelden.nl/files/01/71/171523.171469.72A_1_HEIKIKK_NAT.m3u8", "https://www.openbeelden.nl/files/01/71/171472.171469.72A_1_HEIKIKK-NAT.mpeg", "https://www.openbeelden.nl/files/01/71/171507.171469.72A_1_HEIKIKK-NAT.ts", "https://www.openbeelden.nl/images/599441/Parende_heikikkers_in_ven_%285_01%29.png"], "identifier": ["4454979"], "source": ["72A_1_HEIKIKK-NAT00Z00TK6"], "language": ["nl"], "references": [null], "mediator": [null], "spatial": ["Gelderland", "Nationaal Park De Hoge Veluwe", "Nederland"], "attributionName": ["Enting Films (producent) / Nederlands Instituut voor Beeld en Geluid (beheerder)"], "attributionURL": ["https://www.openbeelden.nl/media/171470"], "license": ["https://creativecommons.org/licenses/by-sa/3.0/nl/"], "hasformat": ["magnetictape"]}