{"title": ["Bonte strandlopers"], "alternative": [null], "creator": ["Enting Films (producent) / Nederlands Instituut voor Beeld en Geluid (beheerder)"], "subject": ["bonte strandlopers", "buitenopname", "Calidris alpina", "dag", "fauna", "foerageren", "getijdengebieden", "kluten", "najaar", "Numenius arquata", "Recurvirostra avosetta", "rusten", "totaal", "vogels", "wijd", "wulpen", "zonnig"], "description": ["Clip gemaakt in de Nederlandse natuur uit de collectie van Stichting Natuurbeelden ( www.natuurbeelden.nl)."], "abstract": ["In en bij een binnendijkse plas op Texel rusten wulpen en kluten. Bonte strandlopers fourageren."], "publisher": ["Stichting  Natuurbeelden", "https://www.openbeelden.nl/users/stichting_natuurbeelden"], "contributor": ["Enting, Luc (camera)"], "date": ["2012-11-20"], "type": ["Moving Image"], "extent": ["PT3M6S"], "medium": ["https://www.openbeelden.nl/files/01/72/172237.172226.0530_10_STRAN-NAT.mp4", "https://www.openbeelden.nl/files/01/72/172239.172226.0530_10_STRAN-NAT.mp4", "https://www.openbeelden.nl/files/01/72/172226.0530_10_STRAN-NAT.mp4", "https://www.openbeelden.nl/files/01/72/172241.172226.0530_10_STRAN-NAT.webm", "https://www.openbeelden.nl/files/01/72/172233.172226.0530_10_STRAN-NAT.ogv", "https://www.openbeelden.nl/files/01/72/172235.172226.0530_10_STRAN-NAT.ogv", "https://www.openbeelden.nl/files/01/72/172313.172226.0530_10_STRAN_NAT.m3u8", "https://www.openbeelden.nl/files/01/72/172229.172226.0530_10_STRAN-NAT.mpeg", "https://www.openbeelden.nl/files/01/72/172243.172226.0530_10_STRAN-NAT.ts", "https://www.openbeelden.nl/images/601684/Bonte_strandlopers_%281_33%29.png"], "identifier": ["4454923"], "source": ["0530_10_STRAN-NAT00Z00TUK"], "language": ["nl"], "references": [null], "mediator": [null], "spatial": ["Nederland", "Noord-Holland", "Texel", "Wagejot"], "attributionName": ["Enting Films (producent) / Nederlands Instituut voor Beeld en Geluid (beheerder)"], "attributionURL": ["https://www.openbeelden.nl/media/172227"], "license": ["https://creativecommons.org/licenses/by-sa/3.0/nl/"], "hasformat": ["magnetictape"]}