{"title": ["Landkaartje (vlinder)"], "alternative": [null], "creator": ["Enting Films (producent) / Nederlands Instituut voor Beeld en Geluid (beheerder)"], "subject": ["Angelica archangelica", "Araschinia levana", "buitenopname", "close", "cultuurlandschappen", "dag", "extreem close", "fauna", "flora", "grote engelwortel", "landkaartjes", "planten", "totaal", "vlinders", "wijd", "zomer", "zonnig"], "description": ["Clip gemaakt in de Nederlandse natuur uit de collectie van Stichting Natuurbeelden ( www.natuurbeelden.nl)."], "abstract": ["Een landkaartje (vlinder) op een bloeiende engelwortel."], "publisher": ["Stichting  Natuurbeelden", "https://www.openbeelden.nl/users/stichting_natuurbeelden"], "contributor": ["Enting, Luc (camera)"], "date": ["2012-11-20"], "type": ["Moving Image"], "extent": ["PT5M22S"], "medium": ["https://www.openbeelden.nl/files/01/72/172385.172361.186A_4_LANDKA-NAT.mp4", "https://www.openbeelden.nl/files/01/72/172387.172361.186A_4_LANDKA-NAT.mp4", "https://www.openbeelden.nl/files/01/72/172361.186A_4_LANDKA-NAT.mp4", "https://www.openbeelden.nl/files/01/72/172389.172361.186A_4_LANDKA-NAT.webm", "https://www.openbeelden.nl/files/01/72/172381.172361.186A_4_LANDKA-NAT.ogv", "https://www.openbeelden.nl/files/01/72/172383.172361.186A_4_LANDKA-NAT.ogv", "https://www.openbeelden.nl/files/01/72/172515.172361.186A_4_LANDKA_NAT.m3u8", "https://www.openbeelden.nl/files/01/72/172364.172361.186A_4_LANDKA-NAT.mpeg", "https://www.openbeelden.nl/files/01/72/172391.172361.186A_4_LANDKA-NAT.ts", "https://www.openbeelden.nl/images/601689/Landkaartje_%28vlinder%29_%282_41%29.png"], "identifier": ["4458372"], "source": ["186A_4_LANDKA-NAT00Z00U94"], "language": ["nl"], "references": [null], "mediator": [null], "spatial": ["Gelderland", "Nederland", "Voorst"], "attributionName": ["Enting Films (producent) / Nederlands Instituut voor Beeld en Geluid (beheerder)"], "attributionURL": ["https://www.openbeelden.nl/media/172362"], "license": ["https://creativecommons.org/licenses/by-sa/3.0/nl/"], "hasformat": ["magnetictape"]}