{"title": ["Opkomend tij op strand met zeepieren, kokkel en wier"], "alternative": [null], "creator": ["Enting Films (producent) / Nederlands Instituut voor Beeld en Geluid (beheerder)"], "subject": ["bewolkt", "buitenopname", "close", "dag", "getijdengebieden", "kusten", "landschappen", "totaal", "wijd", "zomer"], "description": ["Clip gemaakt in de Nederlandse natuur uit de collectie van Stichting Natuurbeelden ( www.natuurbeelden.nl)."], "abstract": ["Close opnamen van opkomend water op het Noordzeestrand van Texel. Goed te zien zijn de uitwerpselen van zeepieren, een kokkelschelp en zeewier."], "publisher": ["Stichting  Natuurbeelden", "https://www.openbeelden.nl/users/stichting_natuurbeelden"], "contributor": ["Enting, Luc (camera)"], "date": ["2012-11-21"], "type": ["Moving Image"], "extent": ["PT8M11S"], "medium": ["https://www.openbeelden.nl/files/01/72/172714.172676.414A_5_TIJWAD-NAT.mp4", "https://www.openbeelden.nl/files/01/72/172716.172676.414A_5_TIJWAD-NAT.mp4", "https://www.openbeelden.nl/files/01/72/172676.414A_5_TIJWAD-NAT.mp4", "https://www.openbeelden.nl/files/01/72/172718.172676.414A_5_TIJWAD-NAT.webm", "https://www.openbeelden.nl/files/01/72/172710.172676.414A_5_TIJWAD-NAT.ogv", "https://www.openbeelden.nl/files/01/72/172712.172676.414A_5_TIJWAD-NAT.ogv", "https://www.openbeelden.nl/files/01/72/172808.172676.414A_5_TIJWAD_NAT.m3u8", "https://www.openbeelden.nl/files/01/72/172679.172676.414A_5_TIJWAD-NAT.mpeg", "https://www.openbeelden.nl/files/01/72/172720.172676.414A_5_TIJWAD-NAT.ts", "https://www.openbeelden.nl/images/601697/Opkomend_tij_op_strand_met_zeepieren%2C_kokkel_en_wier_%284_05%29.png"], "identifier": ["4511460"], "source": ["414A_5_TIJWAD-NAT00Z0137H"], "language": ["nl"], "references": [null], "mediator": [null], "spatial": ["Nederland", "Noord-Holland", "Texel"], "attributionName": ["Enting Films (producent) / Nederlands Instituut voor Beeld en Geluid (beheerder)"], "attributionURL": ["https://www.openbeelden.nl/media/172677"], "license": ["https://creativecommons.org/licenses/by-sa/3.0/nl/"], "hasformat": ["magnetictape"]}