{"title": ["Varkens / Boeren: The making of Truus en Connie 03/12", "Pigs / Farmers: The making of Truus en Connie 03/12"], "alternative": [null, null], "creator": ["Erik Lint (regie en productie)", "Erik Lint (direction and production)"], "subject": ["UvA", "documentaire", "locatietheater", "varkenspest", "documentary", "making of", "theatre", "Classical Swine Fever"], "description": ["Varkens / Boeren: The making of Truus en Connie\u00a0is een document dat laat zien hoe een gezelschap reageert op gebeurtenissen uit de werkelijkheid en het verhaal van de varkens en de varkensboeren gestalte geeft", "Pigs\u00a0/ Farmers: The making of Truus en Connie\u00a0is a documentary about the\u00a0rehearsal process of\u00a0 Truus en Connie, the performance.\u00a0It shows how a theatre company deals with\u00a0reality and true drama\u00a0and how it internalizes the story of pigs and farmers during the epidemic of Classical Swine Fever in\u00a01997 in the Netherlands"], "abstract": ["In\u00a0   Varkens / Boeren: The making of Truus en Connie\u00a0maakt Erik Lint van het repetitieproces van Truus en Connie de voorstelling, een documentaire (speelduur 46 min). We zien hoe theater op locatie wordt gemaakt. En we zien regisseur Johan Simons met zijn acteurs aan het werk: Chris Nietvelt en Elsie de Brauw die de boerinnen spelen, en Bram Coopmans en Linda Olthof als varkens.   Truus en Connie \u00a0maakte samen met\u00a0 Nageslacht\u00a0deel uit van een tweeluik over de varkensboeren, dat op locatie in de voormalige Verkadefabriek in Den Bosch werd gespeeld. Daarnaast werd een aantal besloten voorstellingen gegeven op boerderijen in Brabant, bij boeren thuis in de kamer, de stal of de schuur.  Truus en Connie is gebaseerd op interviews die journalist Lex Bohlmeijer met Brabantse varkensboerinnen hield. De impact van de varkensepidemie van 1997 en de moeilijke keuze tussen doorgaan en stoppen voor boeren zijn de belangrijkste ingredi\u00ebnten van de theatervoorstelling.   Varkens / Boeren: The making of Truus en Connie\u00a0is een document dat laat zien hoe een gezelschap reageert op gebeurtenissen uit de werkelijkheid en het verhaal van de varkens en de varkensboeren gestalte geeft.", null], "publisher": ["Theaterwetenschap, Universiteit van Amsterdam", "https://www.openbeelden.nl/users/uvathw"], "contributor": ["ZT Hollandia (gezelschap)", "Simons, Johan (regie)", "Bohlmeijer, Lex (auteur en bewerking)", "Blokdijk, Tom (bewerking en dramaturgie)", "Meer, Ton van der (muziek)", "Koek, Paul (muziek)", "Nietvelt, Chris (uitvoerende: Truus)", "Coopmans, Bram (uitvoerende: Varken)", "Olthof, Linda (uitvoerende: Zeug)", "Brauw, Elsie de (uitvoerende: Conny)", "Nijs, Leo de (scenografie)", "Linneweever, Eug\u00e8ne (grime, kapwerk)", "Pielage, Will Jan (geluid)"], "date": ["2013-01-18"], "type": ["Moving Image"], "extent": ["PT3M56S"], "medium": ["https://www.openbeelden.nl/files/01/80/180123.180110.TheMakingOfTruusEnConnie_Lint_200100118.002_03.mp4", "https://www.openbeelden.nl/files/01/80/180125.180110.TheMakingOfTruusEnConnie_Lint_200100118.002_03.mp4", "https://www.openbeelden.nl/files/01/80/180110.TheMakingOfTruusEnConnie_Lint_200100118.002_03.mp4", "https://www.openbeelden.nl/files/01/80/180127.180110.TheMakingOfTruusEnConnie_Lint_200100118.002_03.webm", "https://www.openbeelden.nl/files/01/80/180119.180110.TheMakingOfTruusEnConnie_Lint_200100118.002_03.ogv", "https://www.openbeelden.nl/files/01/80/180121.180110.TheMakingOfTruusEnConnie_Lint_200100118.002_03.ogv", "https://www.openbeelden.nl/files/01/80/180206.180110.TheMakingOfTruusEnConnie_Lint_200100118_002_03.m3u8", "https://www.openbeelden.nl/files/01/80/180129.180110.TheMakingOfTruusEnConnie_Lint_200100118.002_03.ts", "https://www.openbeelden.nl/files/01/80/180113.180110.TheMakingOfTruusEnConnie_Lint_200100118.002_03.mpeg", "https://www.openbeelden.nl/images/610077/Varkens_Boeren_The_making_of_Truus_en_Connie_03_12_%281_58%29.png"], "identifier": ["TheMakingOfTruusEnConnie_Lint_200100118.002_03"], "language": ["nl"], "references": ["TheMakingOfTruusEnConnie_Lint_200100118.002", "TheMakingOfTruusEnConnie_Lint_200100118.002"], "mediator": [null], "attributionName": ["Erik Lint (regie en productie)"], "attributionURL": ["https://www.openbeelden.nl/media/180111"], "license": ["https://creativecommons.org/licenses/by-nc-nd/3.0/nl/"], "hasformat": ["magnetictape"]}