{"title": ["MacBeth 27/33"], "alternative": [null], "creator": ["Toneelgroep Amsterdam, Gerardjan Rijnders (regie) / Erik Lint (video)"], "subject": ["UvA", "theater", "Shakespeare"], "description": ["Actors Pierre Bokma and Marieke Heebink portray the infamous Shakespearian couple that, driven by an insatiable lust for power, are prepared to go to the limit to fulfill their ambitions \u2013 getting more and more blood on their hands"], "abstract": ["Pierre Bokma and Marieke Heebink portray the infamous Shakespearian couple that, driven by an insatiable lust for power, are prepared to go to the limit to fulfill their ambitions \u2013 getting more and more blood on their hands. The actors give credit to the linear story (filled with supernatural elements) of the commander who, inspired by the prophecies of three witches (here played by male actors), aspires to become king. Bokma and Heebink show in their own way how evil slowly creeps into their minds and how they finally self-destruct out of madness and remorse. Paul Gallis designed the set with black walls before the intermission and red ones after it. In the middle of the stage stands a large bowl with clear water in which heads are cooled and hands are washed. In the end the water is blood red. The fantasy costumes were designed by Tessa Lute: austere long skirts and jackets, fanciful battle dresses and a lot of variations on Scottish chequered tartan."], "publisher": ["Theaterwetenschap, Universiteit van Amsterdam", "https://www.openbeelden.nl/users/uvathw"], "contributor": ["Rijnders, Gerardjan (regie)", "Shakespeare, William (auteur)", "Brogt, Janine (vertaling, bewerking, dramaturgie)", "Bokma, Pierre (uitvoerende: Macbeth)", "Heebink, Marieke (uitvoerende: Lady Macbeth)", "Muizelaar, Titus (uitvoerende: Duncan, koning van Schotland / Menteth / Moordenaar / Heks)", "Oa\u00efssa, Mimoun (uitvoerende: Malcolm en Donalbain, zijn zonen / Heks)", "Claeyssens, Maarten (uitvoerende: Malcolm en Donalbain zijn zonen / Heks / Fleance, zoon van Banquo / Zoontje van Macduff / Siward jr / Bodes / Dienaren)", "Goessens, Fred (uitvoerende: Banquo / Siward sr)", "Voorberg, Leon (uitvoerende: Macduff / Kapitein / Bode / Dienaar)", "Fernhout, Roeland (uitvoerende: Rosse)", "Koolschijn, Hugo (uitvoerende: Lenox)", "Vandenbussche, Jorre (uitvoerende: Angus / Seyton / Moordenaar / Bode / Dienaar)", "Pouwels, Barbara (uitvoerende: Lady Macduff / Oude poortwachter / Heks)", "Gallis, Paul (decor)", "Lute, Tessa (kostuums)", "Geest, Henk van der (licht)", "Mohr, Rosalie (productie)", "Jong, Aline de (productie)", "Atelier Toneelgroep Amsterdam (grime, kapwerk)", "Toneelgroep Amsterdam (producent)"], "date": ["2001-04-27"], "type": ["Moving Image"], "extent": ["PT3M18S"], "medium": ["https://www.openbeelden.nl/files/01/81/181483.181471.macbeth_Lint_200001263.005_27.mp4", "https://www.openbeelden.nl/files/01/81/181485.181471.macbeth_Lint_200001263.005_27.mp4", "https://www.openbeelden.nl/files/01/81/181471.macbeth_Lint_200001263.005_27.mp4", "https://www.openbeelden.nl/files/01/81/181487.181471.macbeth_Lint_200001263.005_27.webm", "https://www.openbeelden.nl/files/01/81/181479.181471.macbeth_Lint_200001263.005_27.ogv", "https://www.openbeelden.nl/files/01/81/181481.181471.macbeth_Lint_200001263.005_27.ogv", "https://www.openbeelden.nl/files/01/81/181634.181471.macbeth_Lint_200001263_005_27.m3u8", "https://www.openbeelden.nl/files/01/81/181489.181471.macbeth_Lint_200001263.005_27.ts", "https://www.openbeelden.nl/files/01/81/181474.181471.macbeth_Lint_200001263.005_27.mpeg", "https://www.openbeelden.nl/images/610089/MacBeth_27_33_%281_39%29.png"], "identifier": ["macbeth_Lint_200001263.005_27"], "language": ["nl"], "references": ["macbeth_Lint_200001263.005"], "mediator": [null], "attributionName": ["Toneelgroep Amsterdam, Gerardjan Rijnders (regie) / Erik Lint (video)"], "attributionURL": ["https://www.openbeelden.nl/media/181472"], "license": ["https://creativecommons.org/licenses/by-nc-sa/3.0/nl/"], "hasformat": ["magnetictape"]}