{"title": ["Offertorium 10/19"], "alternative": [null], "creator": ["ZT Hollandia, Gerardjan Rijnders (regie) / Erik Lint (video)"], "subject": ["UvA", "theater"], "description": ["Offertorium \u00a0(2000) is een moderne versie van Albee\u2019s\u00a0Who's afraid of Virginia Woolf. Edda en Wodan nodigen twee vreemdelingen uit om hun tot sleur verworden huwelijk op te peppen. Er volgt een nacht vol hedonistische spelletjes waarin iedereen schaamteloos zijn/haar verlangens ten toon spreidt."], "abstract": [null], "publisher": ["Theaterwetenschap, Universiteit van Amsterdam", "https://www.openbeelden.nl/users/uvathw"], "contributor": ["Rijnders, Gerardjan (regie)", "Geerlings, Erik-Ward (auteur)", "Klinkenberg, Rob (dramaturgie)", "Brauw, Elsie de (Edda)", "Bokma, Pierre (Wodan)", "Greidanus jr., Aus (Eddie)", "Pittoors, Frieda (Riet van Geelkerken)", "Warning, Marc (decor)", "Snijders, Sabine (kostuums)", "Lasance, Andr\u00e9 (productie)", "Denesse, Mark van (licht)", "ZT Hollandia (producent)"], "date": ["2005-02-25"], "type": ["Moving Image"], "extent": ["PT3M17S"], "medium": ["https://www.openbeelden.nl/files/01/81/181941.181920.Offertorium_Lint_200400118.006_10.mp4", "https://www.openbeelden.nl/files/01/81/181920.Offertorium_Lint_200400118.006_10.mp4", "https://www.openbeelden.nl/files/01/81/181943.181920.Offertorium_Lint_200400118.006_10.webm", "https://www.openbeelden.nl/files/01/81/181935.181920.Offertorium_Lint_200400118.006_10.ogv", "https://www.openbeelden.nl/files/01/81/181937.181920.Offertorium_Lint_200400118.006_10.ogv", "https://www.openbeelden.nl/files/01/81/181963.181920.Offertorium_Lint_200400118_006_10.m3u8", "https://www.openbeelden.nl/files/01/81/181945.181920.Offertorium_Lint_200400118.006_10.ts", "https://www.openbeelden.nl/files/01/81/181923.181920.Offertorium_Lint_200400118.006_10.mpeg", "https://www.openbeelden.nl/images/611308/Offertorium_10_19_%281_38%29.png"], "identifier": ["Offertorium_Lint_200400118.006_10"], "language": ["nl"], "references": ["Offertorium_Lint_200400118.006"], "mediator": [null], "attributionName": ["ZT Hollandia, Gerardjan Rijnders (regie) / Erik Lint (video)"], "attributionURL": ["https://www.openbeelden.nl/media/181921"], "license": ["https://creativecommons.org/licenses/by-nc-sa/3.0/nl/"], "hasformat": ["magnetictape"]}