{"title": ["Judith 10/14"], "alternative": [null], "creator": ["Theatergroep Hollandia, Johan Simons en Paul Koek (regie) / Erik Lint (video)"], "subject": ["UvA", "theater"], "description": ["Holofernes (Bert Luppes) is vastbesloten de door hem belegerde Joodse stad Bethuli\u00eb, te vernietigen. In haar eentje neemt Judith (Elsie de Brauw) het tegen hem op. Zij verleidt en doodt hem en redt daarmee haar stad en haar volk. De locatievoorstelling\u00a0 Judith\u00a0vertelt dit apocriefe bijbelverhaal aan de hand van het door Wim van Gansbeke vertaalde werk van Friedrich Hebbel (1839)."], "abstract": ["De onoverwinnelijke veldheer Holofernes (Bert Luppes) is vastbesloten de Joodse stad Bethuli\u00eb, te vernietigen. In haar eentje neemt Judith (Elsie de Brauw) het tegen hem op. Zij verleidt en doodt hem en redt daarmee haar stad, haar volk. De locatievoorstelling\u00a0 Judith\u00a0(Toneelgroep Hollandia, 2000, Zuiveringshal Westergasfabriek) vertelt dit apocriefe bijbelverhaal aan de hand van het werk van\u00a0Friedrich Hebbel uit 1839,\u00a0vertaald door Wim van Gansbeke en bewerkt door Tom Blokdijk. De afgebladderde ruimte van de zuiveringshal is volgebouwd met balen oud papier, die het legerkamp en de stadswallen voorstellen. Op twee links en rechts van het speelvlak geplaatste 'torens' staan de musici Ton van der Meer en Paul Koek."], "publisher": ["Theaterwetenschap, Universiteit van Amsterdam", "https://www.openbeelden.nl/users/uvathw"], "contributor": ["Simons, Johan (regie)", "Koek, Paul (regie en muziek)", "Veenstudio (muziek)", "Meer, Ton van der (muziek)", "Hebbel, Friedrich (auteur)", "Gansbeke, Wim van (vertaling)", "Blokdijk, Tom (bewerking)", "Slangen, Paul (dramaturgie)", "Elsendoorn, Arnica (bewegingsregie)", "Brauw, Elsie de (uitvoerende: Judith)", "Luppes, Bert (uitvoerende: Holofernes)", "Arons, Carola (uitvoerende: overige rollen)", "Drijver, Has (uitvoerende: overige rollen)", "Hu\u00eat, Fedja van (uitvoerende: overige rollen)", "Pittoors, Frieda (uitvoerende: overige rollen)", "Schuurman, Betty (uitvoerende: overige rollen)", "Wouters, Sigrid (uitvoerende: overige rollen)", "Affourtit, Anne (uitvoerende: overige rollen)", "Chen, Karin (uitvoerende: overige rollen)", "Duinker, Cathy (uitvoerende: overige rollen)", "Schlebos, Ilfa (uitvoerende: overige rollen)", "Uetz, Gabrielle (uitvoerende: overige rollen)", "Zwart, Manja de (uitvoerende: overige rollen)", "Nijs, Leo de (vormgeving)", "Riel, Sjaan van (vormgeving)", "IJsseldijk, Dorine van (kostuums)", "Bink, Nico (productie)", "Pielage, Will Jan (geluid)", "Theatergroep Hollandia (producent)"], "date": ["2000-06-17"], "type": ["Moving Image"], "extent": ["PT4M11S"], "medium": ["https://www.openbeelden.nl/files/01/83/183114.183008.judith_Lint_129900897.005_10.mp4", "https://www.openbeelden.nl/files/01/83/183116.183008.judith_Lint_129900897.005_10.mp4", "https://www.openbeelden.nl/files/01/83/183008.judith_Lint_129900897.005_10.mp4", "https://www.openbeelden.nl/files/01/83/183118.183008.judith_Lint_129900897.005_10.webm", "https://www.openbeelden.nl/files/01/83/183110.183008.judith_Lint_129900897.005_10.ogv", "https://www.openbeelden.nl/files/01/83/183112.183008.judith_Lint_129900897.005_10.ogv", "https://www.openbeelden.nl/files/01/83/183123.183008.judith_Lint_129900897_005_10.m3u8", "https://www.openbeelden.nl/files/01/83/183120.183008.judith_Lint_129900897.005_10.ts", "https://www.openbeelden.nl/files/01/83/183011.183008.judith_Lint_129900897.005_10.mpeg", "https://www.openbeelden.nl/images/611322/Judith_10_14_%282_05%29.png"], "identifier": ["judith_Lint_129900897.005_10"], "language": ["nl"], "references": ["judith_Lint_129900897.005"], "mediator": [null], "attributionName": ["Theatergroep Hollandia, Johan Simons en Paul Koek (regie) / Erik Lint (video)"], "attributionURL": ["https://www.openbeelden.nl/media/183009"], "license": ["https://creativecommons.org/licenses/by-nc-nd/3.0/nl/"], "hasformat": ["magnetictape"]}