{"title": ["Stadsopname Nijmegen", "City footage of Nijmegen"], "alternative": ["Weeknummer: 24-07", "Week number: 24-07"], "creator": ["Polygoon-Profilti (producent) / Nederlands Instituut voor Beeld en Geluid (beheerder)", "Polygoon-Profilti (producer) / Netherlands Institute for Sound and Vision (curator)"], "subject": ["kinderen", "straatbeelden", "karren", "rivieren", "stadsbeelden", "bruggen"], "description": ["Bioscoopjournaals waarin Nederlandse onderwerpen van een bepaalde week worden gepresenteerd.", "Newsreels in which Dutch subjects of a certain week are presented."], "abstract": ["Straatshots in Nijmegen: kinderen, tram, jongen met handkar (mensen reageren onwennig op de camera) 24\" ; Brug over de Waal + oevergezicht Nijmegen 43\".", "Street shots of Nijmegen: children, tram, boy with handcart (people react unaccustomed to the camera) 24\" ; Bridge across the Waal + banks view of Nijmegen 43\"."], "publisher": ["Nederlands Instituut voor Beeld en Geluid", "https://www.openbeelden.nl/users/beeldengeluid"], "date": ["1924-04-01"], "type": ["Moving Image"], "extent": ["PT1M10S"], "medium": ["https://www.openbeelden.nl/files/BG/BG_18826.mp4", "https://www.openbeelden.nl/files/BG/BG_18826.ogg", "https://www.openbeelden.nl/files/BG/BG_18826-512.ogg", "https://www.openbeelden.nl/files/01/33829.BG_18826.m3u8", "https://www.openbeelden.nl/files/01/33787.BG_18826.ts", "https://www.openbeelden.nl/files/BG/BG_18826.mpg", "https://www.openbeelden.nl/images/602675/Stadsopname_Nijmegen_%280_35%29.png"], "identifier": ["30155"], "source": ["BG_18826", "BG_18826"], "language": ["nl"], "references": [null], "mediator": ["Wikimedia Commons"], "spatial": ["Nijmegen", "Nederland", "Waal"], "attributionName": ["Polygoon-Profilti (producent) / Nederlands Instituut voor Beeld en Geluid (beheerder)"], "attributionURL": ["https://www.openbeelden.nl/media/1927"], "license": ["https://creativecommons.org/publicdomain/mark/1.0/"]}