{"title": ["Het spoorwegongeluk tusschen Houten en Schalkwijk (1917)"], "alternative": ["waarvan HM de koningin bijna het slachtoffer werd "], "creator": ["eye film instituut nederland"], "subject": ["\"celluloid remix\" ongeluk trein spoorweg koningin1917"], "description": ["Op 7 juni 1917 verongelukte de koninklijke trein op de reis van Den Bosch naar Utrecht tussen Schalkwijk en Houten."], "abstract": ["Op 7 juni 1917 verongelukte de koninklijke trein op de reis van Den Bosch naar Utrecht tussen Schalkwijk en Houten. Zeven wagons ontspoorden, maar het salonrijtuig waarin koningin Wilhelmina zich bevond bleef gespaard. Hoewel de ravage groot was, waren er slechts een aantal lichtgewonden. Iedereen kon nog dezelfde dag de reis voortzetten. De opname (totale duur 2 min.) toont de ontspoorde wagons, de kromgetrokken treinrails en versplinterde bielzen. Inspecteurs nemen de schade op en arbeiders beginnen voorzichtig met de eerste opruimwerkzaamheden."], "publisher": ["eye film instituut nederland", "https://www.openbeelden.nl/users/eye film instituut nederland"], "date": ["2010-02-04"], "type": ["Moving Image"], "extent": ["PT1M13S"], "medium": ["https://www.openbeelden.nl/files/19/19396.19383.Celluloidremix-HetSpoorwegongelukTusschenHoutenEnSchalkwijkWaarvanHMDe739.mp4", "https://www.openbeelden.nl/files/19/19390.19383.Celluloidremix-HetSpoorwegongelukTusschenHoutenEnSchalkwijkWaarvanHMDe739.ogv", "https://www.openbeelden.nl/files/19/19393.19383.Celluloidremix-HetSpoorwegongelukTusschenHoutenEnSchalkwijkWaarvanHMDe739.ogv", "https://www.openbeelden.nl/files/19/36993.19383.Celluloidremix-HetSpoorwegongelukTusschenHoutenEnSchalkwijkWaarvanHMDe739.m3u8", "https://www.openbeelden.nl/files/19/36883.19383.Celluloidremix-HetSpoorwegongelukTusschenHoutenEnSchalkwijkWaarvanHMDe739.ts", "https://www.openbeelden.nl/files/19/19387.19383.Celluloidremix-HetSpoorwegongelukTusschenHoutenEnSchalkwijkWaarvanHMDe739.mpeg", "https://www.openbeelden.nl/images/604384/Het_spoorwegongeluk_tusschen_Houten_en_Schalkwijk_%281917%29_%280_36%29.png"], "source": ["eye film instituut nederland"], "language": ["nl"], "references": [null], "mediator": [null], "attributionName": ["eye film instituut nederland"], "attributionURL": ["https://www.openbeelden.nl/media/19384"], "license": ["https://creativecommons.org/publicdomain/mark/1.0/"]}