{"title": ["Fishy business", "Fishy business"], "alternative": ["By Karoliina Pulkkinen", "Door Karoliina Pulkkinen"], "creator": ["StrangerFestival"], "subject": ["strangeracademy", "video remix", "strangerfestival", "strangeracademy", "video remix", "strangerfestival"], "description": ["Video remix made during a workshop of the StrangerFestival 2009.", "Video remix gemaakt tijdens een workshop op het StrangerFestival 2009."], "abstract": ["Video remix with footage from the Dutch Institute for Sound and Vision. Made by Karoliina Pulkkinen during the StrangerAcademy of the StrangerFestival in Amsterdam, 13-17 October 2009.", "Video remix met beelden afkomstig van het Nederlands Instituut voor Beeld en Geluid. Gemaakt door Karoliina Pulkkinen tijdens de StrangerAcademy van het StrangerFestival in Amsterdam, 13-17 Oktober 2009."], "publisher": ["StrangerFestival ", "https://www.openbeelden.nl/users/strangerfestival"], "date": ["2010-02-09"], "type": ["Moving Image"], "extent": ["PT1M48S"], "medium": ["https://www.openbeelden.nl/files/19/40220.19899.Fishy business Karoliina Pulkkinen.mp4", "https://www.openbeelden.nl/files/19/19907.19899.Fishy business Karoliina Pulkkinen.ogv", "https://www.openbeelden.nl/files/19/19910.19899.Fishy business Karoliina Pulkkinen.ogv", "https://www.openbeelden.nl/files/19/37100.19899.Fishy_business_Karoliina_Pulkkinen.m3u8", "https://www.openbeelden.nl/files/19/37043.19899.Fishy business Karoliina Pulkkinen.ts", "https://www.openbeelden.nl/files/19/19903.19899.Fishy business Karoliina Pulkkinen.mpeg", "https://www.openbeelden.nl/images/604369/Fishy_business_%280_54%29.png"], "language": ["nl"], "references": [null], "mediator": [null], "attributionName": ["StrangerFestival"], "attributionURL": ["https://www.openbeelden.nl/media/19900"], "license": ["https://creativecommons.org/licenses/by-sa/3.0/nl/"]}