{"title": ["Running against time", "Running against time"], "alternative": ["Door Jordy Janssen", "By Jordy Janssen"], "creator": ["StrangerFestival"], "subject": ["strangeracademy", "video remix", "strangerfestival", "strangeracademy", "video remix", "strangerfestival"], "description": ["Video remix gemaakt tijdens een workshop op het StrangerFestival 2009.", "Video remix made during a workshop of the StrangerFestival 2009."], "abstract": ["Video remix met beelden afkomstig van het Nederlands Instituut voor Beeld en Geluid. Gemaakt door Jordy Janssen tijdens de StrangerAcademy van het StrangerFestival in Amsterdam, 13-17 Oktober 2009. Voor meer video's van Jordy Janssen zie: http://www.openbeelden.nl/users/jordy", "Video remix with footage from the Dutch Institute for Sound and Vision. Made by Jordy Janssen during the StrangerAcademy of the StrangerFestival in Amsterdam, 13-17 October 2009. For more videos by Jordy Janssen check: http://www.openbeelden.nl/users/jordy"], "publisher": ["StrangerFestival ", "https://www.openbeelden.nl/users/strangerfestival"], "date": ["2010-02-09"], "type": ["Moving Image"], "extent": ["PT1M56S"], "medium": ["https://www.openbeelden.nl/files/19/19969.19956.Running Against Time Jordy Janssen.mp4", "https://www.openbeelden.nl/files/19/19963.19956.Running Against Time Jordy Janssen.ogv", "https://www.openbeelden.nl/files/19/19966.19956.Running Against Time Jordy Janssen.ogv", "https://www.openbeelden.nl/files/19/37091.19956.Running_Against_Time_Jordy_Janssen.m3u8", "https://www.openbeelden.nl/files/19/37037.19956.Running Against Time Jordy Janssen.ts", "https://www.openbeelden.nl/files/19/19960.19956.Running Against Time Jordy Janssen.mpeg", "https://www.openbeelden.nl/images/604367/Running_against_time_%280_58%29.png"], "language": ["nl"], "references": [null], "mediator": [null], "attributionName": ["StrangerFestival"], "attributionURL": ["https://www.openbeelden.nl/media/19957"], "license": ["https://creativecommons.org/licenses/by-sa/3.0/nl/"]}