{"title": ["Een half miljoen Nederlanders werkte als dwangarbeider in Duitsland "], "alternative": ["Getuigenverhaal: Piet Kool, Den Haag - Zuid-Holland "], "creator": ["Nationaal Comit\u00e9 4 en 5 mei"], "subject": ["Den Haag", "oorlogsmonument", "dwangarbeid", "concentratiekamp", "4 en 5 mei"], "description": ["In 1942 wordt hij opgeroepen voor de Arbeitseinsatz in Duitsland. Piet Kool (1924-2009) probeert er onderuit te komen. Vergeefs. Vlakbij Stuttgart moet hij werken in de fabriek van Daimler Benz, regelmatig doelwit van bombardementen van de geallieerden. Pas in mei 1945 keert hij terug naar Nederland. Voor de ervaringen van ex-dwangarbeiders is er dan weinig begrip. Maar met lotgenoten lukt het 'm het Gedenkteken Dwangarbeid op te richten in Den Haag. Daarmee is voor hem rechtgetrokken dat er tot dan toe weinig aandacht voor ex-dwangarbeiders is geweest."], "abstract": ["'Sprekende beelden - getuigenverhalen bij oorlogsmonumenten' is een project van het Nationaal Comit\u00e9 4 en 5 mei. Op de website van het comit\u00e9 (www.4en5mei.nl/oorlogsmonumenten) zijn meer dan 3000 oorlogsmonumenten in een database opgenomen. Bij sommige monumenten is een getuigenverhaal verschenen; zowel op schrift als gefilmd."], "publisher": ["Nationaal Comit\u00e9 4 en 5 mei ", "https://www.openbeelden.nl/users/4en5mei"], "date": ["2010-02-19"], "type": ["Moving Image"], "extent": ["PT9M48S"], "medium": ["https://www.openbeelden.nl/files/20/20809.20752.denhaag_dwangarbeiders.mp4", "https://www.openbeelden.nl/files/20/20803.20752.denhaag_dwangarbeiders.ogv", "https://www.openbeelden.nl/files/20/20806.20752.denhaag_dwangarbeiders.ogv", "https://www.openbeelden.nl/files/20/37223.20752.denhaag_dwangarbeiders.m3u8", "https://www.openbeelden.nl/files/20/37157.20752.denhaag_dwangarbeiders.ts", "https://www.openbeelden.nl/files/20/20756.20752.denhaag_dwangarbeiders.mpeg", "https://www.openbeelden.nl/images/604358/Een_half_miljoen_Nederlanders_werkte_als_dwangarbeider_in_Duitsland_%284_54%29.png"], "source": ["Nationaal Comit\u00e9 4 en 5 mei"], "language": ["nl"], "references": [null], "mediator": [null], "attributionName": ["Nationaal Comit\u00e9 4 en 5 mei"], "attributionURL": ["https://www.openbeelden.nl/media/20753"], "license": ["https://creativecommons.org/licenses/by-nc-nd/3.0/nl/"]}