{"title": ["Ik leef nog, omdat de leider me te jong vond"], "alternative": ["Getuigenverhaal: Han Hollander, Markelo - Overijssel "], "creator": ["Nationaal Comit\u00e9 4 en 5 mei"], "subject": ["Tweede Wereldoorlog", "oorlogsmonument", "provinciaal verzetsmonument", "verzet", "4 en 5 mei"], "description": ["In de zomer van 1943 vraagt een vriend aan Han Hollander (1927) of hij een pakje met pistolen en patronen wil bezorgen. Dat doet hij en vanaf dat moment wordt hij - op de fiets en in korte broek - ingezet voor allerlei verzetsactiviteiten in Zwolle. Eind oktober 1944 mag hij tegen zijn zin niet meedoen aan een gevaarlijke actie, omdat de leider hem te jong vindt. Bij een razzia worden zes mannen van zijn groep gearresteerd en enkele dagen later publiekelijk gefusilleerd. Het Provinciaal Verzetsmonument in Markelo herinnert aan deze verloren levens."], "abstract": ["'Sprekende beelden - getuigenverhalen bij oorlogsmonumenten' is een project van het Nationaal Comit\u00e9 4 en 5 mei. Op de website van het comit\u00e9 (www.4en5mei.nl/oorlogsmonumenten) zijn meer dan 3000 oorlogsmonumenten in een database opgenomen. Bij sommige monumenten is een getuigenverhaal verschenen; zowel op schrift als gefilmd."], "publisher": ["Nationaal Comit\u00e9 4 en 5 mei ", "https://www.openbeelden.nl/users/4en5mei"], "date": ["2010-02-22"], "type": ["Moving Image"], "extent": ["PT14M7S"], "medium": ["https://www.openbeelden.nl/files/21/21058.21045.provinciaal verzetsmonument overijssel.mp4", "https://www.openbeelden.nl/files/21/21052.21045.provinciaal verzetsmonument overijssel.ogv", "https://www.openbeelden.nl/files/21/21055.21045.provinciaal verzetsmonument overijssel.ogv", "https://www.openbeelden.nl/files/21/37367.21045.provinciaal_verzetsmonument_overijssel.m3u8", "https://www.openbeelden.nl/files/21/37184.21045.provinciaal verzetsmonument overijssel.ts", "https://www.openbeelden.nl/files/21/21049.21045.provinciaal verzetsmonument overijssel.mpeg", "https://www.openbeelden.nl/images/604349/Ik_leef_nog%2C_omdat_de_leider_me_te_jong_vond_%287_03%29.png"], "source": ["Nationaal Comit\u00e9 4 en 5 mei"], "language": ["nl"], "references": [null], "mediator": [null], "attributionName": ["Nationaal Comit\u00e9 4 en 5 mei"], "attributionURL": ["https://www.openbeelden.nl/media/21046"], "license": ["https://creativecommons.org/licenses/by-nc-nd/3.0/nl/"]}