{"title": ["Herdenking van de Slag om Arnhem (1964)", "Commemoration of the Battle of Arnhem"], "alternative": ["Weeknummer 64-39", "Week number 64-39"], "creator": ["Polygoon-Profilti (producent) / Nederlands Instituut voor Beeld en Geluid (beheerder)", "Polygoon-Profilti (producer) / Netherlands Institute for Sound and Vision (curator)"], "subject": ["Slag om Arnhem", "gemeentehuizen", "herdenkingen", "kransleggingen", "Tweede Wereldoorlog", "Airborne-monument", "Battle of Arnhem", "city halls", "commemorations", "wreath layings", "Second World War", "Airborne monument"], "description": ["Bioscoopjournaals waarin Nederlandse onderwerpen van een bepaalde week worden gepresenteerd.", "Newsreels in which Dutch subjects of a certain week are presented."], "abstract": ["Herdenking van het 20-jarig jubileum van de Slag om Arnhem. Veteranen lopen in een stille tocht naar het Airborne-monument in Arnhem. Generaal-majoor Robert Elliot Urquhart en generaal Stanislaw Sosabowski leggen kransen bij het monument in aanwezigheid van burgemeester Ch.G. Matser. Een meisje en drie jongens die op 17 september 1944 zijn geboren, leggen de eerste steen voor het nieuwe stadhuis. Met archiefmateriaal van de landingen en gevechten tijdens de Slag om Arnhem en de verwoeste stad na de oorlog.", "Comemoration of the 20 year anniversary of the battle of Arnhem. Veterans walk in a silent parade to the Airborne monument in Arnhem. Major General Robert Elliot Urquhart and General Stanislaw Sosabowski lay wreaths at the monuemtn in the presence of mayor Ch.G. Matser. A girl and three boys that were born on September 17th 1944, lay the first stone for a new city hall. With archive material of teh landings and battles during the Battle of Arnhem and the destroyed city after the war."], "publisher": ["Nederlands Instituut voor Beeld en Geluid", "https://www.openbeelden.nl/users/beeldengeluid"], "date": ["1964-09-17"], "type": ["Moving Image"], "extent": ["PT2M2S"], "medium": ["https://www.openbeelden.nl/files/21/21741.21728.WEEKNUMMER643-HRE0001B1C9.mp4", "https://www.openbeelden.nl/files/21/738370.21728.WEEKNUMMER643-HRE0001B1C9_2121280_2244280.mp4", "https://www.openbeelden.nl/files/21/738373.21728.WEEKNUMMER643-HRE0001B1C9_2121280_2244280.mp4", "https://www.openbeelden.nl/files/21/738376.21728.WEEKNUMMER643-HRE0001B1C9_2121280_2244280.webm", "https://www.openbeelden.nl/files/21/21735.21728.WEEKNUMMER643-HRE0001B1C9.ogv", "https://www.openbeelden.nl/files/21/21738.21728.WEEKNUMMER643-HRE0001B1C9.ogv", "https://www.openbeelden.nl/files/21/738364.21728.WEEKNUMMER643-HRE0001B1C9_2121280_2244280.ogv", "https://www.openbeelden.nl/files/21/738367.21728.WEEKNUMMER643-HRE0001B1C9_2121280_2244280.ogv", "https://www.openbeelden.nl/files/21/37493.21728.WEEKNUMMER643-HRE0001B1C9.m3u8", "https://www.openbeelden.nl/files/21/738400.21728.WEEKNUMMER643_HRE0001B1C9_2121280_2244280.m3u8", "https://www.openbeelden.nl/files/21/37405.21728.WEEKNUMMER643-HRE0001B1C9_2121280_2244280.ts", "https://www.openbeelden.nl/files/21/21732.21728.WEEKNUMMER643-HRE0001B1C9_2121280_2244280.mpeg", "https://www.openbeelden.nl/files/21/21728.WEEKNUMMER643-HRE0001B1C9_2121280_2244280.mp4", "https://www.openbeelden.nl/images/738437/Herdenking_van_de_Slag_om_Arnhem_%281964%29_%281_01%29.png"], "identifier": ["519753"], "source": ["WEEKNUMMER643-HRE0001B1C9", "WEEKNUMMER643-HRE0001B1C9"], "language": ["nl"], "references": [null], "mediator": ["Wikimedia Commons"], "attributionName": ["Polygoon-Profilti (producent) / Nederlands Instituut voor Beeld en Geluid (beheerder)"], "attributionURL": ["https://www.openbeelden.nl/media/21729"], "license": ["https://creativecommons.org/licenses/by-nc-nd/3.0/nl/"]}