{"title": ["Lawrence Lessig"], "alternative": ["OVA Webside Chat"], "creator": ["Nederlands Instituut voor Beeld en Geluid"], "description": ["Presentation made by Lawrence Lessig at the OpenVideoAlliance webside chat on February 25, 2010."], "abstract": [null], "publisher": ["Nederlands Instituut voor Beeld en Geluid", "https://www.openbeelden.nl/users/beeldengeluid"], "date": ["2010-03-08"], "type": ["Moving Image"], "extent": ["PT42M14S"], "medium": ["https://www.openbeelden.nl/files/21/21800.21786.Lessig-WebsideChat825.mp4", "https://www.openbeelden.nl/files/21/21794.21786.Lessig-WebsideChat825.ogv", "https://www.openbeelden.nl/files/21/21797.21786.Lessig-WebsideChat825.ogv", "https://www.openbeelden.nl/files/21/37499.21786.Lessig-WebsideChat825.m3u8", "https://www.openbeelden.nl/files/21/37397.21786.Lessig-WebsideChat825.ts", "https://www.openbeelden.nl/files/21/21790.21786.Lessig-WebsideChat825.mpeg", "https://www.openbeelden.nl/images/599860/Lawrence_Lessig_%2821_07%29.png"], "source": ["Lawrence Lessig, http://blip.tv/file/3283837"], "language": ["nl"], "references": [null], "mediator": ["Wikimedia Commons"], "attributionName": ["Nederlands Instituut voor Beeld en Geluid"], "attributionURL": ["https://www.openbeelden.nl/media/21787"], "license": ["https://creativecommons.org/licenses/by/3.0/nl/"]}