{"title": ["Het technologisch centrum van de ESA", "The technological center of the ESA"], "alternative": ["Weeknummer: 79-30", "Week number: 79-30"], "creator": ["Polygoon-Profilti (producent) / Nederlands Instituut voor Beeld en Geluid (beheerder)", "Polygoon-Profilti (producer) / Netherlands Institute for Sound and Vision (curator)"], "subject": ["Ariane", "satellieten", "ruimtevaartuigen", "ruimtevaart", "ESA", "lanceringen", "Meteosat", "Ariane", "satellites", "spacecrafts", "space travel", "ESA", "launchings", "Meteosat"], "description": ["Bioscoopjournaals waarin Nederlandse onderwerpen van een bepaalde week worden gepresenteerd.", "Newsreels in which Dutch subjects of a certain week are presented."], "abstract": ["Aandacht voor het werk bij het European Space Agency (ESA) in Noordwijk. SHOTS: ext. ESA in de duinen bij Noordwijk; onderzoek naar satellieten in grote vacu\u00fcmkamers waarin de omstandigheden in de ruimte kunnen worden nagebootst; zonnecellen op buitenzijde satelliet; medewerkers in laboratorium; groot aantal kabels in satelliet; bouw van satelliet 'Ariane'; vuur komt uit straalmotoren van en raket die gereed staat voor lancering; bouw van weersatelliet Meteosat 2, met diverse onderdelen; satellietschotels in Duitsland; machine drukt satellietfoto's van de wereld af. ARCHIEFMATERIAAL: lancering van satelliet in lanceerbasis Cape Canaveral in Florida; communicatiesatelliet ontploft kort na lancering.", "Impression of the work of the European Space Agency (ESA) in Noordwijk. SHOTS: ext. ESA in the dunes near Noordwijk; research on satellites in large vacuum rooms where the conditions of outer space can be imitated; solar cells on the outside of the satellite; employees of the laboratory; a large number of cables inside the satellite; construction of the satellite 'Ariane'; fire comes out of the jet engines of a rocket ready for take off; construction of weather satellite Meteosat 2, with different parts; satellite dishes in Germany; machine prints satellite photo's of earth. ARCHIVE MATERIAL: launch of a satellite at launch base Cape Canaveral in Florida; communication satellite explodes shortly after launch."], "publisher": ["Nederlands Instituut voor Beeld en Geluid", "https://www.openbeelden.nl/users/beeldengeluid"], "date": ["1979-01-01"], "type": ["Moving Image"], "extent": ["PT3M0S"], "medium": ["https://www.openbeelden.nl/files/21/21981.21968.BG_10546.mp4", "https://www.openbeelden.nl/files/21/21975.21968.BG_10546.ogv", "https://www.openbeelden.nl/files/21/21978.21968.BG_10546.ogv", "https://www.openbeelden.nl/files/21/37485.21968.BG_10546.m3u8", "https://www.openbeelden.nl/files/21/37394.21968.BG_10546.ts", "https://www.openbeelden.nl/files/21/21972.21968.BG_10546.mpeg", "https://www.openbeelden.nl/files/21/21968.BG_10546.mpg", "https://www.openbeelden.nl/images/603614/Het_technologisch_centrum_van_de_ESA_%281_30%29.png"], "identifier": ["33349"], "source": ["BG_10546", "BG_10546"], "language": ["nl"], "references": [null], "mediator": ["Wikimedia Commons"], "attributionName": ["Polygoon-Profilti (producent) / Nederlands Instituut voor Beeld en Geluid (beheerder)"], "attributionURL": ["https://www.openbeelden.nl/media/21969"], "license": ["https://creativecommons.org/licenses/by-sa/3.0/nl/"]}