{"title": ["Noodlanding oefening helicopters", "Emergency landing excercise for helicopters"], "alternative": ["Weeknummer 70-39", "Week number 70-39"], "creator": ["Polygoon-Profilti (producent) / Nederlands Instituut voor Beeld en Geluid (beheerder)", "Polygoon-Profilti (producer) / Netherlands Institute for Sound and Vision (curator)"], "subject": ["helikopters", "KLM", "noodlandingen", "booreilanden", "rampenoefeningen"], "description": ["Bioscoopjournaals waarin Nederlandse onderwerpen van een bepaalde week worden gepresenteerd.", "Newsreels in which Dutch subjects of a certain week are presented."], "abstract": ["Rampenoefening voor KLM-personeel van de Noordzeehelikopters op het Gooimeer. Een helikopter maakt een noodlanding op het water, personeel gooit een rubber reddingboot uit en de mensen stappen erin over. Vervolgens stijgt de helikopter op. Met beelden van een KLM-helikopter die op een booreiland land.", "Disaster exercise for the KLM staff of the North Sea helicopters above the Gooimeer. A helicopter makes an emergency landing on the water, the personnel throws out a rubber rescue boat and the people change to it. After that the helicopter takes off again. With footage of a KLM helicopter landing on a drilling platform."], "publisher": ["Nederlands Instituut voor Beeld en Geluid", "https://www.openbeelden.nl/users/beeldengeluid"], "date": ["1970-09-01"], "type": ["Moving Image"], "extent": ["PT1M49S"], "medium": ["https://www.openbeelden.nl/files/BG/WEEKNUMMER703-HRE00015FF8.mp4", "https://www.openbeelden.nl/files/BG/WEEKNUMMER703-HRE00015FF8-512.ogg", "https://www.openbeelden.nl/files/BG/WEEKNUMMER703-HRE00015FF8.ogg", "https://www.openbeelden.nl/files/02/33958.WEEKNUMMER703-HRE00015FF8.m3u8", "https://www.openbeelden.nl/files/02/33907.WEEKNUMMER703-HRE00015FF8.ts", "https://www.openbeelden.nl/files/BG/WEEKNUMMER703-HRE00015FF8.mpg", "https://www.openbeelden.nl/images/602658/Noodlanding_oefening_helicopters_%280_54%29.png"], "identifier": ["518075"], "source": ["WEEKNUMMER703-HRE00015FF8", "WEEKNUMMER703-HRE00015FF8"], "language": ["nl"], "references": [null], "mediator": ["Wikimedia Commons"], "spatial": ["Gooimeer", "Muiden", "Nederland"], "attributionName": ["Polygoon-Profilti (producent) / Nederlands Instituut voor Beeld en Geluid (beheerder)"], "attributionURL": ["https://www.openbeelden.nl/media/2235"], "license": ["https://creativecommons.org/licenses/by-sa/3.0/nl/"]}