{"title": ["\"Electronische\" persexcursie", "\"Electronic\" press excursion"], "alternative": ["Weeknummer 61-05", "Week number 61-05"], "creator": ["Polygoon-Profilti (producent) / Nederlands Instituut voor Beeld en Geluid (beheerder)", "Polygoon-Profilti (producer) / Netherlands Institute for Sound and Vision (curator)"], "subject": ["Zeven Provinci\u00ebn", "de", "pers", "demonstraties", "elektrische apparatuur", "electriciteitscentrales", "kruisers", "Vereniging Nederlands Fabrikaat", "Zeven Provinci\u00ebn", "de", "press", "demonstrations", "electrical equipment", "power station", "cruisers", "Vereniging Nederlands Fabrikaat"], "description": ["Bioscoopjournaals waarin Nederlandse onderwerpen van een bepaalde week worden gepresenteerd.", "Newsreels in which Dutch subjects of a certain week are presented."], "abstract": ["Ihkv een persexcursie die is georganiseerd door de Vereniging van Fabrieken op Elektrotechnisch Gebied en de Vereniging Nederlands Fabrikaat bezoeken journalisten de Centrale Hemweg te Amsterdam. Ze overnachten in een hotel in Bergen aan Zee, waar ze een demonstratie krijgen van een transistorzendertje waarmee langs radiografische weg een borreltje wordt ingeschonken. De volgende dag bekijken ze aan boord van de kruiser De Zeven Provinci\u00ebn de elektrische voorzieningen. Verder krijgen ze er uitleg over de radar en een demonstratie van het automatisch afvuren van lichtraketten.", "Journalists visit the Power Plant Hemweg in Amsterdam as part of a press excursion organised by the Vereniging van Fabrieken op Elektrotechnisch Gebied (Association of Factories in the Electro Technical Field) and the Vereniging Nederlands Fabrikaat (Association Dutch Products). They spend the night in a hotel in Bergen aan Zee, where a demonstration is given of a transistor transmitter pouring a drink by using radio signals. The next day they take a look at the electrical facilities aboard the cruiser De Zeven Provinci\u00ebn (The Seven Provinces). They also receive an explanation on the radar and a demonstration of the automatic firing of signal rockets."], "publisher": ["Nederlands Instituut voor Beeld en Geluid", "https://www.openbeelden.nl/users/beeldengeluid"], "contributor": ["Bloemendal, Philip (commentaar)"], "date": ["1961-01-17"], "type": ["Moving Image"], "extent": ["PT1M47S"], "medium": ["https://www.openbeelden.nl/files/22/22988.22974.WEEKNUMMER610-HRE0001DC28.mp4", "https://www.openbeelden.nl/files/22/22982.22974.WEEKNUMMER610-HRE0001DC28.ogv", "https://www.openbeelden.nl/files/22/22985.22974.WEEKNUMMER610-HRE0001DC28.ogv", "https://www.openbeelden.nl/files/22/37730.22974.WEEKNUMMER610-HRE0001DC28.m3u8", "https://www.openbeelden.nl/files/22/37643.22974.WEEKNUMMER610-HRE0001DC28.ts", "https://www.openbeelden.nl/files/22/22978.22974.WEEKNUMMER610-HRE0001DC28.mpeg", "https://www.openbeelden.nl/files/22/22974.WEEKNUMMER610-HRE0001DC28.mpg", "https://www.openbeelden.nl/images/602938/%22Electronische%22_persexcursie_%280_53%29.png"], "identifier": ["525870"], "source": ["WEEKNUMMER610-HRE0001DC28", "WEEKNUMMER610-HRE0001DC28"], "language": ["nl"], "references": [null], "mediator": ["Wikimedia Commons"], "spatial": ["Amsterdam", "Bergen aan Zee", "Hemweg", "Nederland", "Amsterdam", "Bergen aan Zee", "Hemweg", "Netherlands"], "attributionName": ["Polygoon-Profilti (producent) / Nederlands Instituut voor Beeld en Geluid (beheerder)"], "attributionURL": ["https://www.openbeelden.nl/media/22975"], "license": ["https://creativecommons.org/licenses/by-sa/3.0/nl/"]}