{"title": ["De regeringsverklaring van het nieuwe kabinet Drees", "The government policy statement of the new Drees cabinet"], "alternative": ["Weeknummer 51-12", "Week number 51-12"], "creator": ["Polygoon-Profilti (producent) / Nederlands Instituut voor Beeld en Geluid (beheerder)", "Polygoon-Profilti (producer) / Netherlands Institute for Sound and Vision (curator)"], "subject": ["Kabinet-Drees II", "ministers", "regeringsverklaringen", "Drees II cabinet", "ministers", "governement policy statements"], "description": ["Bioscoopjournaals waarin Nederlandse onderwerpen van een bepaalde week worden gepresenteerd.", "Newsreels in which Dutch subjects of a certain week are presented."], "abstract": ["Op 27 januari stelde het kabinet-Drees de portefeuilles ter beschikking. Door toedoen van informateur prof. C.P.M. Romme is een nieuw kabinet tot stand gekomen dat opnieuw geleid wordt door dr. W. Drees. In de Ridderzaal komt de Tweede Kamer bijeen om te luisteren naar de regeringsverklaring van het nieuwe kabinet. SHOTS: - Int. Ridderzaal: de afgevaardigden zitten op hun plaatsen; achter de regeringstafel zit het kabinet; - fragmenten van de regeringsverklaring, uitgesproken door Drees; - div. shots van ministers en kamerleden: 00:07 C.P.M. Romme; 00:14 F.J.TH. Rutten (links); C. Staf (rechts); 00:17 vlnr H.H. Wemmers; dr. A.H.M. Albregts; mr. A.M. Joekes; 00:21 mr. D.U. Stikker (links); mr. H. Mulderije (rechts); 00:23 dr. J.R.M. van den Brink (links); mr. P. Lieftinck (midden); F.G.C.J.M. Teulings (rechts); 00:27 K. Vorrink; 00:29 dr. J. Schouten (links); mr. P.S. Gerbrandy (rechts); 00:32 jkvr. mr. C.W.I. Wttewaall van Stoetwegen (links); H.W. Tilanus (rechts); 00:35 mr. Vonk; 00:37 J. Hoogcarspel; 00:40 voorzitter Tweede Kamer, dr. L.G. Kortenhorst.", "On January 27 the Drees cabinet handed in their portfolio's. By the agency of Prof. C.P.M. Romme, who was assigned to investigate on behalf of the crown whether a proposed cabinet formation would succeed, a new cabinet has been formed once again led by Dr. W. Drees. In the Ridderzaal (Knight's Hall) the House of Representatives gathers to listen to the government policy statement of the new cabinet. SHOTS: - Int. Ridderzaal: the representatives are seated in their respective seats; the cabinet has taken place behind the government table; - shots of the govenment policy statement as pronounced by Drees; - several shots of ministers and representative: 00:07 C.P.M. Romme; 00:14 F.J.TH. Rutten (left); C. Staf (right); 00:17 from left to right H.H. Wemmers; Dr. A.H.M. Albregts; A.M. Joekes; 00:21 D.U. Stikker (left); H. Mulderije (right); 00:23 Dr. J.R.M. van den Brink (left); P. Lieftinck (middle); F.G.C.J.M. Teulings (right); 00:27 K. Vorrink; 00:29 Dr. J. Schouten (left); P.S. Gerbrandy (right); 00:32 Lady C.W.I. Wttewaall van Stoetwegen (links); H.W. Tilanus (right); 00:35 Vonk; 00:37 J. Hoogcarspel; 00:40 chairman House of Representatives, Dr. L.G. Kortenhorst."], "publisher": ["Nederlands Instituut voor Beeld en Geluid", "https://www.openbeelden.nl/users/beeldengeluid"], "date": ["1951-03-17"], "type": ["Moving Image"], "extent": ["PT2M7S"], "medium": ["https://www.openbeelden.nl/files/23/23898.23884.WEEKNUMMER511-HRE0001A37F.mp4", "https://www.openbeelden.nl/files/23/23892.23884.WEEKNUMMER511-HRE0001A37F.ogv", "https://www.openbeelden.nl/files/23/23895.23884.WEEKNUMMER511-HRE0001A37F.ogv", "https://www.openbeelden.nl/files/23/37775.23884.WEEKNUMMER511-HRE0001A37F.m3u8", "https://www.openbeelden.nl/files/23/37715.23884.WEEKNUMMER511-HRE0001A37F.ts", "https://www.openbeelden.nl/files/23/23888.23884.WEEKNUMMER511-HRE0001A37F.mpeg", "https://www.openbeelden.nl/files/23/23884.WEEKNUMMER511-HRE0001A37F.mpg", "https://www.openbeelden.nl/images/603581/De_regeringsverklaring_van_het_nieuwe_kabinet_Drees_%281_03%29.png"], "identifier": ["520447"], "source": ["WEEKNUMMER511-HRE0001A37F", "WEEKNUMMER511-HRE0001A37F"], "language": ["nl"], "references": [null], "mediator": ["Wikimedia Commons"], "attributionName": ["Polygoon-Profilti (producent) / Nederlands Instituut voor Beeld en Geluid (beheerder)"], "attributionURL": ["https://www.openbeelden.nl/media/23885"], "license": ["https://creativecommons.org/licenses/by-sa/3.0/nl/"]}