{"title": ["De mooie warme zomer van 1973", "The beautiful, hot summer"], "alternative": ["Weeknummer 73-29", "Week number 73-29"], "creator": ["Polygoon-Profilti (producent) / Nederlands Instituut voor Beeld en Geluid (beheerder)", "Polygoon-Profilti (producer) / Netherlands Institute for Sound and Vision (curator)"], "subject": ["stranden", "Artis", "frisdranken", "zomer", "olifanten", "dierentuinen", "pingu\u00efns", "ijsberen", "curiosa"], "description": ["Bioscoopjournaals waarin Nederlandse onderwerpen van een bepaalde week worden gepresenteerd.", "Newsreels in which Dutch subjects of a certain week are presented."], "abstract": ["Zomervakantie in Nederland. Mensen vertrekken van Schiphol naar verre vakantiebestemmingen. Vanwege het warme weer is het druk langs de randmeren van de IJsselmeerpolders, waar mensen op de stranden liggen. In Artis te Amsterdam worden de ijsberen en olifanten natgespoten en de pingu\u00efns zijn ondergebracht in een vriescel. Jongeren en ouderen spelen in Amsterdam in fonteinen en vijvers en de terrassen zitten vol met mensen. In een frisdrankenfabriek worden flessen gevuld.", "Summer holiday in the Netherlands. People depart from Schiphol Airport to far off holiday destinations. Because of the warm weather it's crowded at the border lakes of the IJsselmeer polders, where people lie on the beaches. At the Artis zoo in Amsterdam the polar bears and elephants are being sprayed with water and the pinguins are housed in a cold-storage room. Youth and adults play in the fountains and ponds of Amsterdam and the terraces are filled with people. At a soft drink factory bottles are filled up."], "publisher": ["Nederlands Instituut voor Beeld en Geluid", "https://www.openbeelden.nl/users/beeldengeluid"], "date": ["1973-07-01"], "type": ["Moving Image"], "extent": ["PT2M6S"], "medium": ["https://www.openbeelden.nl/files/BG/WEEKNUMMER732-HRE00015B24.mp4", "https://www.openbeelden.nl/files/BG/WEEKNUMMER732-HRE00015B24-512.ogg", "https://www.openbeelden.nl/files/BG/WEEKNUMMER732-HRE00015B24.ogg", "https://www.openbeelden.nl/files/02/34045.WEEKNUMMER732-HRE00015B24.m3u8", "https://www.openbeelden.nl/files/02/33967.WEEKNUMMER732-HRE00015B24.ts", "https://www.openbeelden.nl/files/BG/WEEKNUMMER732-HRE00015B24.mpg", "https://www.openbeelden.nl/images/602652/De_mooie_warme_zomer_van_1973_%281_03%29.png"], "identifier": ["526121"], "source": ["WEEKNUMMER732-HRE00015B24", "WEEKNUMMER732-HRE00015B24"], "language": ["nl"], "references": [null], "mediator": ["Wikimedia Commons"], "spatial": ["Amsterdam", "Nederland"], "attributionName": ["Polygoon-Profilti (producent) / Nederlands Instituut voor Beeld en Geluid (beheerder)"], "attributionURL": ["https://www.openbeelden.nl/media/2389"], "license": ["https://creativecommons.org/licenses/by-sa/3.0/nl/"]}