{"title": ["Nieuwe ministers op Soestdijk be\u00ebdigd: eerste kabinetszitting", "New ministers sworn in at Soestdijk: first cabinet meeting"], "alternative": ["Weeknummer 52-36", "Week number 52-36"], "creator": ["Polygoon-Profilti (producent) / Nederlands Instituut voor Beeld en Geluid (beheerder)", "Polygoon-Profilti (producer) / Netherlands Institute for Sound and Vision (curator)"], "subject": ["vergaderingen", "ministers", "meetings", "ministers"], "description": ["Bioscoopjournaals waarin Nederlandse onderwerpen van een bepaalde week worden gepresenteerd.", "Newsreels in which Dutch subjects of a certain week are presented."], "abstract": ["Na twee maanden kabinetscrisis is er weer een kabinet, opnieuw olv dr. W. Drees. Het kabinet wordt gevormd door een aantal oude en enkele nieuwe ministers. Met beelden van de eerste kabinetszitting in de Tr\u00e8veszaal in Den Haag. SHOTS: - Bij Paleis Soestdijk arriveren de nieuwe ministers; ze komen voorrijden, poseren en gaan naar binnen; na de be\u00ebdiging poseert de gehele groep op de trappen; - int. Tr\u00e8veszaal: rondom de tafel zitten de div. bewindslieden en praten met elkaar; 00:11 prof. J.A. Kernkamp (Overzeese Rijksdelen); 00:14 A.C. de Bruijn (Publiekrechtelijke Bedrijfsorganisatie); 00:19 M.A. Tellegen (directeur van het Kabinet der Koningin); 00:23 mr. J. Algera (Verkeer en Waterstaat); 00:30 J. van de Kieft (Financi\u00ebn); 00:32 J.G. Suurhoff (Sociale Zorg); 00:43 mr. J.M.A.H. Luns (Buitenlandse Zaken); 00:45 mr. J.W. Beyen (Buitenlandse Zaken); 00:52 dr. J. Zijlstra (Economische Zaken); 00:55 mr. J.M.L.Th. Cals (Onderwijs, Kunsten en Wetenschappen); 01:03 mr. L.A. Donker (Justitie); 01:12 ir. H.B.J. Witte (Volkshuisvesting, met bril); 01:23 dr. L.J.M. Beel (Binnenlandse Zaken); 01:26 dr. W. Drees (premier); 01:29 ir. C. Staf (Oorlog); 01:36 ir. S.L. Mansholt (Landbouw, Visserij en Voedselvoorziening).", "Two months after the fall of the government a new cabinet has been formed, once again led by Dr. W. Drees. The cabinet consists of some old and some new ministers. With shots of the first cabinet meeting in the Tr\u00e8veszaal (Tr\u00e8ve hall) in The Hague. SHOTS: - The new ministers arrive at Palace Soestdijk; they arrive by car, pose and enter; after they've been sworn in the whole group poses on the steps; - int. Tr\u00e8veszaal: the memebers of the cabinet are seated around the table and are talking to each other; 00:11 Prof. J.A. Kernkamp (Overseas Territories); 00:14 A.C. de Bruijn (Statutory Industrial Organizations); 00:19 M.A. Tellegen (director of the Queen's Cabinet); 00:23 J. Algera (Transport, Public Works and Water Management); 00:30 J. van de Kieft (Finance); 00:32 J.G. Suurhoff (Social Care); 00:43 J.M.A.H. Luns (Foreign Affairs); 00:45 J.W. Beyen (Foreign Affairs); 00:52 Dr. J. Zijlstra (Economic Affairs); 00:55 J.M.L.Th. Cals, LL.M. (Education, Arts and Sciences); 01:03 L.A. Donker (Justice); 01:12 H.B.J. Witte (Housing, with glasses); 01:23 Dr. L.J.M. Beel (Internal Affairs); 01:26 Dr. W. Drees (Prime Minister); 01:29 C. Staf (War); 01:36 S.L. Mansholt (Agriculture, Fishery and Food Supplies)."], "publisher": ["Nederlands Instituut voor Beeld en Geluid", "https://www.openbeelden.nl/users/beeldengeluid"], "date": ["1952-09-02"], "type": ["Moving Image"], "extent": ["PT1M45S"], "medium": ["https://www.openbeelden.nl/files/23/23928.23914.WEEKNUMMER523-HRE0000CEA9.mp4", "https://www.openbeelden.nl/files/23/23922.23914.WEEKNUMMER523-HRE0000CEA9.ogv", "https://www.openbeelden.nl/files/23/23925.23914.WEEKNUMMER523-HRE0000CEA9.ogv", "https://www.openbeelden.nl/files/23/37823.23914.WEEKNUMMER523-HRE0000CEA9.m3u8", "https://www.openbeelden.nl/files/23/37721.23914.WEEKNUMMER523-HRE0000CEA9.ts", "https://www.openbeelden.nl/files/23/23918.23914.WEEKNUMMER523-HRE0000CEA9.mpeg", "https://www.openbeelden.nl/files/23/23914.WEEKNUMMER523-HRE0000CEA9.mpg", "https://www.openbeelden.nl/images/603580/Nieuwe_ministers_op_Soestdijk_be%C3%ABdigd_eerste_kabinetszitting_%280_52%29.png"], "identifier": ["525401"], "source": ["WEEKNUMMER523-HRE0000CEA9", "WEEKNUMMER523-HRE0000CEA9"], "language": ["nl"], "references": [null], "mediator": ["Wikimedia Commons"], "attributionName": ["Polygoon-Profilti (producent) / Nederlands Instituut voor Beeld en Geluid (beheerder)"], "attributionURL": ["https://www.openbeelden.nl/media/23915"], "license": ["https://creativecommons.org/licenses/by-sa/3.0/nl/"]}