{"title": ["Het inundatiegebied in Nederland weer bewoonbaar", "The inundated area in the Netherlands is habitable again"], "alternative": ["Weeknummer: 40-23", "Week number: 40-23"], "creator": ["Polygoon-Profilti (producent) / Nederlands Instituut voor Beeld en Geluid (beheerder)", "Polygoon-Profilti (producer) / Netherlands Institute for Sound and Vision (curator)"], "subject": ["oorlogsschade", "Grebbelinie", "Tweede Wereldoorlog", "inundaties", "war damage", "Grebbe line", "Second World War", "inundated areas"], "description": ["Bioscoopjournaals waarin Nederlandse onderwerpen van een bepaalde week worden gepresenteerd.", "Newsreels in which Dutch subjects of a certain week are presented."], "abstract": ["In de meidagen van 1940 werd in de omgeving van Rhenen bij de Grebbelinie land onder water gezet om de Duitsers tegen te houden. Arbeiders en Nederlandse(?) soldaten werken in het grotendeels weer drooggevallen gebied aan het opruimen van de toentertijd aangebrachte versperringen en de door het water en de gevechten veroorzaakte schade. Er wordt oa puin geruimd en prikkeldraad verwijderd. Mensen keren terug met huisraad naar hun huizen; Nederlandse(?) soldaten helpen met inruimen.   Tijdens de Tweede Wereldoorlog stonden de bioscoopjournaals van de filmfabrieken Polygoon en Profilti onder toezicht van de Duitse bezetter. Polygoon en Profilti moesten samenwerken met het Duitse filmverhuurkantoor Tobis. Vanaf 1 januari 1941 kreeg het bioscoopjournaal daarom de naam Tobis Nieuws. Tot in het najaar van 1944 werden onder deze naam door Polygoon en Profilti om de beurt journaals geproduceerd.", "In the May days of 1940 the surrounding area of Rhenen near the Grebbe line was flooded to stop the Germans. Workers and Dutch(?) soldiers work in the now largely dry again area to clean up the barricades that were put up and the damage that has been caused by the water and the fighting. O.a. the rubble and the barbed wire are removed. People return to their houses with their household goods; Dutch(?) soldiers help them move in.   During World War II the newsreels by film producers Polygoon and Profilti were controlled by the German occupiers. Polygoon and Profilti had to work together with the German film rental office Tobis. From January 1, 1941 the newsreels were therefore called Tobis News. Until the fall of 1944 newsreels under this name were produced alternately by Polygoon and Profilti."], "publisher": ["Nederlands Instituut voor Beeld en Geluid", "https://www.openbeelden.nl/users/beeldengeluid"], "date": ["1940-06-06"], "type": ["Moving Image"], "extent": ["PT1M3S"], "medium": ["https://www.openbeelden.nl/files/24/24314.24300.BG_5829.mp4", "https://www.openbeelden.nl/files/24/24308.24300.BG_5829.ogv", "https://www.openbeelden.nl/files/24/24311.24300.BG_5829.ogv", "https://www.openbeelden.nl/files/24/37829.24300.BG_5829.m3u8", "https://www.openbeelden.nl/files/24/37781.24300.BG_5829.ts", "https://www.openbeelden.nl/files/24/24304.24300.BG_5829.mpeg", "https://www.openbeelden.nl/files/24/24300.BG_5829.mpg", "https://www.openbeelden.nl/images/603438/Het_inundatiegebied_in_Nederland_weer_bewoonbaar_%280_31%29.png"], "identifier": ["28725"], "source": ["BG_5829", "BG_5829"], "language": ["nl"], "references": [null], "mediator": ["Wikimedia Commons"], "spatial": ["Nederland", "Rhenen", "Netherlands", "Rhenen"], "attributionName": ["Polygoon-Profilti (producent) / Nederlands Instituut voor Beeld en Geluid (beheerder)"], "attributionURL": ["https://www.openbeelden.nl/media/24301"], "license": ["https://creativecommons.org/publicdomain/mark/1.0/"]}