{"title": ["Plechtige begrafenis van 17 illegale strijders", "Solemn funeral of 17 illegal fighters"], "alternative": ["Weeknummer 45-43", "Week number 45-43"], "creator": ["Polygoon-Profilti (producent) / Nederlands Instituut voor Beeld en Geluid (beheerder)", "Polygoon-Profilti (producer) / Netherlands Institute for Sound and Vision (curator)"], "subject": ["Verzet", "Tweede Wereldoorlog", "begrafenissen", "Resistance", "Second World War", "funerals"], "description": ["Bioscoopjournaals waarin Nederlandse onderwerpen van een bepaalde week worden gepresenteerd.", "Newsreels in which Dutch subjects of a certain week are presented."], "abstract": ["Plechtige herbegrafenis te Amsterdam van zeventien in 1942 door de Duitsers vermoorde illegale strijders. SHOTS: -Lijkkisten worden in een begrafenisauto geschoven; -de begrafenisstoet begeeft zich door de straten van Amsterdam; -de kisten worden in een gemeenschappelijk graf begraven.", "Solemn reburial in Amsterdam of seventeen illegal fighters that were killed by the Germans in 1942. SHOTS: -Coffins are placed in a funeral car; -the funeral procession moves through the streets of Amsterdam; -the coffins are buried in a communal grave."], "publisher": ["Nederlands Instituut voor Beeld en Geluid", "https://www.openbeelden.nl/users/beeldengeluid"], "date": ["1945-10-19"], "type": ["Moving Image"], "extent": ["PT2M6S"], "medium": ["https://www.openbeelden.nl/files/24/24519.24506.WEEKNUMMER454-HRE0001B030.mp4", "https://www.openbeelden.nl/files/24/24513.24506.WEEKNUMMER454-HRE0001B030.ogv", "https://www.openbeelden.nl/files/24/24516.24506.WEEKNUMMER454-HRE0001B030.ogv", "https://www.openbeelden.nl/files/24/36012.24506.WEEKNUMMER454-HRE0001B030.m3u8", "https://www.openbeelden.nl/files/24/35961.24506.WEEKNUMMER454-HRE0001B030.ts", "https://www.openbeelden.nl/files/24/24510.24506.WEEKNUMMER454-HRE0001B030.mpeg", "https://www.openbeelden.nl/files/24/24506.WEEKNUMMER454-HRE0001B030.mpg", "https://www.openbeelden.nl/images/603560/Plechtige_begrafenis_van_17_illegale_strijders_%281_03%29.png"], "identifier": ["514973"], "source": ["WEEKNUMMER454-HRE0001B030", "WEEKNUMMER454-HRE0001B030"], "language": ["nl"], "references": [null], "mediator": ["Wikimedia Commons"], "attributionName": ["Polygoon-Profilti (producent) / Nederlands Instituut voor Beeld en Geluid (beheerder)"], "attributionURL": ["https://www.openbeelden.nl/media/24507"], "license": ["https://creativecommons.org/publicdomain/mark/1.0/"]}