{"title": ["Illegale werkers herdacht", "Illegal fighter commemorated"], "alternative": ["Weeknummer 45-40", "Week number 45-40"], "creator": ["Polygoon-Profilti (producent) / Nederlands Instituut voor Beeld en Geluid (beheerder)", "Polygoon-Profilti (producer) / Netherlands Institute for Sound and Vision (curator)"], "subject": ["Tweede Wereldoorlog", "Verzet", "onthullingen", "herdenkingen", "Second World War", "Resistance", "unveilings", "commemoration"], "description": ["Bioscoopjournaals waarin Nederlandse onderwerpen van een bepaalde week worden gepresenteerd.", "Newsreels in which Dutch subjects of a certain week are presented."], "abstract": ["Ter ere van de gefusilleerde verzetsstrijder Jan Thijssen wordt in zijn woonplaats Rijswijk bij zijn woonhuis \"Drievliet\" de \"Vlietweg\" plechtig omgedoopt tot \"Jan Thijssenweg\". De burgemeester van Rijswijk, mr. J.A.G.M. van Hellenberg Hubar, verricht de onthulling van het nieuwe naambord.", "In honour of the executed resistance fighter Jan Thijssen the \"Vlietweg\" is renamed \"Jan Thijssenweg\" in a solemn manner near his house \"Drievliet\" in his place of residence Rijswijk. The mayor of Rijswijk, mr. J.A.G.M. van Hellenberg Hubar, does the unveiling of the new sign."], "publisher": ["Nederlands Instituut voor Beeld en Geluid", "https://www.openbeelden.nl/users/beeldengeluid"], "date": ["1945-09-29"], "type": ["Moving Image"], "extent": ["PT38S"], "medium": ["https://www.openbeelden.nl/files/24/24646.24633.WEEKNUMMER454-HRE00029857.mp4", "https://www.openbeelden.nl/files/24/24640.24633.WEEKNUMMER454-HRE00029857.ogv", "https://www.openbeelden.nl/files/24/24643.24633.WEEKNUMMER454-HRE00029857.ogv", "https://www.openbeelden.nl/files/24/37946.24633.WEEKNUMMER454-HRE00029857.m3u8", "https://www.openbeelden.nl/files/24/37875.24633.WEEKNUMMER454-HRE00029857.ts", "https://www.openbeelden.nl/files/24/24637.24633.WEEKNUMMER454-HRE00029857.mpeg", "https://www.openbeelden.nl/files/24/24633.WEEKNUMMER454-HRE00029857.mpg", "https://www.openbeelden.nl/images/603555/Illegale_werkers_herdacht_%280_19%29.png"], "identifier": ["526227"], "source": ["WEEKNUMMER454-HRE00029857", "WEEKNUMMER454-HRE00029857"], "language": ["nl"], "references": [null], "mediator": ["Wikimedia Commons"], "attributionName": ["Polygoon-Profilti (producent) / Nederlands Instituut voor Beeld en Geluid (beheerder)"], "attributionURL": ["https://www.openbeelden.nl/media/24634"], "license": ["https://creativecommons.org/publicdomain/mark/1.0/"]}