{"title": ["Images for the future promo 1"], "alternative": ["Leader"], "creator": ["imagesforthefuture"], "subject": ["audiovisual", "heritage", "digitisation", "bvdt"], "description": ["Animation to demonstrate the scope of this large digitisation project. See also: www.imagesforthefuture.org"], "abstract": ["In the project, Image for the Future, six organizations save an important part of the audiovisual heritage of the Netherlands through conservation and digitization. The digitized material will be made available to education and to the public as broadly as possible. By contracting expertise and knowledge and by sharing experience, the foundations assist in the renewal the heritage sector."], "publisher": ["imagesforthefuture", "https://www.openbeelden.nl/users/imagesforthefuture"], "date": ["2010-06-01"], "type": ["Moving Image"], "extent": ["PT1M26S"], "medium": ["https://www.openbeelden.nl/files/24/24851.24838.bvdt_kickoff_small.mp4", "https://www.openbeelden.nl/files/24/24845.24838.bvdt_kickoff_small.ogv", "https://www.openbeelden.nl/files/24/24848.24838.bvdt_kickoff_small.ogv", "https://www.openbeelden.nl/files/24/35084.24838.bvdt_kickoff_small.m3u8", "https://www.openbeelden.nl/files/24/34995.24838.bvdt_kickoff_small.ts", "https://www.openbeelden.nl/files/24/24842.24838.bvdt_kickoff_small.mpeg", "https://www.openbeelden.nl/images/599895/Images_for_the_future_promo_1_%280_43%29.png"], "source": ["Images for the Future"], "language": ["nl"], "references": [null], "mediator": [null], "attributionName": ["imagesforthefuture"], "attributionURL": ["https://www.openbeelden.nl/media/24839"], "license": ["https://creativecommons.org/licenses/by-nc-sa/3.0/nl/"]}