{"title": ["Kerstviering 1958", "Christmas celebrations 1958"], "alternative": ["Weeknummer: 58-52", "Week number: 58-52"], "creator": ["Polygoon-Profilti (producent) / Nederlands Instituut voor Beeld en Geluid (beheerder)", "Polygoon-Profilti (producer) / Netherlands Institute for Sound and Vision (curator)"], "subject": ["Kerstmis", "zang"], "description": ["Bioscoopjournaals waarin Nederlandse onderwerpen van een bepaalde week worden gepresenteerd.", "Newsreels in which Dutch subjects of a certain week are presented."], "abstract": ["Volkskerstzang op het Binnenhof te Den Haag, met oa \"Komt allen tezamen\", \"De herdertjes lagen bij nachte\" en \"Ere zij God\". Vicaris de Wilde van het Jeugdkerkewerk der Hervormde Gemeente spreekt het openingswoord en burgemeester H.A.M.T. Kolfschoten leest het kerstevangelie uit Lucas en mevr. Renger van de Gereformeerde Jeugdraad bidt het \"Onze Vader\".", "Community Christmas singing at the Binnenhof in The Hague, with a.o. \"Komt allen tezamen\", \"De herdertjes lagen bij nachte\" en \"Ere zij God\". Vicar De Wilde of the Youth Church Work of the Protestant Congregation gives the opening speech and mayor H.A.M.T. Kolfschoten reads the Christmas gospel from Lucas and mrs. Renger of the Protestant Youth Council says the \"Our Father\"."], "publisher": ["Nederlands Instituut voor Beeld en Geluid", "https://www.openbeelden.nl/users/beeldengeluid"], "date": ["1958-12-22"], "type": ["Moving Image"], "extent": ["PT2M23S"], "medium": ["https://www.openbeelden.nl/files/BG/BG_34099.mp4", "https://www.openbeelden.nl/files/BG/BG_34099-512.ogg", "https://www.openbeelden.nl/files/BG/BG_34099.ogg", "https://www.openbeelden.nl/files/02/34119.BG_34099.m3u8", "https://www.openbeelden.nl/files/02/34027.BG_34099.ts", "https://www.openbeelden.nl/files/BG/BG_34099.mpg", "https://www.openbeelden.nl/images/602648/Kerstviering_1958_%281_11%29.png"], "identifier": ["28909"], "source": ["BG_34099", "BG_34099"], "language": ["nl"], "references": [null], "mediator": ["Wikimedia Commons"], "spatial": ["Nederland", "Den Haag"], "attributionName": ["Polygoon-Profilti (producent) / Nederlands Instituut voor Beeld en Geluid (beheerder)"], "attributionURL": ["https://www.openbeelden.nl/media/2521"], "license": ["https://creativecommons.org/licenses/by-sa/3.0/nl/"]}