{"title": ["Het proces tegen de zeven beulen", "The lawsuit against the seven tyrants"], "alternative": ["Weeknummer 48-49", "Week number 48-49"], "creator": ["Polygoon-Profilti (producent) / Nederlands Instituut voor Beeld en Geluid (beheerder)", "Polygoon-Profilti (producer) / Netherlands Institute for Sound and Vision (curator)"], "subject": ["executies", "Tweede Wereldoorlog", "verdachten", "oorlogsmisdaden", "vonnissen", "nationaalsocialisme", "Joden", "rechtszittingen", "beulen", "vervolging", "Jodenvervolging", "doodstraf", "angst", "rechtbanken", "verlaten", "jaren 40", "concentratiekampen", "processen: Yad Vashem", "executions", "Second World War", "suspects", "war crimes", "judgements", "national socialism", "Jews", "court meetings", "tyrants", "prosecution", "prosecution of the Jews", "death penalty", "fear", "courts", "1940&amp", "#039", "s", "concentration camps", "lawsuits"], "description": ["Bioscoopjournaals waarin Nederlandse onderwerpen van een bepaalde week worden gepresenteerd.", "Newsreels in which Dutch subjects of a certain week are presented."], "abstract": ["Voor het Bijzonder Gerechtshof in Amsterdam staat de Duitse kampleiding van het voormalige concentratiekamp Amersfoort terecht (van 16 t/m 23 november) wegens de door hen begane oorlogsmisdaden. Voorgeleid worden oa commandant K.P. Berg en zijn plaatsvervanger J.J. Kot\u00e4lla. Daarnaast staan terecht Wolf, Brahm, Oberle, Alscher en May. Het hof wordt voorgezeten door mr. J.A. van Hamel; procureur-fiscaal mr. Besier eist tegen alle verdachten de doodstraf. SHOTS: - ext. concentratiekamp Amersfoort; - int. rechtszaal: verdachten worden binnengeleid en gaan zitten; het hof komt binnen en neemt plaats; de president verzoekt de procureur-fiscaal zijn requisitoir uit te spreken.", "The German camp leadership of the former concentration camp Amersfoort stand trial in front of the Extraordinary Court of Justice in Amsterdam for the war crimes that they've committed. Brought before the Court are a.o. commander K.P. Berg and his subsitute J.J. Kot\u00e4lla. Also on trial are Wolf, Brahm, Oberle, Alscher and May. The court is chaired by J.A. van Hamel; Special Procurator Besier demands the death penalty for all the suspects. SHOTS: - ext. concentration camp Amersfoort; - int. courtroom: suspects are lead into the courtroom and sit down; the court enters and takes their place; the president asks the Special Procurator to deliver his closing speech."], "publisher": ["Nederlands Instituut voor Beeld en Geluid", "https://www.openbeelden.nl/users/beeldengeluid"], "date": ["1948-11-01"], "type": ["Moving Image"], "extent": ["PT3M26S"], "medium": ["https://www.openbeelden.nl/files/25/25369.25356.WEEKNUMMER484-HRE0000DF13.mp4", "https://www.openbeelden.nl/files/25/25363.25356.WEEKNUMMER484-HRE0000DF13.ogv", "https://www.openbeelden.nl/files/25/25366.25356.WEEKNUMMER484-HRE0000DF13.ogv", "https://www.openbeelden.nl/files/25/38074.25356.WEEKNUMMER484-HRE0000DF13.m3u8", "https://www.openbeelden.nl/files/25/38008.25356.WEEKNUMMER484-HRE0000DF13.ts", "https://www.openbeelden.nl/files/25/25360.25356.WEEKNUMMER484-HRE0000DF13.mpeg", "https://www.openbeelden.nl/files/25/25356.WEEKNUMMER484-HRE0000DF13.mpg", "https://www.openbeelden.nl/images/603847/Het_proces_tegen_de_zeven_beulen_%281_43%29.png"], "identifier": ["522145"], "source": ["WEEKNUMMER484-HRE0000DF13", "WEEKNUMMER484-HRE0000DF13"], "language": ["nl"], "references": [null], "mediator": ["Wikimedia Commons"], "attributionName": ["Polygoon-Profilti (producent) / Nederlands Instituut voor Beeld en Geluid (beheerder)"], "attributionURL": ["https://www.openbeelden.nl/media/25357"], "license": ["https://creativecommons.org/licenses/by-sa/3.0/nl/"], "hasformat": ["film"]}