{"title": ["Pierre de Gaulle, burgemeester van Parijs, bezoekt Den Haag", "Pierre de Gaulle, mayor of Paris, vsits The Hague"], "alternative": ["Weeknummer 50-29", "Week number 50-29"], "creator": ["Polygoon-Profilti (producent) / Nederlands Instituut voor Beeld en Geluid (beheerder)", "Polygoon-Profilti (producer) / Netherlands Institute for Sound and Vision (curator)"], "subject": ["burgemeesters", "kransleggingen", "gevangenissen", "mayors", "wreath layings", "prisons"], "description": ["Bioscoopjournaals waarin Nederlandse onderwerpen van een bepaalde week worden gepresenteerd.", "Newsreels in which Dutch subjects of a certain week are presented."], "abstract": ["De burgemeester van Parijs, Pierre de Gaulle, bezoekt met enkele leden van het Parijse gemeentebestuur in Den Haag het zgn. Oranjehotel, dwz de Scheveningse gevangenis waar in de oorlog vele verzetsstrijders gevangen hebben gezeten. De Gaulle legt een krans en bezoekt Dodencel 601, de cel waar vele veroordeelde verzetsstrijders hun laatste uren doorbrachten.", "The mayor of Paris, Pierre de Gaulle, and some members of the Parisian city council pay a visit the so-called Oranjehotel in The Hague, which is a Schevingen prison inwhich a lot of resistance fighters were locked up during the war. De Gaulle lays a wreath and visits Death cell 601, the cell were many resistance fighters spend their last hours."], "publisher": ["Nederlands Instituut voor Beeld en Geluid", "https://www.openbeelden.nl/users/beeldengeluid"], "date": ["1950-07-16"], "type": ["Moving Image"], "extent": ["PT1M8S"], "medium": ["https://www.openbeelden.nl/files/25/25508.25495.WEEKNUMMER502-HRE0000D6A6.mp4", "https://www.openbeelden.nl/files/25/25502.25495.WEEKNUMMER502-HRE0000D6A6.ogv", "https://www.openbeelden.nl/files/25/25505.25495.WEEKNUMMER502-HRE0000D6A6.ogv", "https://www.openbeelden.nl/files/25/38143.25495.WEEKNUMMER502-HRE0000D6A6.m3u8", "https://www.openbeelden.nl/files/25/38101.25495.WEEKNUMMER502-HRE0000D6A6.ts", "https://www.openbeelden.nl/files/25/25499.25495.WEEKNUMMER502-HRE0000D6A6.mpeg", "https://www.openbeelden.nl/files/25/25495.WEEKNUMMER502-HRE0000D6A6.mpg", "https://www.openbeelden.nl/images/603146/Pierre_de_Gaulle%2C_burgemeester_van_Parijs%2C_bezoekt_Den_Haag_%280_34%29.png"], "identifier": ["518420"], "source": ["WEEKNUMMER502-HRE0000D6A6", "WEEKNUMMER502-HRE0000D6A6"], "language": ["nl"], "references": [null], "mediator": ["Wikimedia Commons"], "attributionName": ["Polygoon-Profilti (producent) / Nederlands Instituut voor Beeld en Geluid (beheerder)"], "attributionURL": ["https://www.openbeelden.nl/media/25496"], "license": ["https://creativecommons.org/licenses/by-nc-nd/3.0/nl/"]}