{"title": ["HM's torpedobootjager 'Evertsen' terug", "H.M.'s torpedo-boat destroyer 'Evertsen' returns"], "alternative": ["Weeknummer 51-23", "Week number 51-23"], "creator": ["Polygoon-Profilti (producent) / Nederlands Instituut voor Beeld en Geluid (beheerder)", "Polygoon-Profilti (producer) / Netherlands Institute for Sound and Vision (curator)"], "subject": ["Koreaane oorlog", "Koninklijke Marine", "militaire vaartuigen", "Korean War", "Royal Navy", "militairy vessels"], "description": ["Bioscoopjournaals waarin Nederlandse onderwerpen van een bepaalde week worden gepresenteerd.", "Newsreels in which Dutch subjects of a certain week are presented."], "abstract": ["Op verzoek van de VN heeft de \"Evertsen\" van juli 1950 tot april 1951 dienst gedaan in de wateren rond Korea. Het schip is nu afgelost door de \"Van Galen\" en keert terug in de thuishaven Den Helder. SHOTS: - Het schip wordt aan de einder zichtbaar en komt langzaam naderbij; - op de kade wacht een enorme menigte zwaaiende familieleden; - het schip vaart de haven binnen; VN-vlag in top; bemanning aangetreden aan dek; - als het schip heeft aangelegd komen als eerste de vrouw en het dochtertje van commandant ltz I D.J. van Doorninck aan boord en begroeten hun man en vader; - de bemanningsleden stromen de wal op en begroeten hun verwanten; - familieleden gaan het schip op en lopen over het dek; - VN-vlag wappert aan de mast.", "At the request of the UN, the \"Evertsen\" has served in the waters around Korea from July 1950 until April 1951. The ship is now relieved by the \"Van Galen\" and returns to it's home port Den Helder. SHOTS: -The ship becomes visible on the horizon and approaches slowly; - on the quay a huge number of waving relatives awaits; - the ship enters the harbour; - UN-flag in the mast-head; crew lined up on deck; -when the ship has moored, the wife and daughter of the commander D.J. van Doorninck come aboard and greet their husband and father; - the crew members pour onto the quay and greet their relatives; - relatives go aboard and walk on the deck; - UN-flag blows on the mast."], "publisher": ["Nederlands Instituut voor Beeld en Geluid", "https://www.openbeelden.nl/users/beeldengeluid"], "date": ["1951-06-02"], "type": ["Moving Image"], "extent": ["PT1M5S"], "medium": ["https://www.openbeelden.nl/files/25/25959.25614.WEEKNUMMER512-HRE0001591F.mp4", "https://www.openbeelden.nl/files/25/737589.25614.WEEKNUMMER512-HRE0001591F_1759560_1824960.mp4", "https://www.openbeelden.nl/files/25/737592.25614.WEEKNUMMER512-HRE0001591F_1759560_1824960.mp4", "https://www.openbeelden.nl/files/25/737595.25614.WEEKNUMMER512-HRE0001591F_1759560_1824960.webm", "https://www.openbeelden.nl/files/25/25953.25614.WEEKNUMMER512-HRE0001591F.ogv", "https://www.openbeelden.nl/files/25/25956.25614.WEEKNUMMER512-HRE0001591F.ogv", "https://www.openbeelden.nl/files/25/737583.25614.WEEKNUMMER512-HRE0001591F_1759560_1824960.ogv", "https://www.openbeelden.nl/files/25/737586.25614.WEEKNUMMER512-HRE0001591F_1759560_1824960.ogv", "https://www.openbeelden.nl/files/25/38146.25614.WEEKNUMMER512-HRE0001591F.m3u8", "https://www.openbeelden.nl/files/25/737614.25614.WEEKNUMMER512_HRE0001591F_1759560_1824960.m3u8", "https://www.openbeelden.nl/files/25/38097.25614.WEEKNUMMER512-HRE0001591F_1759560_1824960.ts", "https://www.openbeelden.nl/files/25/25947.25614.WEEKNUMMER512-HRE0001591F_1759560_1824960.mpeg", "https://www.openbeelden.nl/files/25/25614.WEEKNUMMER512-HRE0001591F_1759560_1824960.mp4", "https://www.openbeelden.nl/images/737965/HM%27s_torpedobootjager_%27Evertsen%27_terug_%280_32%29.png"], "identifier": ["518405"], "source": ["WEEKNUMMER512-HRE0001591F", "WEEKNUMMER512-HRE0001591F"], "language": ["nl"], "references": [null], "mediator": ["Wikimedia Commons"], "attributionName": ["Polygoon-Profilti (producent) / Nederlands Instituut voor Beeld en Geluid (beheerder)"], "attributionURL": ["https://www.openbeelden.nl/media/25615"], "license": ["https://creativecommons.org/licenses/by-sa/3.0/nl/"]}