{"title": ["Het vertrek van de \"Van Galen\" naar Korea", "The departure of the 'Van Galen' to Korea"], "alternative": ["Weeknummer 51-12", "Week number 51-12"], "creator": ["Polygoon-Profilti (producent) / Nederlands Instituut voor Beeld en Geluid (beheerder)", "Polygoon-Profilti (producer) / Netherlands Institute for Sound and Vision (curator)"], "subject": ["Koreaanse oorlog", "Koninklijke Marine", "militaire vaartuigen", "Korean War", "Royal Navy", "militairy vessels"], "description": ["Bioscoopjournaals waarin Nederlandse onderwerpen van een bepaalde week worden gepresenteerd.", "Newsreels in which Dutch subjects of a certain week are presented."], "abstract": ["De Koninklijke Marine levert een bijdrage aan de vloot van de VN in de wateren van Korea. De \"Evertsen\" is daar nu al tien maanden. De torpedobootjager \"Van Galen\" vertrekt nu uit Den Helder om dit schip te gaan aflossen. SHOTS: - Het schip ligt voor de kade; verwanten gaan aan boord en nemen afscheid; - schip gooit los en vertrekt, nagewuifd door de achterblijvers.", "The Royal Navy contibutes to the UN fleet in the water of Korea. The \"Evertsen\" has been there for ten months already. The torpedo-boat hunter \"Van Galen\" now departs from Den Helder to relieve this ship. SHOTS: - The ship lays in front of the quay; relatives go aboard and bid them farewell; - the ship unmoors and departs, waved at by the stay-behinds."], "publisher": ["Nederlands Instituut voor Beeld en Geluid", "https://www.openbeelden.nl/users/beeldengeluid"], "date": ["1951-03-01"], "type": ["Moving Image"], "extent": ["PT51S"], "medium": ["https://www.openbeelden.nl/files/26/26028.26014.WEEKNUMMER511-HRE0001A380.mp4", "https://www.openbeelden.nl/files/26/737521.26014.WEEKNUMMER511-HRE0001A380_1897360_1949280.mp4", "https://www.openbeelden.nl/files/26/737524.26014.WEEKNUMMER511-HRE0001A380_1897360_1949280.mp4", "https://www.openbeelden.nl/files/26/737527.26014.WEEKNUMMER511-HRE0001A380_1897360_1949280.webm", "https://www.openbeelden.nl/files/26/26022.26014.WEEKNUMMER511-HRE0001A380.ogv", "https://www.openbeelden.nl/files/26/26025.26014.WEEKNUMMER511-HRE0001A380.ogv", "https://www.openbeelden.nl/files/26/737514.26014.WEEKNUMMER511-HRE0001A380_1897360_1949280.ogv", "https://www.openbeelden.nl/files/26/737517.26014.WEEKNUMMER511-HRE0001A380_1897360_1949280.ogv", "https://www.openbeelden.nl/files/26/38194.26014.WEEKNUMMER511-HRE0001A380.m3u8", "https://www.openbeelden.nl/files/26/737580.26014.WEEKNUMMER511_HRE0001A380_1897360_1949280.m3u8", "https://www.openbeelden.nl/files/26/38173.26014.WEEKNUMMER511-HRE0001A380_1897360_1949280.ts", "https://www.openbeelden.nl/files/26/26018.26014.WEEKNUMMER511-HRE0001A380_1897360_1949280.mpeg", "https://www.openbeelden.nl/files/26/26014.WEEKNUMMER511-HRE0001A380_1897360_1949280.mp4", "https://www.openbeelden.nl/images/738009/Het_vertrek_van_de_%22Van_Galen%22_naar_Korea_%280_25%29.png"], "identifier": ["518411"], "source": ["WEEKNUMMER511-HRE0001A380", "WEEKNUMMER511-HRE0001A380"], "language": ["nl"], "references": [null], "mediator": ["Wikimedia Commons"], "attributionName": ["Polygoon-Profilti (producent) / Nederlands Instituut voor Beeld en Geluid (beheerder)"], "attributionURL": ["https://www.openbeelden.nl/media/26015"], "license": ["https://creativecommons.org/licenses/by-sa/3.0/nl/"]}