{"title": ["Plechtige inwijding van Titus Brandsma Kapel in Nijmegen", "Solemn consecration of the Titus Brandsma Chapel in Nijmegen"], "alternative": ["Weeknummer 60-31", "Week number 60-31"], "creator": ["Polygoon-Profilti (producent) / Nederlands Instituut voor Beeld en Geluid (beheerder)", "Polygoon-Profilti (producer) / Netherlands Institute for Sound and Vision (curator)"], "subject": ["Kapellen", "Titus Brandsma Kapel", "Chapels", "Titus Brandsma Chapel"], "description": ["Bioscoopjournaals waarin Nederlandse onderwerpen van een bepaalde week worden gepresenteerd.", "Newsreels in which Dutch subjects of a certain week are presented."], "abstract": ["Inwijding van de Titus Brandsma Kapel in Nijmegen, vernoemd naar de in concentratiekamp Dachau omgekomen verzetsstrijder en pater, in aanwezigheid van oa minister-president J.E. de Quay en prof. C.P.M. Romme, fractievoorzitter van de KVP. Met oa een krans van een naar Brandsma vernoemde padvindersgroep uit Duitsland en een kleine tentoonstelling over het leven van Brandsma.", "Consecration of the Titus Brandsma Chapel in Nijmegen, named after the resistance fighter and father who died in concentration camp Dachau, in the presence of a.o. Prime Minister J.E. de Quay and prof. C.P.M. Romme, chairman of the KVP. With a.o. a wreath of a scouting group named after Brandsma from Germany and a small exhibition on the life of Brandsma."], "publisher": ["Nederlands Instituut voor Beeld en Geluid", "https://www.openbeelden.nl/users/beeldengeluid"], "date": ["1960-07-24"], "type": ["Moving Image"], "extent": ["PT1M22S"], "medium": ["https://www.openbeelden.nl/files/26/743971.26038.WEEKNUMMER603-HRE0001675D_2130440_2213000.mp4", "https://www.openbeelden.nl/files/26/743974.26038.WEEKNUMMER603-HRE0001675D_2130440_2213000.mp4", "https://www.openbeelden.nl/files/26/743977.26038.WEEKNUMMER603-HRE0001675D_2130440_2213000.webm", "https://www.openbeelden.nl/files/26/743965.26038.WEEKNUMMER603-HRE0001675D_2130440_2213000.ogv", "https://www.openbeelden.nl/files/26/743968.26038.WEEKNUMMER603-HRE0001675D_2130440_2213000.ogv", "https://www.openbeelden.nl/files/26/744106.26038.WEEKNUMMER603_HRE0001675D_2130440_2213000.m3u8", "https://www.openbeelden.nl/files/26/743980.26038.WEEKNUMMER603-HRE0001675D_2130440_2213000.ts", "https://www.openbeelden.nl/files/26/743962.26038.WEEKNUMMER603-HRE0001675D_2130440_2213000.mpeg", "https://www.openbeelden.nl/files/26/26038.WEEKNUMMER603-HRE0001675D_2130440_2213000.mp4", "https://www.openbeelden.nl/images/603835/Plechtige_inwijding_van_Titus_Brandsma_Kapel_in_Nijmegen_%280_41%29.png"], "identifier": ["519780"], "source": ["WEEKNUMMER603-HRE0001675D", "WEEKNUMMER603-HRE0001675D"], "language": ["nl"], "references": [null], "mediator": ["Wikimedia Commons"], "attributionName": ["Polygoon-Profilti (producent) / Nederlands Instituut voor Beeld en Geluid (beheerder)"], "attributionURL": ["https://www.openbeelden.nl/media/26039"], "license": ["https://creativecommons.org/licenses/by-sa/3.0/nl/"]}