{"title": ["300jarig bestaan van de hoofdsynagoge", "300 year existence of the main synagogue"], "alternative": ["Weeknummer 35-46", "Week number 35-46"], "creator": ["Polygoon-Profilti (producent) / Nederlands Instituut voor Beeld en Geluid (beheerder)", "Polygoon-Profilti (producer) / Netherlands Institute for Sound and Vision (curator)"], "subject": ["jubilea", "koren", "religieuze voorwerpen", "synagogen", "religieuze muziek", "joodse religie"], "description": ["Bioscoopjournaals waarin Nederlandse onderwerpen van een bepaalde week worden gepresenteerd.", "Newsreels in which Dutch subjects of a certain week are presented."], "abstract": ["Ter gelegenheid van het driehonderd jarig bestaan der Nederlands-Isra\u00eblitische Hoofdsynagoge te Amsterdam zingt het koor van deze synagoge olv dirigent S.H. Englander met solozang van chazzan (= voorzanger) I.E. Maroko. SHOTS: -Zangkoor en voorzanger, afgewisseld met shots int. synagoge en div. religieuze voorwerpen en afbeeldingen, totaal 2'50\".", "On the occasion of the threehundred year existence of the Dutch-Israelite Main Synagogue in Amsterdam, the choir of this synagogue sings, conducted by S.H. Englander and with a solo perfomance by chazzan (=cantor) I.E. Maroko. SHOTS: - Choir and cantor, altenated with shots of the int. synagogue and several religious artifacts and pictures, total 2'50\"."], "publisher": ["Nederlands Instituut voor Beeld en Geluid", "https://www.openbeelden.nl/users/beeldengeluid"], "date": ["1935-11-13"], "type": ["Moving Image"], "extent": ["PT2M53S"], "medium": ["https://www.openbeelden.nl/files/BG/WEEKNUMMER354-HRE00016AEE.mp4", "https://www.openbeelden.nl/files/BG/WEEKNUMMER354-HRE00016AEE-512.ogg", "https://www.openbeelden.nl/files/BG/WEEKNUMMER354-HRE00016AEE.ogg", "https://www.openbeelden.nl/files/02/34188.WEEKNUMMER354-HRE00016AEE.m3u8", "https://www.openbeelden.nl/files/02/34095.WEEKNUMMER354-HRE00016AEE.ts", "https://www.openbeelden.nl/files/BG/WEEKNUMMER354-HRE00016AEE.mpg", "https://www.openbeelden.nl/images/602642/300jarig_bestaan_van_de_hoofdsynagoge_%281_26%29.png"], "identifier": ["510931"], "source": ["WEEKNUMMER354-HRE00016AEE"], "language": ["nl"], "references": [null], "mediator": ["Wikimedia Commons"], "spatial": ["Amsterdam", "Nederland"], "attributionName": ["Polygoon-Profilti (producent) / Nederlands Instituut voor Beeld en Geluid (beheerder)"], "attributionURL": ["https://www.openbeelden.nl/media/2645"], "license": ["https://creativecommons.org/publicdomain/mark/1.0/"]}