{"title": ["St. Maartensviering", "St. Martin's Day celebrations"], "alternative": ["Weeknummer: 61-47", "Week number: 61-47"], "creator": ["Polygoon-Profilti (producent) / Nederlands Instituut voor Beeld en Geluid (beheerder)", "Polygoon-Profilti (producer) / Netherlands Institute for Sound and Vision (curator)"], "subject": ["Sint Maarten", "kinderen", "Saint Martin", "children"], "description": ["Bioscoopjournaals waarin Nederlandse onderwerpen van een bepaalde week worden gepresenteerd.", "Newsreels in which Dutch subjects of a certain week are presented."], "abstract": ["Kinderen maken lampions voor Sint Maarten. In Koog a/d Zaan lopen kinderen in een optocht met hun lampions door de straat, waarna een jury de lampions beoordeelt. 's Avonds gaan kinderen langs de deuren.", "Children make lanterns for Saint Martin's Day. The children walk with their lanterns in a parade through the streets in Koog aan de Zaan, after which a jury judges the lanterns. In the evening the children go from door to door."], "publisher": ["Nederlands Instituut voor Beeld en Geluid", "https://www.openbeelden.nl/users/beeldengeluid"], "date": ["1961-11-11"], "type": ["Moving Image"], "extent": ["PT1M23S"], "medium": ["https://www.openbeelden.nl/files/27/680955.27280.WEEKNUMMER614-HRE00003F8F_720000_804000.mp4", "https://www.openbeelden.nl/files/27/680958.27280.WEEKNUMMER614-HRE00003F8F_720000_804000.mp4", "https://www.openbeelden.nl/files/27/27334.27280.BG_34132.mp4", "https://www.openbeelden.nl/files/27/680961.27280.WEEKNUMMER614-HRE00003F8F_720000_804000.webm", "https://www.openbeelden.nl/files/27/680949.27280.WEEKNUMMER614-HRE00003F8F_720000_804000.ogv", "https://www.openbeelden.nl/files/27/680952.27280.WEEKNUMMER614-HRE00003F8F_720000_804000.ogv", "https://www.openbeelden.nl/files/27/27328.27280.BG_34132.ogv", "https://www.openbeelden.nl/files/27/27331.27280.BG_34132.ogv", "https://www.openbeelden.nl/files/27/38396.27280.BG_34132.m3u8", "https://www.openbeelden.nl/files/27/680964.27280.WEEKNUMMER614_HRE00003F8F_720000_804000.m3u8", "https://www.openbeelden.nl/files/27/38315.27280.WEEKNUMMER614-HRE00003F8F_720000_804000.ts", "https://www.openbeelden.nl/files/27/27284.27280.WEEKNUMMER614-HRE00003F8F_720000_804000.mpeg", "https://www.openbeelden.nl/files/27/27280.WEEKNUMMER614-HRE00003F8F_720000_804000.mp4", "https://www.openbeelden.nl/images/681525/St._Maartensviering_%280_41%29.png"], "identifier": ["28839"], "source": ["WEEKNUMMER614-HRE00003F8F", "BG_34132"], "language": ["nl"], "references": [null], "mediator": ["Wikimedia Commons"], "spatial": ["Koog aan de Zaan", "Nederland"], "attributionName": ["Polygoon-Profilti (producent) / Nederlands Instituut voor Beeld en Geluid (beheerder)"], "attributionURL": ["https://www.openbeelden.nl/media/27281"], "license": ["https://creativecommons.org/licenses/by-sa/3.0/nl/"], "hasformat": ["film"]}