{"title": ["Bruiloft te Giethoorn", "Wedding in Giethoorn"], "alternative": ["Weeknummer 47-34", "Week number 47-34"], "creator": ["Polygoon-Profilti (producent) / Nederlands Instituut voor Beeld en Geluid (beheerder)", "Polygoon-Profilti (producer) / Netherlands Institute for Sound and Vision (curator)"], "subject": ["huwelijken", "klederdrachten", "weddings", "traditional attires"], "description": ["Bioscoopjournaals waarin Nederlandse onderwerpen van een bepaalde week worden gepresenteerd.", "Newsreels in which Dutch subjects of a certain week are presented."], "abstract": ["In Giethoorn begeven bruidspaar (in klederdracht) en gasten zich per versierde punter naar het stadhuis.", "Bride an groom (in traditional attire) and guests go in a decorated punt to the town hall in Giethoorn."], "publisher": ["Nederlands Instituut voor Beeld en Geluid", "https://www.openbeelden.nl/users/beeldengeluid"], "date": ["1947-08-07"], "type": ["Moving Image"], "extent": ["PT1M6S"], "medium": ["https://www.openbeelden.nl/files/27/805161.27685.WEEKNUMMER473-HRE0000CE66_1431560_1498360.mp4", "https://www.openbeelden.nl/files/27/805164.27685.WEEKNUMMER473-HRE0000CE66_1431560_1498360.webm", "https://www.openbeelden.nl/files/27/27729.27685.WEEKNUMMER473-HRE0000CE66_1431560_1498360.ogv", "https://www.openbeelden.nl/files/27/38534.27685.WEEKNUMMER473-HRE0000CE66.m3u8", "https://www.openbeelden.nl/files/27/805199.27685.WEEKNUMMER473_HRE0000CE66_1431560_1498360.m3u8", "https://www.openbeelden.nl/files/27/38474.27685.WEEKNUMMER473-HRE0000CE66.ts", "https://www.openbeelden.nl/files/27/805167.27685.WEEKNUMMER473-HRE0000CE66_1431560_1498360.ts", "https://www.openbeelden.nl/files/27/27689.27685.WEEKNUMMER473-HRE0000CE66.mpeg", "https://www.openbeelden.nl/files/27/27685.WEEKNUMMER473-HRE0000CE66_1431560_1498360.mp4", "https://www.openbeelden.nl/images/808044/Bruiloft_te_Giethoorn_%280_33%29.png"], "identifier": ["516168"], "source": ["WEEKNUMMER473-HRE0000CE66", "WEEKNUMMER473-HRE0000CE66"], "language": ["nl"], "references": [null], "mediator": ["Wikimedia Commons"], "attributionName": ["Polygoon-Profilti (producent) / Nederlands Instituut voor Beeld en Geluid (beheerder)"], "attributionURL": ["https://www.openbeelden.nl/media/27686"], "license": ["https://creativecommons.org/publicdomain/mark/1.0/"]}