{"title": ["Het traditionele sk\u00fbtsjesilen", "The traditional sk\u00fbtsjesilen"], "alternative": ["Weeknummer 52-32", "Week number 52-32"], "creator": ["Polygoon-Profilti (producent) / Nederlands Instituut voor Beeld en Geluid (beheerder)", "Polygoon-Profilti (producer) / Netherlands Institute for Sound and Vision (curator)"], "description": ["Bioscoopjournaals waarin Nederlandse onderwerpen van een bepaalde week worden gepresenteerd.", "Newsreels in which Dutch subjects of a certain week are presented."], "abstract": ["Op het Pikmeer bij Grouw worden een wedstrijd voor traditionele Friese zeilschepen gehouden. Zes grote zeilvrachtschepen worden naar de start gesleept. Op dat punt hijsen ze de zeilen en varen op windkracht verder.", "A race for traditional Frisian sailing boats is held at the Pikmeer near Grouw. Six large sailing cargo ships are towed to the start. At that point they hoist the sails and sail to the wind."], "publisher": ["Nederlands Instituut voor Beeld en Geluid", "https://www.openbeelden.nl/users/beeldengeluid"], "date": ["1952-08-01"], "type": ["Moving Image"], "extent": ["PT51S"], "medium": ["https://www.openbeelden.nl/files/27/27935.27828.WEEKNUMMER523-HRE0000CEA4.mp4", "https://www.openbeelden.nl/files/27/27929.27828.WEEKNUMMER523-HRE0000CEA4.ogv", "https://www.openbeelden.nl/files/27/27932.27828.WEEKNUMMER523-HRE0000CEA4.ogv", "https://www.openbeelden.nl/files/27/38564.27828.WEEKNUMMER523-HRE0000CEA4.m3u8", "https://www.openbeelden.nl/files/27/38501.27828.WEEKNUMMER523-HRE0000CEA4.ts", "https://www.openbeelden.nl/files/27/27832.27828.WEEKNUMMER523-HRE0000CEA4.mpeg", "https://www.openbeelden.nl/files/27/27828.WEEKNUMMER523-HRE0000CEA4.mpg", "https://www.openbeelden.nl/images/603787/Het_traditionele_sk%C3%BBtsjesilen_%280_25%29.png"], "identifier": ["511429"], "source": ["WEEKNUMMER523-HRE0000CEA4", "WEEKNUMMER523-HRE0000CEA4"], "language": ["nl"], "references": [null], "mediator": ["Wikimedia Commons"], "attributionName": ["Polygoon-Profilti (producent) / Nederlands Instituut voor Beeld en Geluid (beheerder)"], "attributionURL": ["https://www.openbeelden.nl/media/27829"], "license": ["https://creativecommons.org/licenses/by-sa/3.0/nl/"]}