{"title": ["Rembrandt tentoonstelling verlengd", "Rembrandt exhibition extended"], "alternative": ["Weeknummer 69-46", "Week number 69-46"], "creator": ["Polygoon-Profilti (producent) / Nederlands Instituut voor Beeld en Geluid (beheerder)", "Polygoon-Profilti (producer) / Netherlands Institute for Sound and Vision (curator)"], "subject": ["Rijksmuseum", "schilderijen", "tentoonstellingen", "Rijksmuseum", "paintings", "exhibitions"], "description": ["Bioscoopjournaals waarin Nederlandse onderwerpen van een bepaalde week worden gepresenteerd.", "Newsreels in which Dutch subjects of a certain week are presented."], "abstract": ["De Rembrandttentoonstelling in het Rijksmuseum te Amsterdam, ihkv zijn 300-ste sterfdag, is vanwege de grote belangstelling verlengd tot 9 december. Met beelden van wachtende mensen voor de ingang, de kassa, drukte in de zalen en een schoonmaker in de zaal na sluitingstijd. Met reacties (in beeld en buiten beeld) van mensen over de tentoonstelling.", "The Rembrandt exhibition in the Rijksmuseum in Amsterdam, on the occasion of his 300th day of death, has been extended until December 9 because of the huge interest. With shots of people waiting in line for the entrance, crowds in the halls and a cleaner in the hall after closing time. With reactions by people on the exhibition (on and off screen)."], "publisher": ["Nederlands Instituut voor Beeld en Geluid", "https://www.openbeelden.nl/users/beeldengeluid"], "date": ["1969-11-01"], "type": ["Moving Image"], "extent": ["PT2M10S"], "medium": ["https://www.openbeelden.nl/files/28/28280.28161.WEEKNUMMER694-HRE0000E883.mp4", "https://www.openbeelden.nl/files/28/28274.28161.WEEKNUMMER694-HRE0000E883.ogv", "https://www.openbeelden.nl/files/28/28277.28161.WEEKNUMMER694-HRE0000E883.ogv", "https://www.openbeelden.nl/files/28/38650.28161.WEEKNUMMER694-HRE0000E883.m3u8", "https://www.openbeelden.nl/files/28/38576.28161.WEEKNUMMER694-HRE0000E883.ts", "https://www.openbeelden.nl/files/28/28165.28161.WEEKNUMMER694-HRE0000E883.mpeg", "https://www.openbeelden.nl/files/28/28161.WEEKNUMMER694-HRE0000E883.mpg", "https://www.openbeelden.nl/images/603551/Rembrandt_tentoonstelling_verlengd_%281_05%29.png"], "identifier": ["509087"], "source": ["WEEKNUMMER694-HRE0000E883", "WEEKNUMMER694-HRE0000E883"], "language": ["nl"], "references": [null], "mediator": ["Wikimedia Commons"], "attributionName": ["Polygoon-Profilti (producent) / Nederlands Instituut voor Beeld en Geluid (beheerder)"], "attributionURL": ["https://www.openbeelden.nl/media/28162"], "license": ["https://creativecommons.org/licenses/by-sa/3.0/nl/"]}