{"title": ["Internationale stertocht voor motorboten", "International race for motor boats"], "alternative": ["Weeknummer 38-29", "Week number 38-29"], "creator": ["Polygoon-Profilti (producent) / Nederlands Instituut voor Beeld en Geluid (beheerder)", "Polygoon-Profilti (producer) / Netherlands Institute for Sound and Vision (curator)"], "subject": ["pleziervaartuigen", "motorboten", "Pavillon d&amp", "#039", "Or", "pleasure boats", "motor boats", "Pavillon d'Or"], "description": ["Bioscoopjournaals waarin Nederlandse onderwerpen van een bepaalde week worden gepresenteerd.", "Newsreels in which Dutch subjects of a certain week are presented."], "abstract": ["De internationale stertocht voor motorboten om de \"Pavillon d'Or\" te Vlissingen. SHOTS: - motorboten in jachthaven; - groot aantal motorjachten en mensen aan boord van de jachten, tijdens de vaartocht (vanaf varende boot gefilmd); - hond met soort slofjes op een boot.", "The international race for motor boats for the \"Pavillon d'Or\" in Vlissingen. SHOTS: - motor boats in the marina; - large number of motor yachts and people aboard the yachts, during the sailing (filmed from a boat); - dog with some sort of slippers on a boat."], "publisher": ["Nederlands Instituut voor Beeld en Geluid", "https://www.openbeelden.nl/users/beeldengeluid"], "date": ["1938-07-19"], "type": ["Moving Image"], "extent": ["PT1M1S"], "medium": ["https://www.openbeelden.nl/files/28/28736.28616.WEEKNUMMER382-HRE00016A78.mp4", "https://www.openbeelden.nl/files/28/28730.28616.WEEKNUMMER382-HRE00016A78.ogv", "https://www.openbeelden.nl/files/28/28733.28616.WEEKNUMMER382-HRE00016A78.ogv", "https://www.openbeelden.nl/files/28/38665.28616.WEEKNUMMER382-HRE00016A78.m3u8", "https://www.openbeelden.nl/files/28/38617.28616.WEEKNUMMER382-HRE00016A78.ts", "https://www.openbeelden.nl/files/28/28620.28616.WEEKNUMMER382-HRE00016A78.mpeg", "https://www.openbeelden.nl/files/28/28616.WEEKNUMMER382-HRE00016A78.mpg", "https://www.openbeelden.nl/images/603542/Internationale_stertocht_voor_motorboten_%280_30%29.png"], "identifier": ["516222"], "source": ["WEEKNUMMER382-HRE00016A78", "WEEKNUMMER382-HRE00016A78"], "language": ["nl"], "references": [null], "mediator": ["Wikimedia Commons"], "attributionName": ["Polygoon-Profilti (producent) / Nederlands Instituut voor Beeld en Geluid (beheerder)"], "attributionURL": ["https://www.openbeelden.nl/media/28617"], "license": ["https://creativecommons.org/publicdomain/mark/1.0/"]}