{"title": ["Gestrande tanker", "Stranded tanker"], "alternative": ["Weeknummer 67-34", "Week number 67-34"], "creator": ["Polygoon-Profilti (producent) / Nederlands Instituut voor Beeld en Geluid (beheerder)", "Polygoon-Profilti (producer) / Netherlands Institute for Sound and Vision (curator)"], "subject": ["Odila", "sleepboten", "British Lantern", "tankers", "Odila", "tugboats", "British lantern", "tankers"], "description": ["Bioscoopjournaals waarin Nederlandse onderwerpen van een bepaalde week worden gepresenteerd.", "Newsreels in which Dutch subjects of a certain week are presented."], "abstract": ["De Britse tanker British Lantern is gestrand op de zandplaat van Everinge in de Westerschelde. Na een eerste mislukte poging om met 16 sleepboten de tanker vlot te trekken, wordt een deel van de lading olie, wegens een kans op breken van de tanker, overgepompt in lichters. Daarbij wordt de Belgische lichter Odila door een explosie lek geslagen en het schip wordt aan de grond gezet, waarbij een grote hoeveelheid olie in het water terecht komt. Bij een volgend hoog water lukt het de tanker los te trekken.", "The British tanker British Lantern is stranded at the sandbar of Everinge in the Western Scheldt. After a failed attempt to set the tanker afloat with 16 tugboats, a part of the oil load is pumped over to lighters because there is a change the tanker will break. During the pumping the Belgian lighter Odila is stove in after an explosion and the ship is set aground. A large quantity of oil ends up in the water. During the next the they manage to set the tanker afloat."], "publisher": ["Nederlands Instituut voor Beeld en Geluid", "https://www.openbeelden.nl/users/beeldengeluid"], "date": ["1967-08-01"], "type": ["Moving Image"], "extent": ["PT1M47S"], "medium": ["https://www.openbeelden.nl/files/28/28921.28907.WEEKNUMMER673-HRE0000D037.mp4", "https://www.openbeelden.nl/files/28/28915.28907.WEEKNUMMER673-HRE0000D037.ogv", "https://www.openbeelden.nl/files/28/28918.28907.WEEKNUMMER673-HRE0000D037.ogv", "https://www.openbeelden.nl/files/28/38769.28907.WEEKNUMMER673-HRE0000D037.m3u8", "https://www.openbeelden.nl/files/28/38698.28907.WEEKNUMMER673-HRE0000D037.ts", "https://www.openbeelden.nl/files/28/28911.28907.WEEKNUMMER673-HRE0000D037.mpeg", "https://www.openbeelden.nl/files/28/28907.WEEKNUMMER673-HRE0000D037.mpg", "https://www.openbeelden.nl/images/603535/Gestrande_tanker_%280_53%29.png"], "identifier": ["518111"], "source": ["WEEKNUMMER673-HRE0000D037", "WEEKNUMMER673-HRE0000D037"], "language": ["nl"], "references": [null], "mediator": ["Wikimedia Commons"], "attributionName": ["Polygoon-Profilti (producent) / Nederlands Instituut voor Beeld en Geluid (beheerder)"], "attributionURL": ["https://www.openbeelden.nl/media/28908"], "license": ["https://creativecommons.org/licenses/by-sa/3.0/nl/"]}