{"title": ["Heropening van het Rembrandtplein", "Reopening of the Rembrandtplein"], "alternative": ["Weeknummer: 24-27", "Week number: 24-27"], "creator": ["Polygoon-Profilti (producent) / Nederlands Instituut voor Beeld en Geluid (beheerder)", "Polygoon-Profilti (producer) / Netherlands Institute for Sound and Vision (curator)"], "subject": ["openingen", "meisjes", "hoofddeksels", "kransleggingen", "standbeelden", "openings", "girls", "hats", "wreath layings", "statues"], "description": ["Bioscoopjournaals waarin Nederlandse onderwerpen van een bepaalde week worden gepresenteerd.", "Newsreels in which Dutch subjects of a certain week are presented."], "abstract": ["Raar bewegend shot van het Rembrandtmonument, 10\" Twee shots van delegatie op weg naar het standbeeld, vier meisjes met grote strikken en bloemenmandjes, heren met hoge hoeden en krans, 11\". Groep heren in jacquet en met hoge hoeden poseert voor standbeeld, 29\".", "Weird moving shot of the monument of Rembrandt, 10\". Two shots of a delegation walking towards the statue, four girls with large ribbons and flower baskets, men with top hats and a wreath, 11\". Group of men in tailcoat and with top hats pose in front of the statue, 29\"."], "publisher": ["Nederlands Instituut voor Beeld en Geluid", "https://www.openbeelden.nl/users/beeldengeluid"], "date": ["1924-09-01"], "type": ["Moving Image"], "extent": ["PT52S"], "medium": ["https://www.openbeelden.nl/files/29/29380.29357.BG_28386.mp4", "https://www.openbeelden.nl/files/29/29374.29357.BG_28386.ogv", "https://www.openbeelden.nl/files/29/29377.29357.BG_28386.ogv", "https://www.openbeelden.nl/files/29/38867.29357.BG_28386.m3u8", "https://www.openbeelden.nl/files/29/38843.29357.BG_28386.ts", "https://www.openbeelden.nl/files/29/29361.29357.BG_28386.mpeg", "https://www.openbeelden.nl/files/29/29357.BG_28386.mpg", "https://www.openbeelden.nl/images/603524/Heropening_van_het_Rembrandtplein_%280_26%29.png"], "identifier": ["29484"], "source": ["BG_28386", "BG_28386"], "language": ["nl"], "references": [null], "mediator": ["Wikimedia Commons"], "attributionName": ["Polygoon-Profilti (producent) / Nederlands Instituut voor Beeld en Geluid (beheerder)"], "attributionURL": ["https://www.openbeelden.nl/media/29358"], "license": ["https://creativecommons.org/publicdomain/mark/1.0/"]}