{"title": ["Klompenmakerij van Baas Riphagen", "The clogging workshop of Baas Riphagen"], "alternative": ["Weeknummer 25-28", "Week number 25-28"], "creator": ["Polygoon-Profilti (producent) / Nederlands Instituut voor Beeld en Geluid (beheerder)", "Polygoon-Profilti (producer) / Netherlands Institute for Sound and Vision (curator)"], "subject": ["hout", "klompenmakers", "Riphagen", "arbeid", "kinderen", "houthakkers", "vrouwen", "mannen", "houtindustrie", "meisjes", "boerderijen", "ezels", "klompen", "markten", "vee", "marktkooplui", "bomen", "kippen", "jaren &amp", "#039", "20", "arbeiders", "houtbewerkers", "wood", "clog makers", "Riphagen", "labour", "children", "lumberjacks", "women", "men", "wood industry", "girls", "farms", "donkeys", "clogs", "markets", "cattle", "market salesmen", "trees", "chicken", "twenties", "workers", "wood workers"], "description": ["Bioscoopjournaals waarin Nederlandse onderwerpen van een bepaalde week worden gepresenteerd.", "Newsreels in which Dutch subjects of a certain week are presented."], "abstract": ["De productie van klompen in het kort: -het zagen (met een zaag, bediend door twee personen) en klieven van hout 40\"; -cu blok hout, al de vorm van een klomp 10\"; het bewerken van klompen 3\"; het verhandelen van een partij klompen, opgestapeld op een kruiwagen 12\"; het verhandelen van klompen 9\" wellicht op de klompenmarkt te Epe; -kleuter in en bij een reuzeklomp; meisje op een ezel 5\".", "The production of clogs in short: - the sawing (with a saw operated by two persons) and cleaving of wood 40\"; - close up of a piece of wood, already shaped like a clog 10\"; the working of the clogs 3\"; the selling of a party of clogs, stacked in a wheelbarrow 9\"maybe on the clog market in Epe; - preschooler in and near a giant clog; girl on a donkey 5\"."], "publisher": ["Nederlands Instituut voor Beeld en Geluid", "https://www.openbeelden.nl/users/beeldengeluid"], "date": ["1925-09-02"], "type": ["Moving Image"], "extent": ["PT1M39S"], "medium": ["https://www.openbeelden.nl/files/29/29503.29459.WEEKNUMMER252-HRE0000C80E.mp4", "https://www.openbeelden.nl/files/29/29497.29459.WEEKNUMMER252-HRE0000C80E.ogv", "https://www.openbeelden.nl/files/29/29500.29459.WEEKNUMMER252-HRE0000C80E.ogv", "https://www.openbeelden.nl/files/29/38849.29459.WEEKNUMMER252-HRE0000C80E.m3u8", "https://www.openbeelden.nl/files/29/38828.29459.WEEKNUMMER252-HRE0000C80E.ts", "https://www.openbeelden.nl/files/29/29463.29459.WEEKNUMMER252-HRE0000C80E.mpeg", "https://www.openbeelden.nl/files/29/29459.WEEKNUMMER252-HRE0000C80E.mpg", "https://www.openbeelden.nl/images/603520/Klompenmakerij_van_Baas_Riphagen_%280_49%29.png"], "identifier": ["510165"], "source": ["WEEKNUMMER252-HRE0000C80E", "WEEKNUMMER252-HRE0000C80E"], "language": ["nl"], "references": [null], "mediator": ["Wikimedia Commons"], "spatial": ["Epe", "Nederland", "Oene"], "attributionName": ["Polygoon-Profilti (producent) / Nederlands Instituut voor Beeld en Geluid (beheerder)"], "attributionURL": ["https://www.openbeelden.nl/media/29460"], "license": ["https://creativecommons.org/publicdomain/mark/1.0/"], "hasformat": ["film"]}