{"title": ["Laatste dag van de zevenjaarlijkse Heiligdomsvaart", "Final day of the seventh annual Sanctuary Procession"], "alternative": ["Weeknummer: 76-37", "Week number: 76-37"], "creator": ["Polygoon-Profilti (producent) / Nederlands Instituut voor Beeld en Geluid (beheerder)", "Polygoon-Profilti (producer) / Netherlands Institute for Sound and Vision (curator)"], "subject": ["processies", "heiligenbeelden", "Heiligdomsvaart", "religies"], "description": ["Bioscoopjournaals waarin Nederlandse onderwerpen van een bepaalde week worden gepresenteerd.", "Newsreels in which Dutch subjects of a certain week are presented."], "abstract": ["Eens in de zeven jaar vindt de Heiligdomsvaart plaats in Maastricht, ditmaal trekt de religieuze manifestatie circa een kwart miljoen bezoekers. SHOTS: stoet trekt over Vrijthof, gadegeslagen door o.a. kardinaal Willebrands, bisschop Gijsen van Roermond en minister Dries van Agt, Mariabeeld, borstbeelden en de schrijnen van St. Lambertus en Sint Servaas uit Luik worden meegedragen in processie, die door het centrum van Maastricht en over de Sint Servaasbrug voert.", "Once every seven years the Sanctuary Procession takes place in Maastricht, this time the religious happening draws in almost a quarter of a million people. SHOTS: procession moves across the Vrijthof, watched by a.o. cardinal Willebrands, bishop Gijsen van Roermond and minister Dries van Agt; Maria statue, busts and the shrines of St. Lambertus and Saint Servaas from Li\u00e8ge are carried in the procession, which leads through the centre of Maatsricht and across the Saint Servaas bridge."], "publisher": ["Nederlands Instituut voor Beeld en Geluid", "https://www.openbeelden.nl/users/beeldengeluid"], "date": ["1976-01-01"], "type": ["Moving Image"], "extent": ["PT1M56S"], "medium": ["https://www.openbeelden.nl/files/BG/BG_9755.mp4", "https://www.openbeelden.nl/files/BG/BG_9755.ogg", "https://www.openbeelden.nl/files/BG/BG_9755-512.ogg", "https://www.openbeelden.nl/files/02/34318.BG_9755.m3u8", "https://www.openbeelden.nl/files/02/34226.BG_9755.ts", "https://www.openbeelden.nl/files/BG/BG_9755.mpg", "https://www.openbeelden.nl/images/602627/Laatste_dag_van_de_zevenjaarlijkse_Heiligdomsvaart_%280_58%29.png"], "identifier": ["33112"], "source": ["BG_9755", "BG_9755"], "language": ["nl"], "references": [null], "mediator": ["Wikimedia Commons"], "spatial": ["Maastricht", "Vrijthof", "Nederland"], "attributionName": ["Polygoon-Profilti (producent) / Nederlands Instituut voor Beeld en Geluid (beheerder)"], "attributionURL": ["https://www.openbeelden.nl/media/2960"], "license": ["https://creativecommons.org/licenses/by-sa/3.0/nl/"]}