{"title": ["Herdenking van Eisinga", "Commemoration of Eisinga"], "alternative": ["Weeknummer 28-21", "Week number 28-21"], "creator": ["Polygoon-Profilti (producent) / Nederlands Instituut voor Beeld en Geluid (beheerder)", "Polygoon-Profilti (producer) / Netherlands Institute for Sound and Vision (curator)"], "subject": ["planetaria", "onthullingen", "herdenkingen", "planetariums", "unveilings", "commemorations"], "description": ["Bioscoopjournaals waarin Nederlandse onderwerpen van een bepaalde week worden gepresenteerd.", "Newsreels in which Dutch subjects of a certain week are presented."], "abstract": ["Herdenking van bouwer planetarium Eise Eisinga te Franeker. -Div. shots ext. planetarium 07\"; -onthulling monument en kranslegging, totaal 23\"; -cu gezicht EE op monument 06\".", "Commemoration of the maker of the planetarium in Frankeker, Eise Eisinga. - Several shots of ext. planetarium 07\"; - unveiling of the monument and laying of wreaths, total 23\"; -close up of the face of E.E. on the monument 06\"."], "publisher": ["Nederlands Instituut voor Beeld en Geluid", "https://www.openbeelden.nl/users/beeldengeluid"], "date": ["1928-08-23"], "type": ["Moving Image"], "extent": ["PT42S"], "medium": ["https://www.openbeelden.nl/files/29/29669.29635.WEEKNUMMER282-HRE000169AC.mp4", "https://www.openbeelden.nl/files/29/29663.29635.WEEKNUMMER282-HRE000169AC.ogv", "https://www.openbeelden.nl/files/29/29666.29635.WEEKNUMMER282-HRE000169AC.ogv", "https://www.openbeelden.nl/files/29/38957.29635.WEEKNUMMER282-HRE000169AC.m3u8", "https://www.openbeelden.nl/files/29/38897.29635.WEEKNUMMER282-HRE000169AC.ts", "https://www.openbeelden.nl/files/29/29639.29635.WEEKNUMMER282-HRE000169AC.mpeg", "https://www.openbeelden.nl/files/29/29635.WEEKNUMMER282-HRE000169AC.mpg", "https://www.openbeelden.nl/images/603516/Herdenking_van_Eisinga_%280_21%29.png"], "identifier": ["510840"], "source": ["WEEKNUMMER282-HRE000169AC", "WEEKNUMMER282-HRE000169AC"], "language": ["nl"], "references": [null], "mediator": ["Wikimedia Commons"], "attributionName": ["Polygoon-Profilti (producent) / Nederlands Instituut voor Beeld en Geluid (beheerder)"], "attributionURL": ["https://www.openbeelden.nl/media/29636"], "license": ["https://creativecommons.org/publicdomain/mark/1.0/"]}