{"title": ["Plechtige afkondiging van de grondwetswijziging: de zitting van de Hoge Raad der Nederlanden", "Solemn promulgation of a constitutional amendment: the meeting of the Supreme Court of the Netherlands"], "alternative": ["Weeknummer 38-08", "Week number 38-08"], "creator": ["Polygoon-Profilti (producent) / Nederlands Instituut voor Beeld en Geluid (beheerder)", "Polygoon-Profilti (producer) / Netherlands Institute for Sound and Vision (curator)"], "subject": ["Hoge Raad der Nederlanden", "grondwetten", "wetgeving", "Supreme Court of the Netherlands", "constitutions", "law"], "description": ["Bioscoopjournaals waarin Nederlandse onderwerpen van een bepaalde week worden gepresenteerd.", "Newsreels in which Dutch subjects of a certain week are presented."], "abstract": ["Plechtige afkondiging van de grondwetswijziging inzake vijf onderwerpen (Staatsblad nrs. 101, 102, 103, 104 en 105) en de bekendmaking van deze wijzigingen in diverse plaatsen in Nederland. SHOTS: - de afkondiging van de grondwetswijziging in een open zitting, voorgezeten door de president van de Hoge Raad der Nederlanden, jhr. mr. R.H. Feith. De afkondiging van de wetswijzinging wordt gedaan door de waarnemend procureur-generaal mr. W.J. Berger, waarna de griffier mr. H.J. Kist de wijziging voorleest; - diverse stadsbeelden van Amsterdam, Rotterdam, Marken en Hemmen en de verkondiging van de grondwetswijziging in Amsterdam door secretaris S.J. van Lier en burgemeester W. de Vlugt, secretaris Smeding te Rotterdam, de burgemeester van Marken dhr. Verheul en de burgemeester van Hemmen (gemeente Valburg) dhr. den Hartog. Aantekening: Plaatsnaam in titellijst Polygoon: \"Heumen\" (i.p.v. \"Hemmen\"). Vanaf de beelden van Amsterdam, ontbreekt het geluid.", "Solemn promulgation of the constitutional amendment concerning five subjects (Law Gazette nrs. 101, 102, 103, 104 en 105) and the announcement of these amendments in several places in the Netherlands. SHOTS: - the promulagtion of the constitutional amendment in an open meeting, chaired by the president of the Supreme Court of the Netherlands, esquire mr. R.H. Feith. The promulgation of the amendment is done by the acting Procurator-General mr. W.J. Berger, after which the clerk mr. H.J. Kist reads the amendment aloud; - several city shots of Amsterdam, Rotterdam, Marken and Hemmen and the announcement of the constitutional amendment in Amsterdam by secretary S.J. van Lier and mayor W. de Vlugt, secretary Smeding in Rotterdam, and mayor of Marken dhr. Verheul and the mayor of Hemmen (municipality Valburg) dhr. den Hartog. Note: City name of title list Polygoon: \"Heumen\" (in stead of \"Hemmen\"). From the footage of Amsterdam onwards, there is no sound."], "publisher": ["Nederlands Instituut voor Beeld en Geluid", "https://www.openbeelden.nl/users/beeldengeluid"], "date": ["1938-02-22"], "type": ["Moving Image"], "extent": ["PT3M29S"], "medium": ["https://www.openbeelden.nl/files/30/30060.30009.WEEKNUMMER380-HRE00011EC5.mp4", "https://www.openbeelden.nl/files/30/30054.30009.WEEKNUMMER380-HRE00011EC5.ogv", "https://www.openbeelden.nl/files/30/30057.30009.WEEKNUMMER380-HRE00011EC5.ogv", "https://www.openbeelden.nl/files/30/38975.30009.WEEKNUMMER380-HRE00011EC5.m3u8", "https://www.openbeelden.nl/files/30/38909.30009.WEEKNUMMER380-HRE00011EC5.ts", "https://www.openbeelden.nl/files/30/30013.30009.WEEKNUMMER380-HRE00011EC5.mpeg", "https://www.openbeelden.nl/files/30/30009.WEEKNUMMER380-HRE00011EC5.mpg", "https://www.openbeelden.nl/images/603504/Plechtige_afkondiging_van_de_grondwetswijziging_de_zitting_van_de_Hoge_Raad_der_Nederlanden_%281_44%29.png"], "identifier": ["523310"], "source": ["WEEKNUMMER380-HRE00011EC5", "WEEKNUMMER380-HRE00011EC5"], "language": ["nl"], "references": [null], "mediator": ["Wikimedia Commons"], "attributionName": ["Polygoon-Profilti (producent) / Nederlands Instituut voor Beeld en Geluid (beheerder)"], "attributionURL": ["https://www.openbeelden.nl/media/30010"], "license": ["https://creativecommons.org/publicdomain/mark/1.0/"]}