{"title": ["Dirk Oosterveer demonstreert staaltjes van golftechniek", "Dirk Oosterveer demonstrates golf techniques "], "alternative": ["Weeknummer 39-16", "Week number 39-16"], "creator": ["Polygoon-Profilti (producent) / Nederlands Instituut voor Beeld en Geluid (beheerder)", "Polygoon-Profilti (producer) / Netherlands Institute for Sound and Vision (curator)"], "subject": ["golf", "trainers", "golf", "trainers"], "description": ["Bioscoopjournaals waarin Nederlandse onderwerpen van een bepaalde week worden gepresenteerd.", "Newsreels in which Dutch subjects of a certain week are presented."], "abstract": ["Demonstratie van div. trucs door de Haagse golf-trainer Dirk Oosterveer, waarbij hij oa een golfbal met effect langs een andere bal laat rollen en een bal van een tee slaat die in de mond van een liggende man is geplaatst.", "Demonstration of several tricks by the The Hague golf trainer Dirk Oosterveer, in which he a.o. lets a golf ball roll past aother ball with effect and swings a ball from a tee that has been placed in the mouth of a man lying down."], "publisher": ["Nederlands Instituut voor Beeld en Geluid", "https://www.openbeelden.nl/users/beeldengeluid"], "date": ["1939-04-18"], "type": ["Moving Image"], "extent": ["PT1M10S"], "medium": ["https://www.openbeelden.nl/files/30/30210.30178.WEEKNUMMER391-HRE0000E15D.mp4", "https://www.openbeelden.nl/files/30/30204.30178.WEEKNUMMER391-HRE0000E15D.ogv", "https://www.openbeelden.nl/files/30/30207.30178.WEEKNUMMER391-HRE0000E15D.ogv", "https://www.openbeelden.nl/files/30/39050.30178.WEEKNUMMER391-HRE0000E15D.m3u8", "https://www.openbeelden.nl/files/30/39013.30178.WEEKNUMMER391-HRE0000E15D.ts", "https://www.openbeelden.nl/files/30/30182.30178.WEEKNUMMER391-HRE0000E15D.mpeg", "https://www.openbeelden.nl/files/30/30178.WEEKNUMMER391-HRE0000E15D.mpg", "https://www.openbeelden.nl/images/603500/Dirk_Oosterveer_demonstreert_staaltjes_van_golftechniek_%280_35%29.png"], "identifier": ["507048"], "source": ["WEEKNUMMER391-HRE0000E15D", "WEEKNUMMER391-HRE0000E15D"], "language": ["nl"], "references": [null], "mediator": ["Wikimedia Commons"], "attributionName": ["Polygoon-Profilti (producent) / Nederlands Instituut voor Beeld en Geluid (beheerder)"], "attributionURL": ["https://www.openbeelden.nl/media/30179"], "license": ["https://creativecommons.org/publicdomain/mark/1.0/"]}