{"title": ["Restauratie van het stadhuis", "Restoration of the town hall"], "alternative": ["Weeknummer 49-50", "Week number 49-50"], "creator": ["Polygoon-Profilti (producent) / Nederlands Instituut voor Beeld en Geluid (beheerder)", "Polygoon-Profilti (producer) / Netherlands Institute for Sound and Vision (curator)"], "subject": ["gemeentehuizen", "town halls"], "description": ["Bioscoopjournaals waarin Nederlandse onderwerpen van een bepaalde week worden gepresenteerd.", "Newsreels in which Dutch subjects of a certain week are presented."], "abstract": ["Het stadhuis van Gouda wordt gerestaureerd. SHOTS: Div. shots ext. + int. gemeentehuis, v\u00f3\u00f3r en na de restauratie.", "The town hall of Gouda is being restored. SHOTS: Several of the ext. + int. of the town hall, before and after the restoration."], "publisher": ["Nederlands Instituut voor Beeld en Geluid", "https://www.openbeelden.nl/users/beeldengeluid"], "date": ["1949-12-01"], "type": ["Moving Image"], "extent": ["PT57S"], "medium": ["https://www.openbeelden.nl/files/30/30660.30615.WEEKNUMMER495-HRE0000CAB3.mp4", "https://www.openbeelden.nl/files/30/30654.30615.WEEKNUMMER495-HRE0000CAB3.ogv", "https://www.openbeelden.nl/files/30/30657.30615.WEEKNUMMER495-HRE0000CAB3.ogv", "https://www.openbeelden.nl/files/30/39095.30615.WEEKNUMMER495-HRE0000CAB3.m3u8", "https://www.openbeelden.nl/files/30/39059.30615.WEEKNUMMER495-HRE0000CAB3.ts", "https://www.openbeelden.nl/files/30/30619.30615.WEEKNUMMER495-HRE0000CAB3.mpeg", "https://www.openbeelden.nl/files/30/30615.WEEKNUMMER495-HRE0000CAB3.mpg", "https://www.openbeelden.nl/images/603491/Restauratie_van_het_stadhuis_%280_28%29.png"], "identifier": ["515469"], "source": ["WEEKNUMMER495-HRE0000CAB3", "WEEKNUMMER495-HRE0000CAB3"], "language": ["nl"], "references": [null], "mediator": ["Wikimedia Commons"], "attributionName": ["Polygoon-Profilti (producent) / Nederlands Instituut voor Beeld en Geluid (beheerder)"], "attributionURL": ["https://www.openbeelden.nl/media/30616"], "license": ["https://creativecommons.org/licenses/by-sa/3.0/nl/"]}