{"title": ["Achter de schermen van het Rijksmuseum", "Behind the scenes of the Rijksmuseum"], "alternative": ["Weeknummer 50-11", "Week number 50-11"], "creator": ["Polygoon-Profilti (producent) / Nederlands Instituut voor Beeld en Geluid (beheerder)", "Polygoon-Profilti (producer) / Netherlands Institute for Sound and Vision (curator)"], "subject": ["musea", "beeldhouwwerken", "Rijksmuseum", "schilderijen", "museums", "sculptures", "Rijksmuseum", "paintings"], "description": ["Bioscoopjournaals waarin Nederlandse onderwerpen van een bepaalde week worden gepresenteerd.", "Newsreels in which Dutch subjects of a certain week are presented."], "abstract": ["De gang van zaken achter de schermen van het Rijksmuseum te Amsterdam: wat gebeurt er allemaal buiten de expositiezalen? SHOTS: - Een bezoeker van het museum (gespeeld door Henk van Ulsen) wandelt door de zalen rond, catalogus in de hand, gluurt nieuwsgierig achter een gordijn en verlaat het museum; - een zaal waar pas een tentoonstelling is geweest, wordt ontruimd; tentoonstellingsstukken staan nog kris kras door elkaar; medewerkers verslepen een schilderij of dragen een beeld weg; - in werkplaatsen zijn mensen bezig met herstel en onderhoud van de collectie: een houten beeld wordt ge\u00efnjecteerd met een vloeistof tegen houtworm; in de lijstenmakerij wordt een beschadigde lijst gerepareerd; in een atelier worden beschadigde gobelins en wandtapijten bijgewerkt; een helm van een harnas wordt uitgedeukt; - andere medewerkers zijn aan het werk in de dep\u00f4ts voor schilderijen en beeldhouwwerken.", "The daily routine behind the scenes of the Rijksmuseum in Amsterdam: what happens outside of the exhibition halls? SHOTS: - A visitor of the museum (played by Henk van Ulsen) walks around the halls, a catalogue in his hand, peeks curiously behind a curtain and leaves the museum; - a hall where there was an exhibition recently is cleared; exhibition pieces stand scattered in the hall; employees carry a painting or take away a statue; - people are busy with preserving and restoring the collection in workshops: a wooden statue is injected with fluid to fight woodworm; a damaged frame is repaired in a framer's workshop; the damaged Gobelins and tapestries are restored in a workshop; dents are beat out of a helmet of an armour; - other employees are at work in the depot for paintings and sculptures."], "publisher": ["Nederlands Instituut voor Beeld en Geluid", "https://www.openbeelden.nl/users/beeldengeluid"], "date": ["1950-02-19"], "type": ["Moving Image"], "extent": ["PT2M49S"], "medium": ["https://www.openbeelden.nl/files/30/30701.30640.WEEKNUMMER501-HRE0000E80C.mp4", "https://www.openbeelden.nl/files/30/30695.30640.WEEKNUMMER501-HRE0000E80C.ogv", "https://www.openbeelden.nl/files/30/30698.30640.WEEKNUMMER501-HRE0000E80C.ogv", "https://www.openbeelden.nl/files/30/39239.30640.WEEKNUMMER501-HRE0000E80C.m3u8", "https://www.openbeelden.nl/files/30/39143.30640.WEEKNUMMER501-HRE0000E80C.ts", "https://www.openbeelden.nl/files/30/30644.30640.WEEKNUMMER501-HRE0000E80C.mpeg", "https://www.openbeelden.nl/files/30/30640.WEEKNUMMER501-HRE0000E80C.mpg", "https://www.openbeelden.nl/images/603489/Achter_de_schermen_van_het_Rijksmuseum_%281_24%29.png"], "identifier": ["510345"], "source": ["WEEKNUMMER501-HRE0000E80C", "WEEKNUMMER501-HRE0000E80C"], "language": ["nl"], "references": [null], "mediator": ["Wikimedia Commons"], "attributionName": ["Polygoon-Profilti (producent) / Nederlands Instituut voor Beeld en Geluid (beheerder)"], "attributionURL": ["https://www.openbeelden.nl/media/30641"], "license": ["https://creativecommons.org/licenses/by-sa/3.0/nl/"]}