{"title": ["Het \"kraaiennest\" omhoog in de Euromast", "The \"round-top\" taken to the top of the Euromast"], "alternative": ["Weeknummer 59-29", "Week number 59-29"], "creator": ["Polygoon-Profilti (producent) / Nederlands Instituut voor Beeld en Geluid (beheerder)", "Polygoon-Profilti (producer) / Netherlands Institute for Sound and Vision (curator)"], "subject": ["bouwactiviteiten", "torens", "Euromast", "building activities", "towers", "Euromast"], "description": ["Bioscoopjournaals waarin Nederlandse onderwerpen van een bepaalde week worden gepresenteerd.", "Newsreels in which Dutch subjects of a certain week are presented."], "abstract": ["Het kraaiennest van de Euromast wordt met hydraulische persen naar de top op 100m hoogte geduwd en telkens gestut.", "The round-top of the Euromast is pushed to the top of the Euromast at 100 meter by hydraulic presses and is supported repeatedly."], "publisher": ["Nederlands Instituut voor Beeld en Geluid", "https://www.openbeelden.nl/users/beeldengeluid"], "date": ["1959-07-09"], "type": ["Moving Image"], "extent": ["PT1M36S"], "medium": ["https://www.openbeelden.nl/files/31/31174.31114.WEEKNUMMER592-HRE00016688.mp4", "https://www.openbeelden.nl/files/31/31168.31114.WEEKNUMMER592-HRE00016688.ogv", "https://www.openbeelden.nl/files/31/31171.31114.WEEKNUMMER592-HRE00016688.ogv", "https://www.openbeelden.nl/files/31/39278.31114.WEEKNUMMER592-HRE00016688.m3u8", "https://www.openbeelden.nl/files/31/39191.31114.WEEKNUMMER592-HRE00016688.ts", "https://www.openbeelden.nl/files/31/31118.31114.WEEKNUMMER592-HRE00016688.mpeg", "https://www.openbeelden.nl/files/31/31114.WEEKNUMMER592-HRE00016688.mpg", "https://www.openbeelden.nl/images/600628/Het_%22kraaiennest%22_omhoog_in_de_Euromast_%280_48%29.png"], "identifier": ["516771"], "source": ["WEEKNUMMER592-HRE00016688", "WEEKNUMMER592-HRE00016688"], "language": ["nl"], "references": [null], "mediator": ["Wikimedia Commons"], "attributionName": ["Polygoon-Profilti (producent) / Nederlands Instituut voor Beeld en Geluid (beheerder)"], "attributionURL": ["https://www.openbeelden.nl/media/31115"], "license": ["https://creativecommons.org/licenses/by-sa/3.0/nl/"]}