{"title": ["Afscheid van Neerlands kunstschatbewaarder", "Farewell of the Dutch art treasure keeper"], "alternative": ["Weeknummer 59-49", "Week number 59-49"], "creator": ["Polygoon-Profilti (producent) / Nederlands Instituut voor Beeld en Geluid (beheerder)", "Polygoon-Profilti (producer) / Netherlands Institute for Sound and Vision (curator)"], "subject": ["onderscheidingen", "beeldhouwwerken", "directeuren", "Rijksmuseum", "musea", "schilderijen", "decorations", "sculptures", "directors", "Rijksmuseum", "museums", "paintings"], "description": ["Bioscoopjournaals waarin Nederlandse onderwerpen van een bepaalde week worden gepresenteerd.", "Newsreels in which Dutch subjects of a certain week are presented."], "abstract": ["In aanwezigheid van zijn opvolger A. van Schendel wordt jhr. D.C. Ro\u00ebll bij zijn afscheid als hoofddirecteur van het Rijksmuseum door minister J.M.L.T. Cals in een toespraak gehuldigd. In aanwezigheid van beeldhouwster Charlotte van Pallandt onthult Cals een beeld van Ro\u00ebll. Tot slot wordt Ro\u00ebll benoemt tot grootofficier in de huisorde van Oranje. Verder het int. van het museum dat door Ro\u00ebll geheel is aangepast, oa De Nachtwacht en andere schilderijen van Rembrandt, vroeg-Nederlandse schilderkunst, kabinetten voor miniaturen en zalen met meubilair.", "At his farewell as director of the Rijksmuseum, esquire Ro\u00ebll is honoured in a speech by Minister J.M.L.T. Cals in the presence of his replacement A. Van Schendel. A statue of Ro\u00ebll is unveiled by Cals in the presence of scupltor Charlotte van Palland. Finally Ro\u00ebll becomes Grand Officer in the Order of Orange-Nassau. Also the interior of the museum, which was completely changed by Ro\u00ebll, a.o. De Nachtwacht (The Night Watch) and other paintings by Rembrandt, early Dutch paintings, cabintes for miniatures and halls with furniture."], "publisher": ["Nederlands Instituut voor Beeld en Geluid", "https://www.openbeelden.nl/users/beeldengeluid"], "date": ["1959-11-28"], "type": ["Moving Image"], "extent": ["PT2M6S"], "medium": ["https://www.openbeelden.nl/files/31/31177.WEEKNUMMER594-HRE000169FF.mpg", "https://www.openbeelden.nl/images/603779/Afscheid_van_Neerlands_kunstschatbewaarder_%281_03%29.png"], "identifier": ["518784"], "source": ["WEEKNUMMER594-HRE000169FF", "WEEKNUMMER594-HRE000169FF"], "language": ["nl"], "references": [null], "mediator": ["Wikimedia Commons"], "attributionName": ["Polygoon-Profilti (producent) / Nederlands Instituut voor Beeld en Geluid (beheerder)"], "attributionURL": ["https://www.openbeelden.nl/media/31178"], "license": ["https://creativecommons.org/licenses/by-sa/3.0/nl/"]}