{"title": ["Rotterdam krijgt metro", "Rotterdam gets an underground"], "alternative": ["Weeknummer 60-47", "Week number 60-47"], "creator": ["Polygoon-Profilti (producent) / Nederlands Instituut voor Beeld en Geluid (beheerder)", "Polygoon-Profilti (producer) / Netherlands Institute for Sound and Vision (curator)"], "subject": ["bouwactiviteiten", "onthullingen", "heien", "building activities", "unveilings", "driving piles"], "description": ["Bioscoopjournaals waarin Nederlandse onderwerpen van een bepaalde week worden gepresenteerd.", "Newsreels in which Dutch subjects of a certain week are presented."], "abstract": ["Mr. Gieben, secretaris-generaal van het ministerie van Verkeer en Waterstaat, heit bij het Centraal Station aan de Coolsingel te Rotterdam de eerste damwand voor de aanleg van de metro. In aanwezigheid van burgemeester G.E. van Walsum wordt bij de Maasoever een bord over de aanleg van de metro onthult. Verder een schaalmodel van de metrotunnel.", "Mr. Gieben, sceretary-general of the Ministry of Transport, Public Works and Water Management, drives sheet piles for the first retaining wall for the construction of the underground near the Central Station at the Coolsingel in Rotterdam. Near the banks of the Meuse a sign about the construction of the subway is unveiled in the presence of G.E. van Walsum. Also a scale model of the tunnel."], "publisher": ["Nederlands Instituut voor Beeld en Geluid", "https://www.openbeelden.nl/users/beeldengeluid"], "date": ["1960-11-14"], "type": ["Moving Image"], "extent": ["PT1M32S"], "medium": ["https://www.openbeelden.nl/files/31/31350.31337.WEEKNUMMER604-HRE00016EF2.mp4", "https://www.openbeelden.nl/files/31/31344.31337.WEEKNUMMER604-HRE00016EF2.ogv", "https://www.openbeelden.nl/files/31/31347.31337.WEEKNUMMER604-HRE00016EF2.ogv", "https://www.openbeelden.nl/files/31/39266.31337.WEEKNUMMER604-HRE00016EF2.m3u8", "https://www.openbeelden.nl/files/31/39179.31337.WEEKNUMMER604-HRE00016EF2.ts", "https://www.openbeelden.nl/files/31/31341.31337.WEEKNUMMER604-HRE00016EF2.mpeg", "https://www.openbeelden.nl/files/31/31337.WEEKNUMMER604-HRE00016EF2.mpg", "https://www.openbeelden.nl/images/600625/Rotterdam_krijgt_metro_%280_46%29.png"], "identifier": ["524761"], "source": ["WEEKNUMMER604-HRE00016EF2", "WEEKNUMMER604-HRE00016EF2"], "language": ["nl"], "references": [null], "mediator": ["Wikimedia Commons"], "attributionName": ["Polygoon-Profilti (producent) / Nederlands Instituut voor Beeld en Geluid (beheerder)"], "attributionURL": ["https://www.openbeelden.nl/media/31338"], "license": ["https://creativecommons.org/licenses/by-sa/3.0/nl/"]}