{"title": ["Stapelloop miniatuurtanker", "Launching of miniature tanker"], "alternative": ["Weeknummer 61-19", "Week number 61-19"], "creator": ["Polygoon-Profilti (producent) / Nederlands Instituut voor Beeld en Geluid (beheerder)", "Polygoon-Profilti (producer) / Netherlands Institute for Sound and Vision (curator)"], "subject": ["Madurodam", "tankers", "miniaturen", "tewaterlatingen", "Maudrodam", "tankers", "miniatures", "launchings"], "description": ["Bioscoopjournaals waarin Nederlandse onderwerpen van een bepaalde week worden gepresenteerd.", "Newsreels in which Dutch subjects of a certain week are presented."], "abstract": ["Een kleindochter van Verolme doopt in Madurodam een naar haar grootvader genoemde ertstanker, onder toezicht van haar grootvader.", "A granddaughter of Verolme christens an ore carrier named after her grandfather in Madurodam, looked on by her grandfather."], "publisher": ["Nederlands Instituut voor Beeld en Geluid", "https://www.openbeelden.nl/users/beeldengeluid"], "date": ["1961-05-02"], "type": ["Moving Image"], "extent": ["PT53S"], "medium": ["https://www.openbeelden.nl/files/31/31367.31354.WEEKNUMMER611-HRE000169D9.mp4", "https://www.openbeelden.nl/files/31/31361.31354.WEEKNUMMER611-HRE000169D9.ogv", "https://www.openbeelden.nl/files/31/31364.31354.WEEKNUMMER611-HRE000169D9.ogv", "https://www.openbeelden.nl/files/31/39382.31354.WEEKNUMMER611-HRE000169D9.m3u8", "https://www.openbeelden.nl/files/31/39328.31354.WEEKNUMMER611-HRE000169D9.ts", "https://www.openbeelden.nl/files/31/31358.31354.WEEKNUMMER611-HRE000169D9.mpeg", "https://www.openbeelden.nl/files/31/31354.WEEKNUMMER611-HRE000169D9.mpg", "https://www.openbeelden.nl/images/603776/Stapelloop_miniatuurtanker_%280_26%29.png"], "identifier": ["525863"], "source": ["WEEKNUMMER611-HRE000169D9", "WEEKNUMMER611-HRE000169D9"], "language": ["nl"], "references": [null], "mediator": ["Wikimedia Commons"], "attributionName": ["Polygoon-Profilti (producent) / Nederlands Instituut voor Beeld en Geluid (beheerder)"], "attributionURL": ["https://www.openbeelden.nl/media/31355"], "license": ["https://creativecommons.org/licenses/by-sa/3.0/nl/"]}