{"title": ["Europoort", "Europoort"], "alternative": ["Weeknummer 67-04", "Week number 67-04"], "creator": ["Polygoon-Profilti (producent) / Nederlands Instituut voor Beeld en Geluid (beheerder)", "Polygoon-Profilti (producer) / Netherlands Institute for Sound and Vision (curator)"], "subject": ["bouwactiviteiten", "raffinaderijen", "havens", "NISO", "building activities", "refineries", "harbours", "NISO"], "description": ["Bioscoopjournaals waarin Nederlandse onderwerpen van een bepaalde week worden gepresenteerd.", "Newsreels in which Dutch subjects of a certain week are presented."], "abstract": ["De uitbreiding van de haven van Rotterdam in verband met het drukke scheepvaartverkeer in de oude haven. Zand wordt in de Europoort opgespoten en vormt nieuwe bouwgrond. Raffinaderijen zijn gebouwd en havens voor de mammoettankers zijn gereed. De hopperzuiger Van Hattem zuigt een proefgeul in de haven. Het opgezogen zand wordt opgespoten op de nieuwe bouwgrond. De mammoettanker Niso, de grootste tanker ooit in Rotterdam, ligt afgemeerd in de Europoort.", "The expansion of the harbour of Rotterdam because of the busy shipping traffic in the old harbour. Sand is used to raise the land in the Europoort to create new building land. Refineries have been built and the harbours for the tanker are finished. The suction hopper dredger Van Hattum sucks a test channel in the harbour. The sucked up sand is used to raise the new building land. The tanker Niso, the largest ever built in Rotterdam, lies moored in the Europoort."], "publisher": ["Nederlands Instituut voor Beeld en Geluid", "https://www.openbeelden.nl/users/beeldengeluid"], "date": ["1967-01-01"], "type": ["Moving Image"], "extent": ["PT2M43S"], "medium": ["https://www.openbeelden.nl/files/31/31874.31751.WEEKNUMMER670-HRE00015F04.mp4", "https://www.openbeelden.nl/files/31/31868.31751.WEEKNUMMER670-HRE00015F04.ogv", "https://www.openbeelden.nl/files/31/31871.31751.WEEKNUMMER670-HRE00015F04.ogv", "https://www.openbeelden.nl/files/31/39412.31751.WEEKNUMMER670-HRE00015F04.m3u8", "https://www.openbeelden.nl/files/31/39342.31751.WEEKNUMMER670-HRE00015F04.ts", "https://www.openbeelden.nl/files/31/31755.31751.WEEKNUMMER670-HRE00015F04.mpeg", "https://www.openbeelden.nl/files/31/31751.WEEKNUMMER670-HRE00015F04.mpg", "https://www.openbeelden.nl/images/600619/Europoort_%281_21%29.png"], "identifier": ["523124"], "source": ["WEEKNUMMER670-HRE00015F04", "WEEKNUMMER670-HRE00015F04"], "language": ["nl"], "references": [null], "mediator": ["Wikimedia Commons"], "attributionName": ["Polygoon-Profilti (producent) / Nederlands Instituut voor Beeld en Geluid (beheerder)"], "attributionURL": ["https://www.openbeelden.nl/media/31752"], "license": ["https://creativecommons.org/licenses/by-sa/3.0/nl/"]}