{"title": ["Uitbreiding haven", "Expansion of the harbour"], "alternative": ["Weeknummer 69-24", "Week number 69-24"], "creator": ["Polygoon-Profilti (producent) / Nederlands Instituut voor Beeld en Geluid (beheerder)", "Polygoon-Profilti (producer) / Netherlands Institute for Sound and Vision (curator)"], "subject": ["bouwactiviteiten", "havens", "dijken", "building activities", "harbours", "dykes"], "description": ["Bioscoopjournaals waarin Nederlandse onderwerpen van een bepaalde week worden gepresenteerd.", "Newsreels in which Dutch subjects of a certain week are presented."], "abstract": ["De uitbreiding van de haven van Rotterdam op het eiland Rozenburg en de opgespoten Maasvlakte. Met speciale vaartuigen worden betonblokken aangebracht voor een dijk rond het opgespoten land.", "The expansion of the harbour of Rotterdam at the island Rozenburg and the raised Maasvlakte. The concrete blocks for a dyke around the raised land are put there by special vessels."], "publisher": ["Nederlands Instituut voor Beeld en Geluid", "https://www.openbeelden.nl/users/beeldengeluid"], "date": ["1969-06-01"], "type": ["Moving Image"], "extent": ["PT2M35S"], "medium": ["https://www.openbeelden.nl/files/31/32002.31881.WEEKNUMMER692-HRE0001DC57.mp4", "https://www.openbeelden.nl/files/31/31996.31881.WEEKNUMMER692-HRE0001DC57.ogv", "https://www.openbeelden.nl/files/31/31999.31881.WEEKNUMMER692-HRE0001DC57.ogv", "https://www.openbeelden.nl/files/31/39493.31881.WEEKNUMMER692-HRE0001DC57.m3u8", "https://www.openbeelden.nl/files/31/39427.31881.WEEKNUMMER692-HRE0001DC57.ts", "https://www.openbeelden.nl/files/31/31885.31881.WEEKNUMMER692-HRE0001DC57.mpeg", "https://www.openbeelden.nl/files/31/31881.WEEKNUMMER692-HRE0001DC57.mpg", "https://www.openbeelden.nl/images/600618/Uitbreiding_haven_%281_17%29.png"], "identifier": ["512090"], "source": ["WEEKNUMMER692-HRE0001DC57", "WEEKNUMMER692-HRE0001DC57"], "language": ["nl"], "references": [null], "mediator": ["Wikimedia Commons"], "attributionName": ["Polygoon-Profilti (producent) / Nederlands Instituut voor Beeld en Geluid (beheerder)"], "attributionURL": ["https://www.openbeelden.nl/media/31882"], "license": ["https://creativecommons.org/licenses/by-sa/3.0/nl/"]}