{"title": ["Spoorweghistorie rijdt weer", "Railway history rides again"], "alternative": ["Weeknummer 71-23", "Week number 71-23"], "creator": ["Polygoon-Profilti (producent) / Nederlands Instituut voor Beeld en Geluid (beheerder)", "Polygoon-Profilti (producer) / Netherlands Institute for Sound and Vision (curator)"], "subject": ["stoomlocomotieven", "steam locomotives"], "description": ["Bioscoopjournaals waarin Nederlandse onderwerpen van een bepaalde week worden gepresenteerd.", "Newsreels in which Dutch subjects of a certain week are presented."], "abstract": ["Tijdens de zomermaanden rijdt tussen Hoorn en Medemblik een stoomtrein van de Tramwegstichting. De locomotief uit 1908 is afkomstig van de Rotterdamse gasfabriek. Onderweg vluchten koeien voor de trein. Met verder het opstoken van de ketel en het passeren van een spoorwegovergang.", "During the summer months a steam train from the Tramwegstichting (Tram Line Foundation) rides between Hoorn and Medemblik. The locomotive from 1908 comes from the Rotterdam natural gas factory. Cows on the route flee for the train. Also with the stoking up of the boiler and the passing of a railway crossing."], "publisher": ["Nederlands Instituut voor Beeld en Geluid", "https://www.openbeelden.nl/users/beeldengeluid"], "date": ["1971-06-01"], "type": ["Moving Image"], "extent": ["PT1M55S"], "medium": ["https://www.openbeelden.nl/files/32/32126.32112.WEEKNUMMER712-HRE0001DC74.mp4", "https://www.openbeelden.nl/files/32/32120.32112.WEEKNUMMER712-HRE0001DC74.ogv", "https://www.openbeelden.nl/files/32/32123.32112.WEEKNUMMER712-HRE0001DC74.ogv", "https://www.openbeelden.nl/files/32/39541.32112.WEEKNUMMER712-HRE0001DC74.m3u8", "https://www.openbeelden.nl/files/32/39472.32112.WEEKNUMMER712-HRE0001DC74.ts", "https://www.openbeelden.nl/files/32/32116.32112.WEEKNUMMER712-HRE0001DC74.mpeg", "https://www.openbeelden.nl/files/32/32112.WEEKNUMMER712-HRE0001DC74.mpg", "https://www.openbeelden.nl/images/603757/Spoorweghistorie_rijdt_weer_%280_57%29.png"], "identifier": ["525956"], "source": ["WEEKNUMMER712-HRE0001DC74", "WEEKNUMMER712-HRE0001DC74"], "language": ["nl"], "references": [null], "mediator": ["Wikimedia Commons"], "attributionName": ["Polygoon-Profilti (producent) / Nederlands Instituut voor Beeld en Geluid (beheerder)"], "attributionURL": ["https://www.openbeelden.nl/media/32113"], "license": ["https://creativecommons.org/licenses/by-sa/3.0/nl/"]}