{"title": ["Billy Graham, massale evangelisatieavond in het Feyenoord stadion", "Billy Graham, mass evangelization evening in the Feyenoord stadium"], "alternative": ["Weeknummer 55-28", "Week number 55-28"], "creator": ["Polygoon-Profilti (producent) / Nederlands Instituut voor Beeld en Geluid (beheerder)", "Polygoon-Profilti (producer) / Netherlands Institute for Sound and Vision (curator)"], "subject": ["evangelisatie", "De kuip"], "description": ["Bioscoopjournaals waarin Nederlandse onderwerpen van een bepaalde week worden gepresenteerd.", "Newsreels in which Dutch subjects of a certain week are presented."], "abstract": ["Samenvatting van een evangelisatiebijeenkomst in het Feyenoord-stadion in Rotterdam. Grote publieke belangstelling voor de preek van Billy Graham, een evangelist uit de VS. Brigadier Nijman van het Leger des Heils vertaalt zijn woorden.", "Summary of the evangelization gathering in the Feyenoord stadium in Rotterdam. Lots of public interest for the speech of Billy Graham, an evangelist from the US. Sergeant Nijman of the Salvation Army translates his words."], "publisher": ["Nederlands Instituut voor Beeld en Geluid", "https://www.openbeelden.nl/users/beeldengeluid"], "date": ["1955-06-30"], "type": ["Moving Image"], "extent": ["PT1M14S"], "medium": ["https://www.openbeelden.nl/files/BG/WEEKNUMMER552-HRE0000CE35.mp4", "https://www.openbeelden.nl/files/BG/WEEKNUMMER552-HRE0000CE35-512.ogg", "https://www.openbeelden.nl/files/BG/WEEKNUMMER552-HRE0000CE35.ogg", "https://www.openbeelden.nl/files/03/34324.WEEKNUMMER552-HRE0000CE35.m3u8", "https://www.openbeelden.nl/files/03/34264.WEEKNUMMER552-HRE0000CE35.ts", "https://www.openbeelden.nl/files/BG/WEEKNUMMER552-HRE0000CE35.mpg", "https://www.openbeelden.nl/images/600547/Billy_Graham%2C_massale_evangelisatieavond_in_het_Feyenoord_stadion_%280_37%29.png"], "identifier": ["523854"], "source": ["WEEKNUMMER552-HRE0000CE35", "WEEKNUMMER552-HRE0000CE35"], "language": ["nl"], "references": [null], "mediator": ["Wikimedia Commons"], "spatial": ["Rotterdam", "Nederland"], "attributionName": ["Polygoon-Profilti (producent) / Nederlands Instituut voor Beeld en Geluid (beheerder)"], "attributionURL": ["https://www.openbeelden.nl/media/3238"], "license": ["https://creativecommons.org/licenses/by-sa/3.0/nl/"]}