{"title": ["Herdenking Eindhoven (1959)"], "alternative": ["Spiegel van Nederland nr. 39"], "creator": ["eye film instituut nederland"], "subject": ["eindhoven", "herdenking", "vuur", "bayeu", "vredesvuur"], "description": ["Oorlogsherdenking in Eindhoven. Het vredesvuur is vanuit het Normandische dorpje Bayeu aangekomen. Kranslegging bij het monument.  Producent: Haghe Film"], "abstract": [null], "publisher": ["eye film instituut nederland", "https://www.openbeelden.nl/users/eye film instituut nederland"], "date": ["2010-09-01"], "type": ["Moving Image"], "extent": ["PT41S"], "medium": ["https://www.openbeelden.nl/files/32/32490.32446.62795 Spiegel van Nederland nr. 39_Eindhoven.mp4", "https://www.openbeelden.nl/files/32/32484.32446.62795 Spiegel van Nederland nr. 39_Eindhoven.ogv", "https://www.openbeelden.nl/files/32/32487.32446.62795 Spiegel van Nederland nr. 39_Eindhoven.ogv", "https://www.openbeelden.nl/files/32/39594.32446.62795_Spiegel_van_Nederland_nr__39_Eindhoven.m3u8", "https://www.openbeelden.nl/files/32/39570.32446.62795 Spiegel van Nederland nr. 39_Eindhoven.ts", "https://www.openbeelden.nl/files/32/32450.32446.62795 Spiegel van Nederland nr. 39_Eindhoven.mpeg", "https://www.openbeelden.nl/images/599890/Herdenking_Eindhoven_%281959%29_%280_20%29.png"], "source": ["EYE"], "language": ["nl"], "references": [null], "mediator": [null], "attributionName": ["eye film instituut nederland"], "attributionURL": ["https://www.openbeelden.nl/media/32447"], "license": ["https://creativecommons.org/licenses/by-nc-nd/3.0/nl/"]}