{"title": ["De terugkeer van de koningin - Eindhoven (1945)"], "alternative": [null], "creator": ["eye film instituut nederland"], "subject": ["wilhelmina", "bevrijding", "eindhoven", "intocht"], "description": ["Koningin Wilhelmina keert terug in Nederland na de Tweede Wereldoorlog. In het fragment haar aankomst in Eindhoven waar zij verschijnt op het bordes."], "abstract": [null], "publisher": ["eye film instituut nederland", "https://www.openbeelden.nl/users/eye film instituut nederland"], "date": ["2010-09-01"], "type": ["Moving Image"], "extent": ["PT23S"], "medium": ["https://www.openbeelden.nl/files/32/32614.32595.66031 Terugkeer van de koningin, De_Eindhoven.mp4", "https://www.openbeelden.nl/files/32/32608.32595.66031 Terugkeer van de koningin, De_Eindhoven.ogv", "https://www.openbeelden.nl/files/32/32611.32595.66031 Terugkeer van de koningin, De_Eindhoven.ogv", "https://www.openbeelden.nl/files/32/34882.32595.66031_Terugkeer_van_de_koningin__De_Eindhoven.m3u8", "https://www.openbeelden.nl/files/32/34798.32595.66031 Terugkeer van de koningin, De_Eindhoven.ts", "https://www.openbeelden.nl/files/32/32599.32595.66031 Terugkeer van de koningin, De_Eindhoven.mpeg", "https://www.openbeelden.nl/images/599884/De_terugkeer_van_de_koningin_-_Eindhoven_%281945%29_%280_11%29.png"], "source": ["EYE "], "language": ["nl"], "references": [null], "mediator": [null], "attributionName": ["eye film instituut nederland"], "attributionURL": ["https://www.openbeelden.nl/media/32596"], "license": ["https://creativecommons.org/licenses/by-nc-nd/3.0/nl/"]}