{"title": ["Heer Hamburger spreekt over geluidsjournaal", "Mister Hamburger speaks on sound-film"], "alternative": [null, null], "creator": ["Nederlands Instituut voor Beeld en Geluid (beheerder)"], "subject": ["bioscoopjournaals", "newsreels"], "description": ["Polygoon Opdrachtfilm.", "Polygoon Commissioned Film."], "abstract": ["Toespraak van dhr. David Hamburger jr., voorzitter van de Nederlandse Bioscoopbond, over het geluidsfilmjournaal dat het stomme Hollands Nieuws gaat vervangen.", "Speech by mr. David Hamburger jr., chairman of the Nederlandse Bioscoopbond (Dutch Union of Cinema Proprietors), on the newsreels with sound which will replace the silent Hollands Nieuws (Dutch News)."], "publisher": ["Nederlands Instituut voor Beeld en Geluid", "https://www.openbeelden.nl/users/beeldengeluid"], "date": ["1931-05-17"], "type": ["Moving Image"], "extent": ["PT1M40S"], "medium": ["https://www.openbeelden.nl/files/42/42799.42785.HEERHAMBURGER-HRE00029B2C.mp4", "https://www.openbeelden.nl/files/42/42793.42785.HEERHAMBURGER-HRE00029B2C.ogv", "https://www.openbeelden.nl/files/42/42796.42785.HEERHAMBURGER-HRE00029B2C.ogv", "https://www.openbeelden.nl/files/42/42896.42785.HEERHAMBURGER_HRE00029B2C.m3u8", "https://www.openbeelden.nl/files/42/42802.42785.HEERHAMBURGER-HRE00029B2C.ts", "https://www.openbeelden.nl/files/42/42789.42785.HEERHAMBURGER-HRE00029B2C.mpeg", "https://www.openbeelden.nl/files/42/42785.HEERHAMBURGER-HRE00029B2C.mpg", "https://www.openbeelden.nl/images/599871/Heer_Hamburger_spreekt_over_geluidsjournaal_%280_50%29.png"], "identifier": ["530931"], "source": ["HEERHAMBURGER-HRE00029B2C", "HEERHAMBURGER-HRE00029B2C"], "language": ["nl"], "references": [null], "mediator": ["Wikimedia Commons"], "attributionName": ["Nederlands Instituut voor Beeld en Geluid (beheerder)"], "attributionURL": ["https://www.openbeelden.nl/media/42786"], "license": ["https://creativecommons.org/publicdomain/mark/1.0/"]}