{"title": ["Staking in het houtbedrijf", "Strike in the timber industry"], "alternative": ["Weeknummer 29-13", "Week number 29-13"], "creator": ["Polygoon-Profilti (producent) / Nederlands Instituut voor Beeld en Geluid (beheerder)", "Polygoon-Profilti (producer) / Netherlands Institute for Sound and Vision (curator)"], "subject": ["houtindustrie", "stakingen", "timber industry", "strikes"], "description": ["Bioscoopjournaals waarin Nederlandse onderwerpen van een bepaalde week worden gepresenteerd.", "Newsreels in which Dutch subjects of a certain week are presented."], "abstract": ["Beelden van het verlaten terrein van een door een staking getroffen houthandel, waarbij leidinggevenden (?) proberen de zaak aan de gang te houden. SHOTS: -Arbeiders (?, aan de kleding te zien geen arbeiders maar bedrijfsleiding oid) verladen planken, oa vanaf een dekschuit naar de wal en op een spoorwagon; div. beelden van een verlaten loods met houtstapels (donkere beelden); -straatshots Zaandam; -arbeiders betogen op straat.", "Shots of the deserted grounds of a timber yard affected by the strike, where the management (?) tries to keep the business going. SHOTS:\u00a0 - Workers (?, looking at the clothing not workers, but the company management or the like) load planks, a.o. from a flat-bottomed boat to the shore and on a railway wagon; several shots of an abandoned warehouse with stacks of wood (dark shots); - street shots of Zaandam; - workers protest on the streets."], "publisher": ["Nederlands Instituut voor Beeld en Geluid", "https://www.openbeelden.nl/users/beeldengeluid"], "date": ["1929-05-07"], "type": ["Moving Image"], "extent": ["PT3M16S"], "medium": ["https://www.openbeelden.nl/files/45/45058.45037.WEEKNUMMER291-HRE0001A406.mp4", "https://www.openbeelden.nl/files/45/45052.45037.WEEKNUMMER291-HRE0001A406.ogv", "https://www.openbeelden.nl/files/45/45055.45037.WEEKNUMMER291-HRE0001A406.ogv", "https://www.openbeelden.nl/files/45/45153.45037.WEEKNUMMER291_HRE0001A406.m3u8", "https://www.openbeelden.nl/files/45/45061.45037.WEEKNUMMER291-HRE0001A406.ts", "https://www.openbeelden.nl/files/45/45041.45037.WEEKNUMMER291-HRE0001A406.mpeg", "https://www.openbeelden.nl/files/45/45037.WEEKNUMMER291-HRE0001A406.mpg", "https://www.openbeelden.nl/images/603702/Staking_in_het_houtbedrijf_%281_38%29.png"], "identifier": ["519289"], "source": ["WEEKNUMMER291-HRE0001A406", "WEEKNUMMER291-HRE0001A406"], "language": ["nl"], "references": [null], "mediator": ["Wikimedia Commons"], "attributionName": ["Polygoon-Profilti (producent) / Nederlands Instituut voor Beeld en Geluid (beheerder)"], "attributionURL": ["https://www.openbeelden.nl/media/45038"], "license": ["https://creativecommons.org/publicdomain/mark/1.0/"]}