{"title": ["Luchtopnamen sluiswerken", "Aerial shots of lock works"], "alternative": ["Weeknummer 27-18", "Week number 27-18"], "creator": ["Polygoon-Profilti (producent) / Nederlands Instituut voor Beeld en Geluid (beheerder)", "Polygoon-Profilti (producer) / Netherlands Institute for Sound and Vision (curator)"], "subject": ["bouwactiviteiten", "luchtopnamen", "scheepvaart", "sluizen", "Noordersluis", "Noordzeekanaal", "building activities", "aerial shots", "shipping", "locks", "Noordersluis", "North Sea Canal"], "description": ["Bioscoopjournaals waarin Nederlandse onderwerpen van een bepaalde week worden gepresenteerd.", "Newsreels in which Dutch subjects of a certain week are presented."], "abstract": ["Luchtshot, vliegshot, boven de haven van IJmuiden en de Noordersluis in het Noordzeekanaal in aanbouw.", "Aerial shot, flying shot, above the harbour of IJmuiden and the Noordersluis (Northern Lock) in the North Sea Canal during construction."], "publisher": ["Nederlands Instituut voor Beeld en Geluid", "https://www.openbeelden.nl/users/beeldengeluid"], "date": ["1927-08-01"], "type": ["Moving Image"], "extent": ["PT1M33S"], "medium": ["https://www.openbeelden.nl/files/45/45205.45191.WEEKNUMMER271-HRE0000D124.mp4", "https://www.openbeelden.nl/files/45/45199.45191.WEEKNUMMER271-HRE0000D124.ogv", "https://www.openbeelden.nl/files/45/45202.45191.WEEKNUMMER271-HRE0000D124.ogv", "https://www.openbeelden.nl/files/45/45273.45191.WEEKNUMMER271_HRE0000D124.m3u8", "https://www.openbeelden.nl/files/45/45208.45191.WEEKNUMMER271-HRE0000D124.ts", "https://www.openbeelden.nl/files/45/45195.45191.WEEKNUMMER271-HRE0000D124.mpeg", "https://www.openbeelden.nl/files/45/45191.WEEKNUMMER271-HRE0000D124.mpg", "https://www.openbeelden.nl/images/603464/Luchtopnamen_sluiswerken_%280_46%29.png"], "identifier": ["507710"], "source": ["WEEKNUMMER271-HRE0000D124", "WEEKNUMMER271-HRE0000D124"], "language": ["nl"], "references": [null], "mediator": ["Wikimedia Commons"], "attributionName": ["Polygoon-Profilti (producent) / Nederlands Instituut voor Beeld en Geluid (beheerder)"], "attributionURL": ["https://www.openbeelden.nl/media/45192"], "license": ["https://creativecommons.org/publicdomain/mark/1.0/"]}