{"title": ["VideoVortex #5 2.Liesbeth Huybrechts/Rudi Knoops"], "alternative": ["\u2018Play that video , All work and no play makes Jack a dull boy\u2019"], "creator": ["Instituut voor Netwerk Cultuur"], "subject": ["videovortex", "video vortex", "online video", "youtube", "conference", "Liesbeth Huybrechts", "Rudi Knoops"], "description": ["System flaws and tactics Liesbeth Huybrechts / Rudi Knoops (BE)  Both Huybrechts and Knoops teach at the Media & Design Academy in Genk.   Video Vortex #5: DAY 1 International conference, Atomium, Brussels 20-21 November 2009"], "abstract": [null], "publisher": ["Instituut voor Netwerk Cultuur", "https://www.openbeelden.nl/users/instituut_voor_netwerkcultuur"], "contributor": ["Institute of Network Cultures", "Cimatics", "KASK"], "date": ["2010-11-16"], "type": ["Moving Image"], "extent": ["PT39M19S"], "medium": ["https://www.openbeelden.nl/files/46/46828.46750.2.Liesbeth Huybrechts:Rudi Knoops.mp4", "https://www.openbeelden.nl/files/46/46750.2.Liesbeth Huybrechts:Rudi Knoops.mp4", "https://www.openbeelden.nl/files/46/46822.46750.2.Liesbeth Huybrechts:Rudi Knoops.ogv", "https://www.openbeelden.nl/files/46/46825.46750.2.Liesbeth Huybrechts:Rudi Knoops.ogv", "https://www.openbeelden.nl/files/46/47096.46750.2_Liesbeth_Huybrechts_Rudi_Knoops.m3u8", "https://www.openbeelden.nl/files/46/46831.46750.2.Liesbeth Huybrechts:Rudi Knoops.ts", "https://www.openbeelden.nl/files/46/46754.46750.2.Liesbeth Huybrechts:Rudi Knoops.mpeg", "https://www.openbeelden.nl/images/599831/VideoVortex_%235_2.Liesbeth_Huybrechts_Rudi_Knoops_%2819_39%29.png"], "source": ["Video Vortex #5 Brussels"], "language": ["en"], "references": [null], "mediator": [null], "spatial": ["Brussels"], "attributionName": ["Instituut voor Netwerk Cultuur"], "attributionURL": ["https://www.openbeelden.nl/media/46751"], "license": ["https://creativecommons.org/licenses/by-nc-sa/3.0/nl/"]}