{"title": ["VideoVortex #5 9.Constant Dullaart I"], "alternative": [null], "creator": ["Instituut voor Netwerk Cultuur"], "subject": ["online video", "videovortex", "video vortex", "conference", "youtube", "constant dullaart"], "description": ["Artist practices: (sub)versioning Constant Dullaart (NL)   Dullaart is an artist and teaches at the Gerrit Rietveld academy, and curates several events in Amsterdam such as the Lost and Found evenings.  Video Vortex #5: DAY 2 International conference, Atomium, Brussels 20-21 November 2009"], "abstract": [null], "publisher": ["Instituut voor Netwerk Cultuur", "https://www.openbeelden.nl/users/instituut_voor_netwerkcultuur"], "contributor": ["Institute of Network Cultures", "Cimatics", "KASK"], "date": ["2010-11-16"], "type": ["Moving Image"], "extent": ["PT22M21S"], "medium": ["https://www.openbeelden.nl/files/46/47163.46814.9.Constant Dullaart 1.mp4", "https://www.openbeelden.nl/files/46/46814.9.Constant Dullaart 1.mp4", "https://www.openbeelden.nl/files/46/47157.46814.9.Constant Dullaart 1.ogv", "https://www.openbeelden.nl/files/46/47160.46814.9.Constant Dullaart 1.ogv", "https://www.openbeelden.nl/files/46/47214.46814.9_Constant_Dullaart_1.m3u8", "https://www.openbeelden.nl/files/46/47166.46814.9.Constant Dullaart 1.ts", "https://www.openbeelden.nl/files/46/46818.46814.9.Constant Dullaart 1.mpeg", "https://www.openbeelden.nl/images/599826/VideoVortex_%235_9.Constant_Dullaart_I_%2811_10%29.png"], "source": ["Video Vortex #5 Brussels"], "language": ["en"], "references": [null], "mediator": [null], "spatial": ["Brussels"], "attributionName": ["Instituut voor Netwerk Cultuur"], "attributionURL": ["https://www.openbeelden.nl/media/46815"], "license": ["https://creativecommons.org/licenses/by-nc-sa/3.0/nl/"]}