{"title": ["VideoVortex #3 14.G\u00fclsen Bal"], "alternative": ["\u2018No Holds Barred\u2019"], "creator": ["Instituut voor Netwerk Cultuur"], "subject": ["online video", "videovortex", "video vortex", "conference", "youtube", "ankara", "gulsen bal", "g\u00fclsen bal"], "description": ["The starting point of this presentation resides in analyzing differential structures in their multiplicity through focusing on the new aesthetic constitution of culturally specific conditions within shifting modalities of far broader issues to emerge since 9/11 within different planes in today's contemporary art practice. Gulsen Bal Director, Head of Development of Projects and Programmes Open Space, Vienna openspace-zkp.org art-axis.org"], "abstract": [null], "publisher": ["Instituut voor Netwerk Cultuur", "https://www.openbeelden.nl/users/instituut_voor_netwerkcultuur"], "contributor": ["Institute of Network Cultures", "Bilkent University Department of Communication and Design"], "date": ["2010-11-17"], "type": ["Moving Image"], "extent": ["PT25M30S"], "medium": ["https://www.openbeelden.nl/files/47/47802.47509.14gulsenbal.mp4", "https://www.openbeelden.nl/files/47/47796.47509.14gulsenbal.ogv", "https://www.openbeelden.nl/files/47/47799.47509.14gulsenbal.ogv", "https://www.openbeelden.nl/files/47/47876.47509.14gulsenbal.m3u8", "https://www.openbeelden.nl/files/47/47805.47509.14gulsenbal.ts", "https://www.openbeelden.nl/files/47/47513.47509.14gulsenbal.mpeg", "https://www.openbeelden.nl/images/599815/VideoVortex_%233_14.G%C3%BClsen_Bal_%2812_45%29.png"], "source": ["Video Vortex #3 Ankara"], "language": ["en"], "references": [null], "mediator": [null], "spatial": ["Ankara"], "attributionName": ["Instituut voor Netwerk Cultuur"], "attributionURL": ["https://www.openbeelden.nl/media/47510"], "license": ["https://creativecommons.org/licenses/by-sa/3.0/nl/"]}