{"title": ["Helicopter verbreekt het isolement van Lelystad", "Helicopter ends the isolation of Lelystad"], "alternative": ["Weeknummer 54-11", "Week number 54-11"], "creator": ["Polygoon-Profilti (producent) / Nederlands Instituut voor Beeld en Geluid (beheerder)", "Polygoon-Profilti (producer) / Netherlands Institute for Sound and Vision (curator)"], "subject": ["eilanden", "helikopters", "winter", "islands", "helicopters", "winter"], "description": ["Bioscoopjournaals waarin Nederlandse onderwerpen van een bepaalde week worden gepresenteerd.", "Newsreels in which Dutch subjects of a certain week are presented."], "abstract": ["Het eiland Lelystad raakte door de vorstperiode omsloten door ijs, maar men kon daarover het eiland nog wel bereiken. Door het invallen van de dooi is het echter geheel ge\u00efsoleerd geraakt. Dmv een helikopterluchtbrug kunnen nu weer levensmiddelen, post en mensen naar en van het eiland worden vervoerd. Met deze vlucht worden de vrouw en de baby van de arts meegebracht.", "The island of Lelystad was surrounded by ice after a period of frost, but the island could still be reached over the ice. Because of the thaw it has become completely isolated. With a helicopters an airlift was formed, so food, mail and people can be transported to and from the island. The wife and baby of the doctor were aboard this flight."], "publisher": ["Nederlands Instituut voor Beeld en Geluid", "https://www.openbeelden.nl/users/beeldengeluid"], "date": ["1954-03-01"], "type": ["Moving Image"], "extent": ["PT1M21S"], "medium": ["https://www.openbeelden.nl/files/49/49034.49020.WEEKNUMMER541-HRE0001DB32.mp4", "https://www.openbeelden.nl/files/49/49028.49020.WEEKNUMMER541-HRE0001DB32.ogv", "https://www.openbeelden.nl/files/49/49031.49020.WEEKNUMMER541-HRE0001DB32.ogv", "https://www.openbeelden.nl/files/49/49072.49020.WEEKNUMMER541_HRE0001DB32.m3u8", "https://www.openbeelden.nl/files/49/49037.49020.WEEKNUMMER541-HRE0001DB32.ts", "https://www.openbeelden.nl/files/49/49024.49020.WEEKNUMMER541-HRE0001DB32.mpeg", "https://www.openbeelden.nl/files/49/49020.WEEKNUMMER541-HRE0001DB32.mpg", "https://www.openbeelden.nl/images/600539/Helicopter_verbreekt_het_isolement_van_Lelystad_%280_40%29.png"], "identifier": ["511711"], "source": ["WEEKNUMMER541-HRE0001DB32", "WEEKNUMMER541-HRE0001DB32"], "language": ["nl"], "references": [null], "mediator": ["Wikimedia Commons"], "spatial": ["Lelystad", "Nederland"], "attributionName": ["Polygoon-Profilti (producent) / Nederlands Instituut voor Beeld en Geluid (beheerder)"], "attributionURL": ["https://www.openbeelden.nl/media/49021"], "license": ["https://creativecommons.org/licenses/by-sa/3.0/nl/"]}