{"title": ["Friese dorpen door sneeuw ge\u00efsoleerd", "Frisian villages isolated by the snow"], "alternative": ["Weeknummer 55-10", "Week number 55-10"], "creator": ["Polygoon-Profilti (producent) / Nederlands Instituut voor Beeld en Geluid (beheerder)", "Polygoon-Profilti (producer) / Netherlands Institute for Sound and Vision (curator)"], "subject": ["sneeuw", "winter", "snow", "winter"], "description": ["Bioscoopjournaals waarin Nederlandse onderwerpen van een bepaalde week worden gepresenteerd.", "Newsreels in which Dutch subjects of a certain week are presented."], "abstract": ["Impressie van de sneeuwoverlast en het sneeuwruimen op het platteland in Friesland, omgeving Langweer.", "Impression of the snow problems and the snow clearing in the countryside of Friesland, in the surrounding area of Langweer."], "publisher": ["Nederlands Instituut voor Beeld en Geluid", "https://www.openbeelden.nl/users/beeldengeluid"], "date": ["1955-02-26"], "type": ["Moving Image"], "extent": ["PT56S"], "medium": ["https://www.openbeelden.nl/files/49/49089.49075.WEEKNUMMER551-HRE0001694D.mp4", "https://www.openbeelden.nl/files/49/49083.49075.WEEKNUMMER551-HRE0001694D.ogv", "https://www.openbeelden.nl/files/49/49086.49075.WEEKNUMMER551-HRE0001694D.ogv", "https://www.openbeelden.nl/files/49/49121.49075.WEEKNUMMER551_HRE0001694D.m3u8", "https://www.openbeelden.nl/files/49/49092.49075.WEEKNUMMER551-HRE0001694D.ts", "https://www.openbeelden.nl/files/49/49079.49075.WEEKNUMMER551-HRE0001694D.mpeg", "https://www.openbeelden.nl/files/49/49075.WEEKNUMMER551-HRE0001694D.mpg", "https://www.openbeelden.nl/images/600538/Friese_dorpen_door_sneeuw_ge%C3%AFsoleerd_%280_28%29.png"], "identifier": ["509840"], "source": ["WEEKNUMMER551-HRE0001694D", "WEEKNUMMER551-HRE0001694D"], "language": ["nl"], "references": [null], "mediator": ["Wikimedia Commons"], "spatial": ["Friesland", "Nederland"], "attributionName": ["Polygoon-Profilti (producent) / Nederlands Instituut voor Beeld en Geluid (beheerder)"], "attributionURL": ["https://www.openbeelden.nl/media/49076"], "license": ["https://creativecommons.org/licenses/by-sa/3.0/nl/"]}