{"title": ["Het eerste ijs: 1925 op de Baarnse ijsclub", "The first ice: the Baarn ice club in 1925"], "alternative": ["Weeknummer 25-36", "Week number 25-36"], "creator": ["Polygoon-Profilti (producent) / Nederlands Instituut voor Beeld en Geluid (beheerder)", "Polygoon-Profilti (producer) / Netherlands Institute for Sound and Vision (curator)"], "subject": ["ijs", "ijsbanen", "ijshockey", "kleding", "mode", "schaatsen", "winter", "ice", "skating rinks", "ice hockey", "clothing", "fashion", "skating", "winter"], "description": ["Bioscoopjournaals waarin Nederlandse onderwerpen van een bepaalde week worden gepresenteerd.", "Newsreels in which Dutch subjects of a certain week are presented."], "abstract": ["-Totaalshot ijsbaan met schaatsers, op achtergrond hooiberg en een gebouw 8\"; -cu schaatsers op bankje die schaatsen onderbinden 11\"; -totaalshot schaatsers 7\", oa hockey spelend 23\"; -dame in rok, open schoenen met hakje aan, bindt schaats onder 10\".", "- Overall shot of the skating rink with skaters, in teh bakcground a haystack and a building 8\"; - close up of skaters on a bench putting on their skates 11\"; - overall shot skaters 7\", a.o. playing hockey 23\"; - woman wearing skirt, open shoes with heels, puts on het skates 10\"."], "publisher": ["Nederlands Instituut voor Beeld en Geluid", "https://www.openbeelden.nl/users/beeldengeluid"], "date": ["1925-11-20"], "type": ["Moving Image"], "extent": ["PT1M2S"], "medium": ["https://www.openbeelden.nl/files/49/49338.49323.WEEKNUMMER253-HRE00015701.mp4", "https://www.openbeelden.nl/files/49/49332.49323.WEEKNUMMER253-HRE00015701.ogv", "https://www.openbeelden.nl/files/49/49335.49323.WEEKNUMMER253-HRE00015701.ogv", "https://www.openbeelden.nl/files/49/49353.49323.WEEKNUMMER253_HRE00015701.m3u8", "https://www.openbeelden.nl/files/49/49341.49323.WEEKNUMMER253-HRE00015701.ts", "https://www.openbeelden.nl/files/49/49327.49323.WEEKNUMMER253-HRE00015701.mpeg", "https://www.openbeelden.nl/files/49/49323.WEEKNUMMER253-HRE00015701.mpg", "https://www.openbeelden.nl/images/603182/Het_eerste_ijs_1925_op_de_Baarnse_ijsclub_%280_31%29.png"], "identifier": ["514127"], "source": ["WEEKNUMMER253-HRE00015701", "WEEKNUMMER253-HRE00015701"], "language": ["nl"], "references": [null], "mediator": ["Wikimedia Commons"], "spatial": ["Baarn", "Nederland"], "attributionName": ["Polygoon-Profilti (producent) / Nederlands Instituut voor Beeld en Geluid (beheerder)"], "attributionURL": ["https://www.openbeelden.nl/media/49324"], "license": ["https://creativecommons.org/publicdomain/mark/1.0/"]}