{"title": ["IJskaleidoscoop", "Ice kaleidoscope"], "alternative": ["Weeknummer 50-05", "Week number 50-05"], "creator": ["Polygoon-Profilti (producent) / Nederlands Instituut voor Beeld en Geluid (beheerder)", "Polygoon-Profilti (producer) / Netherlands Institute for Sound and Vision (curator)"], "subject": ["humor", "ijszeilen", "kinderen", "langlaufen", "slee\u00ebn", "sneeuw", "winter", "humor", "ice sailing", "children", "cross-country skiing", "sleigh riding", "snow", "winter"], "description": ["Bioscoopjournaals waarin Nederlandse onderwerpen van een bepaalde week worden gepresenteerd.", "Newsreels in which Dutch subjects of a certain week are presented."], "abstract": ["De winter is ingevallen: overzicht van de daarmee gepaard gaande ijspret en ijsnarigheid en de door sommigen bedachte humoristische oplossingen voor de ijsnarigheid. - Div. shots van beginnende en geroutineerde schaatsers zowel op natuurijs als op ijsbanen; kinderen gooien sneeuwballen; anderen gaan langlaufen op ski's; mensen (ook kinderen) slee\u00ebn of doen aan ijszeilen; - eenden scharrelen moeizaam rond en bij het ijs; een kind heeft teveel sneeuwballen moeten opvangen en huilt; door de gladheid is een auto geslipt en tegen een boom gebotst; een fietser gaat onderuit; - een voetganger gaat onderuit bij het verlaten van zijn huis; de voetganger gaat terug naar binnen en keert terug met een zak zand(?) in de hand; hij gaat op weg en strooit voor iedere te zetten voetstap \u00e9\u00e9n handje zand(?) voor zich uit; een groep andere voetgangers volgt hem - letterlijk - op de voet.", "The winter is here: overview of the ice fun and ice troubles that go along with it and the funny solutions some have for ice troubles. - Several shots of beginning and experienced skaters on ice in nature as well as ice rinks; children throw snowballs; others go cross-country skiing; people (including children) ride sleds or go ice sailing; - ducks have a hard time walking around and near the ice; a child was hit by too many snowballs and cries; because of the slippery road a car hit a tree; a cyclist falls; - a pedestrian falls when he leaves his house; the pedestrian goes back inside and comes back with a bag of sand (?) in his hands; he is on his way and puts a hand of sand (?) in front of him before he takes a step; a group of pedestrians follows his footsteps, literally."], "publisher": ["Nederlands Instituut voor Beeld en Geluid", "https://www.openbeelden.nl/users/beeldengeluid"], "date": ["1950-01-28"], "type": ["Moving Image"], "extent": ["PT2M18S"], "medium": ["https://www.openbeelden.nl/files/50/50592.50578.WEEKNUMMER500-HRE0000D521.mp4", "https://www.openbeelden.nl/files/50/50586.50578.WEEKNUMMER500-HRE0000D521.ogv", "https://www.openbeelden.nl/files/50/50589.50578.WEEKNUMMER500-HRE0000D521.ogv", "https://www.openbeelden.nl/files/50/50654.50578.WEEKNUMMER500_HRE0000D521.m3u8", "https://www.openbeelden.nl/files/50/50595.50578.WEEKNUMMER500-HRE0000D521.ts", "https://www.openbeelden.nl/files/50/50582.50578.WEEKNUMMER500-HRE0000D521.mpeg", "https://www.openbeelden.nl/files/50/50578.WEEKNUMMER500-HRE0000D521.mpg", "https://www.openbeelden.nl/images/600531/IJskaleidoscoop_%281_09%29.png"], "identifier": ["521412"], "source": ["WEEKNUMMER500-HRE0000D521", "WEEKNUMMER500-HRE0000D521"], "language": ["nl"], "references": [null], "mediator": ["Wikimedia Commons"], "spatial": ["Nederland", "Netherlands"], "attributionName": ["Polygoon-Profilti (producent) / Nederlands Instituut voor Beeld en Geluid (beheerder)"], "attributionURL": ["https://www.openbeelden.nl/media/50579"], "license": ["https://creativecommons.org/licenses/by-sa/3.0/nl/"]}