{"title": ["Het ijs kruit", "Drifting ice"], "alternative": ["Weeknummer 39-02", "Week number 39-02"], "creator": ["Polygoon-Profilti (producent) / Nederlands Instituut voor Beeld en Geluid (beheerder)", "Polygoon-Profilti (producer) / Netherlands Institute for Sound and Vision (curator)"], "subject": ["ijs", "winter", "ice", "winter"], "description": ["Bioscoopjournaals waarin Nederlandse onderwerpen van een bepaalde week worden gepresenteerd.", "Newsreels in which Dutch subjects of a certain week are presented."], "abstract": ["Burgers en soldaten te Harderwijk en Deventer klimmen over een grote hoeveelheid ijsschotsen in de IJssel die door het kruiende ijs zijn ontstaan.", "Civilians and soldiers in Harderwijk and Deventer climb over a large pile of ice floes in the IJssel, which are the result of drifting ice."], "publisher": ["Nederlands Instituut voor Beeld en Geluid", "https://www.openbeelden.nl/users/beeldengeluid"], "date": ["1939-01-08"], "type": ["Moving Image"], "extent": ["PT49S"], "medium": ["https://www.openbeelden.nl/files/50/50703.50684.WEEKNUMMER390-HRE00040F3D.mp4", "https://www.openbeelden.nl/files/50/50697.50684.WEEKNUMMER390-HRE00040F3D.ogv", "https://www.openbeelden.nl/files/50/50700.50684.WEEKNUMMER390-HRE00040F3D.ogv", "https://www.openbeelden.nl/files/50/50749.50684.WEEKNUMMER390_HRE00040F3D.m3u8", "https://www.openbeelden.nl/files/50/50706.50684.WEEKNUMMER390-HRE00040F3D.ts", "https://www.openbeelden.nl/files/50/50688.50684.WEEKNUMMER390-HRE00040F3D.mpeg", "https://www.openbeelden.nl/files/50/50684.WEEKNUMMER390-HRE00040F3D.mpg", "https://www.openbeelden.nl/images/600530/Het_ijs_kruit_%280_24%29.png"], "identifier": ["516190"], "source": ["WEEKNUMMER390-HRE00040F3D", "WEEKNUMMER390-HRE00040F3D"], "language": ["nl"], "references": [null], "mediator": ["Wikimedia Commons"], "spatial": ["Deventer", "Harderwijk", "IJssel", "Nederland"], "attributionName": ["Polygoon-Profilti (producent) / Nederlands Instituut voor Beeld en Geluid (beheerder)"], "attributionURL": ["https://www.openbeelden.nl/media/50685"], "license": ["https://creativecommons.org/publicdomain/mark/1.0/"]}