{"title": ["Bouw van reuzenrad", "Construction of ferris wheel"], "alternative": ["Weeknummer 68-19", "Week number 68-19"], "creator": ["Polygoon-Profilti (producent) / Nederlands Instituut voor Beeld en Geluid (beheerder)", "Polygoon-Profilti (producer) / Netherlands Institute for Sound and Vision (curator)"], "description": ["Bioscoopjournaals waarin Nederlandse onderwerpen van een bepaalde week worden gepresenteerd.", "Newsreels in which Dutch subjects of a certain week are presented."], "abstract": ["Bouw van een reuzenrad van 40m hoog op het terrein van een fabriek in Vlodrop ter controle van de constructie. De burgemeester van Vlodrop maakt het eerste rondje met het rad.", "Construction of a ferris wheel of 40m on the grounds of a factory in Vlodrop to check the construction. The mayor of Vlodrop is the first to take a ride on the ferris wheel."], "publisher": ["Nederlands Instituut voor Beeld en Geluid", "https://www.openbeelden.nl/users/beeldengeluid"], "date": ["1968-05-01"], "type": ["Moving Image"], "extent": ["PT1M37S"], "medium": ["https://www.openbeelden.nl/files/50/50791.50777.WEEKNUMMER681-HRE0000CD79.mp4", "https://www.openbeelden.nl/files/50/50785.50777.WEEKNUMMER681-HRE0000CD79.ogv", "https://www.openbeelden.nl/files/50/50788.50777.WEEKNUMMER681-HRE0000CD79.ogv", "https://www.openbeelden.nl/files/50/50803.50777.WEEKNUMMER681_HRE0000CD79.m3u8", "https://www.openbeelden.nl/files/50/50794.50777.WEEKNUMMER681-HRE0000CD79.ts", "https://www.openbeelden.nl/files/50/50781.50777.WEEKNUMMER681-HRE0000CD79.mpeg", "https://www.openbeelden.nl/files/50/50777.WEEKNUMMER681-HRE0000CD79.mpg", "https://www.openbeelden.nl/images/600529/Bouw_van_reuzenrad_%280_48%29.png"], "identifier": ["507966"], "source": ["WEEKNUMMER681-HRE0000CD79", "WEEKNUMMER681-HRE0000CD79"], "language": ["nl"], "references": [null], "mediator": ["Wikimedia Commons"], "spatial": ["Nederland", "Vlodrop"], "attributionName": ["Polygoon-Profilti (producent) / Nederlands Instituut voor Beeld en Geluid (beheerder)"], "attributionURL": ["https://www.openbeelden.nl/media/50778"], "license": ["https://creativecommons.org/licenses/by-sa/3.0/nl/"]}