{"title": ["Midwinterblazen", "Midwinter blowing"], "alternative": ["Weeknummer 30-35", "Week number 30-35"], "creator": ["Polygoon-Profilti (producent) / Nederlands Instituut voor Beeld en Geluid (beheerder)", "Polygoon-Profilti (producer) / Netherlands Institute for Sound and Vision (curator)"], "subject": ["volkscultuur", "Kerstmis", "folklore", "Christmas"], "description": ["Bioscoopjournaals waarin Nederlandse onderwerpen van een bepaalde week worden gepresenteerd.", "Newsreels in which Dutch subjects of a certain week are presented."], "abstract": ["Diverse shots van man die boerderij verlaat en op Midwinterhoorn blaast. Dit naar oud gebruik ter aankondiging van Kerstmis.", "Several shots of a man leaving a farm and blowing a Midwinterhoorn. This is an old custom to announce Christmas time."], "publisher": ["Nederlands Instituut voor Beeld en Geluid", "https://www.openbeelden.nl/users/beeldengeluid"], "date": ["1930-12-21"], "type": ["Moving Image"], "extent": ["PT28S"], "medium": ["https://www.openbeelden.nl/files/50/50963.50913.WEEKNUMMER303-HRE0000D58D.mp4", "https://www.openbeelden.nl/files/50/50957.50913.WEEKNUMMER303-HRE0000D58D.ogv", "https://www.openbeelden.nl/files/50/50960.50913.WEEKNUMMER303-HRE0000D58D.ogv", "https://www.openbeelden.nl/files/50/50975.50913.WEEKNUMMER303_HRE0000D58D.m3u8", "https://www.openbeelden.nl/files/50/50966.50913.WEEKNUMMER303-HRE0000D58D.ts", "https://www.openbeelden.nl/files/50/50917.50913.WEEKNUMMER303-HRE0000D58D.mpeg", "https://www.openbeelden.nl/files/50/50913.WEEKNUMMER303-HRE0000D58D.mpg", "https://www.openbeelden.nl/images/600523/Midwinterblazen_%280_14%29.png"], "identifier": ["514097"], "source": ["WEEKNUMMER303-HRE0000D58D", "WEEKNUMMER303-HRE0000D58D"], "language": ["nl"], "references": [null], "mediator": ["Wikimedia Commons"], "spatial": ["Denekamp", "Nederland"], "attributionName": ["Polygoon-Profilti (producent) / Nederlands Instituut voor Beeld en Geluid (beheerder)"], "attributionURL": ["https://www.openbeelden.nl/media/50914"], "license": ["https://creativecommons.org/publicdomain/mark/1.0/"]}