{"title": ["Het Gelders Orkest speelt in Arnhem voor 10.000 jongeren", "The Gelderland Orchestra performs in front of 10.000 youth in Arnhem"], "alternative": ["Weeknummer 51-18", "Week number 51-18"], "creator": ["Polygoon-Profilti (producent) / Nederlands Instituut voor Beeld en Geluid (beheerder)", "Polygoon-Profilti (producer) / Netherlands Institute for Sound and Vision (curator)"], "subject": ["jeugd", "klassieke muziek", "orkesten", "parken", "vrijetijdsbesteding", "youth", "classical music", "orchestras", "parks", "leisure activities"], "description": ["Bioscoopjournaals waarin Nederlandse onderwerpen van een bepaalde week worden gepresenteerd.", "Newsreels in which Dutch subjects of a certain week are presented."], "abstract": ["In Park Sonsbeek in Arnhem is tussen de bomen een houten podium opgericht. Op dit podium zitten de musici van het Gelders Orkest. Zij spelen, olv dirigent Jan Out(?) een gedeelte uit Beethovens derde symfonie \"Eroica\". Om het podium heen zitten, op stoelen en op de grond, enkele volwassenen en een grote groep jongens en meisjes van div. leeftijden aandachtig naar de muziek te luisteren.", "Between the trees in Park Sonsbeek in Arnhem a wooden stage was put up. On this stage are the musicians of the Gelders Orkest (Gelderland Orchestra). They play a part of the third symphony of Beethoven \"Eroica\", conducted by Jan Out (?). Around the stage some adults and a large group of boys and girls, sitting on chairs or on the ground, listen attentively to the music."], "publisher": ["Nederlands Instituut voor Beeld en Geluid", "https://www.openbeelden.nl/users/beeldengeluid"], "date": ["1951-04-30"], "type": ["Moving Image"], "extent": ["PT1M34S"], "medium": ["https://www.openbeelden.nl/files/52/52156.52142.WEEKNUMMER511-HRE0001C392.mp4", "https://www.openbeelden.nl/files/52/52150.52142.WEEKNUMMER511-HRE0001C392.ogv", "https://www.openbeelden.nl/files/52/52153.52142.WEEKNUMMER511-HRE0001C392.ogv", "https://www.openbeelden.nl/files/52/52172.52142.WEEKNUMMER511_HRE0001C392.m3u8", "https://www.openbeelden.nl/files/52/52159.52142.WEEKNUMMER511-HRE0001C392.ts", "https://www.openbeelden.nl/files/52/52146.52142.WEEKNUMMER511-HRE0001C392.mpeg", "https://www.openbeelden.nl/files/52/52142.WEEKNUMMER511-HRE0001C392.mpg", "https://www.openbeelden.nl/images/601951/Het_Gelders_Orkest_speelt_in_Arnhem_voor_10.000_jongeren_%280_47%29.png"], "identifier": ["521392"], "source": ["WEEKNUMMER511-HRE0001C392", "WEEKNUMMER511-HRE0001C392"], "language": ["nl"], "references": [null], "mediator": ["Wikimedia Commons"], "spatial": ["Arnhem", "Nederland", "Sonsbeek", "Arnhem", "Netherlands", "Sonsbeek"], "attributionName": ["Polygoon-Profilti (producent) / Nederlands Instituut voor Beeld en Geluid (beheerder)"], "attributionURL": ["https://www.openbeelden.nl/media/52143"], "license": ["https://creativecommons.org/licenses/by-sa/3.0/nl/"]}