{"title": ["Reuzevliegtuig Tupolev", "Giant airplane Tupolev"], "alternative": ["Weeknummer 64-23", "Week number 64-23"], "creator": ["Polygoon-Profilti (producent) / Nederlands Instituut voor Beeld en Geluid (beheerder)", "Polygoon-Profilti (producer) / Netherlands Institute for Sound and Vision (curator)"], "subject": ["vliegtuigen", "voetbal", "nationaal team Nederland", "Toepolev", "airplanes", "football", "national team of The Netherlands", "Tupolev"], "description": ["Bioscoopjournaals waarin Nederlandse onderwerpen van een bepaalde week worden gepresenteerd.", "Newsreels in which Dutch subjects of a certain week are presented."], "abstract": ["Een viermotorige Tupolev 114, het grootste passagiersvliegtuig ter wereld, landt op Schiphol. De normale vliegtuigtrap van Schiphol is te kort, daarom is er een extra trapje op geplaatst. Met ext. en int. van het vliegtuig, oa slaapcabines in de eerste klasse. Het Jong Oranje-voetbalteam, officials en journalisten gaan aan boord van het vliegtuig om een tournee door de USSR te maken.", "A four-engine Tupolev 114, the largest passenger airplane in the world, lands at Schiphol Airport. The aircraft steps are too short so an extra stepladder has been placed on top of it. With axt. and int. of the airplane, a.o. sleeping cabins in the first class. The Jong Oranje (Young Orange) football team, officials and journalists board the plane to make a tour with it in the USSR."], "publisher": ["Nederlands Instituut voor Beeld en Geluid", "https://www.openbeelden.nl/users/beeldengeluid"], "date": ["1964-06-01"], "type": ["Moving Image"], "extent": ["PT1M35S"], "medium": ["https://www.openbeelden.nl/files/52/52896.52882.WEEKNUMMER642-HRE00029A35.mp4", "https://www.openbeelden.nl/files/52/52890.52882.WEEKNUMMER642-HRE00029A35.ogv", "https://www.openbeelden.nl/files/52/52893.52882.WEEKNUMMER642-HRE00029A35.ogv", "https://www.openbeelden.nl/files/52/52902.52882.WEEKNUMMER642_HRE00029A35.m3u8", "https://www.openbeelden.nl/files/52/52899.52882.WEEKNUMMER642-HRE00029A35.ts", "https://www.openbeelden.nl/files/52/52886.52882.WEEKNUMMER642-HRE00029A35.mpeg", "https://www.openbeelden.nl/files/52/52882.WEEKNUMMER642-HRE00029A35.mpg", "https://www.openbeelden.nl/images/604314/Reuzevliegtuig_Tupolev_%280_47%29.png"], "identifier": ["520746"], "source": ["WEEKNUMMER642-HRE00029A35", "WEEKNUMMER642-HRE00029A35"], "language": ["nl"], "references": [null], "mediator": ["Wikimedia Commons"], "spatial": ["Nederland"], "attributionName": ["Polygoon-Profilti (producent) / Nederlands Instituut voor Beeld en Geluid (beheerder)"], "attributionURL": ["https://www.openbeelden.nl/media/52883"], "license": ["https://creativecommons.org/licenses/by-sa/3.0/nl/"]}