{"title": ["Het Nederlands Studentenorkest voor repetities in Bergen (NH)", "The Dutch Student Orchestra is in Bergen (NH) for rehearsels "], "alternative": ["Weeknummer 54-03", "Week number 54-03"], "creator": ["Polygoon-Profilti (producent) / Nederlands Instituut voor Beeld en Geluid (beheerder)", "Polygoon-Profilti (producer) / Netherlands Institute for Sound and Vision (curator)"], "subject": ["orkesten", "studenten", "volksliederen", "Brussen, Jan", "Nederlands Studenten Orkest", "vrijetijdsbesteding", "orchestras", "students", "anthems", "Brussen", "Jan", "Dutch Student Orchestra", "leisure activities"], "description": ["Bioscoopjournaals waarin Nederlandse onderwerpen van een bepaalde week worden gepresenteerd.", "Newsreels in which Dutch subjects of a certain week are presented."], "abstract": ["Aankomst van het Nederlands Studentenorkest in Bergen, waar het zal repeteren voor een tournee. De violisten marcheren, de dirigent Jan Brussen komt met paard-en-wagen en de contrabas komt per kruiwagen. Uit dankbaarheid voor de gastvrijheid speelt het orkest het volkslied van Bergen. Met de burgemeester van Bergen.", "Arrival of the Dutch Student Orchestra in Bergen, where they will rehearse for a tour. The violinists march, the conducter Jan Brussen arrive by horse-and-cart and the bass arrives by wheelcart. As a sign of gratitude for the hospitality the orchestra plays the anthem of Bergen. Also with the mayor of Bergen."], "publisher": ["Nederlands Instituut voor Beeld en Geluid", "https://www.openbeelden.nl/users/beeldengeluid"], "date": ["1954-01-01"], "type": ["Moving Image"], "extent": ["PT1M27S"], "medium": ["https://www.openbeelden.nl/files/53/53351.53337.WEEKNUMMER540-HRE0001598C.mp4", "https://www.openbeelden.nl/files/53/53345.53337.WEEKNUMMER540-HRE0001598C.ogv", "https://www.openbeelden.nl/files/53/53348.53337.WEEKNUMMER540-HRE0001598C.ogv", "https://www.openbeelden.nl/files/53/53357.53337.WEEKNUMMER540_HRE0001598C.m3u8", "https://www.openbeelden.nl/files/53/53354.53337.WEEKNUMMER540-HRE0001598C.ts", "https://www.openbeelden.nl/files/53/53341.53337.WEEKNUMMER540-HRE0001598C.mpeg", "https://www.openbeelden.nl/files/53/53337.WEEKNUMMER540-HRE0001598C.mpg", "https://www.openbeelden.nl/images/601947/Het_Nederlands_Studentenorkest_voor_repetities_in_Bergen_%28NH%29_%280_43%29.png"], "identifier": ["524913"], "source": ["WEEKNUMMER540-HRE0001598C", "WEEKNUMMER540-HRE0001598C"], "language": ["nl"], "references": [null], "mediator": ["Wikimedia Commons"], "spatial": ["Bergen", "Nederland", "Bergen", "Netherlands"], "attributionName": ["Polygoon-Profilti (producent) / Nederlands Instituut voor Beeld en Geluid (beheerder)"], "attributionURL": ["https://www.openbeelden.nl/media/53338"], "license": ["https://creativecommons.org/licenses/by-sa/3.0/nl/"]}