{"title": ["Nieuwe veerdienst", "New ferry service"], "alternative": ["Weeknummer 65-52", "Week number 65-52"], "creator": ["Polygoon-Profilti (producent) / Nederlands Instituut voor Beeld en Geluid (beheerder)", "Polygoon-Profilti (producer) / Netherlands Institute for Sound and Vision (curator)"], "subject": ["havens", "openingen", "Suurhoff, J.G.", "North Sea Ferries", "Norwave", "harbours", "openings", "Suurhoff", "J.G.", "North Sea Ferries", "Norwave"], "description": ["Bioscoopjournaals waarin Nederlandse onderwerpen van een bepaalde week worden gepresenteerd.", "Newsreels in which Dutch subjects of a certain week are presented."], "abstract": ["Minister J.G. Suurhoff van Verkeer en Waterstaat luidt in een loods te Europoort een bel, waarna de deuren van de loods opengaan en men uitkijkt over een nieuwe haven. Eerder die dag is bij de haven de veerboot Norwave van de North Sea Ferries als eerste schip aangekomen. Met de veerboot wordt de veerdienst tussen Rotterdam en Hull onderhouden. Auto's en vrachtwagens kunnen het schip aan de achterzijde oprijden en aan de voorzijde weer verlaten. Met het int. van het schip, oa de bar, passagiersruimtes en de hutten.", "Minister J.G. Suurhoff of Transport, Public Works and Water management rings a bell in a pilot in Europoort, after which the doors of the pilot open and one can look out over a new harbour. Earlier that day the ferry Norwave of the North Sea Ferries was the first ship to arrive in the harbour. With the ferry a service between Rotterdam and Hull is maintained. Cars and lorries can drive onto the ship from the rear side and leave it at the front side. With the int. of the ship, a.o. the bar, space for the passengers and huts"], "publisher": ["Nederlands Instituut voor Beeld en Geluid", "https://www.openbeelden.nl/users/beeldengeluid"], "date": ["1965-12-18"], "type": ["Moving Image"], "extent": ["PT1M40S"], "medium": ["https://www.openbeelden.nl/files/54/54292.54278.WEEKNUMMER655-HRE00015EE6.mp4", "https://www.openbeelden.nl/files/54/54286.54278.WEEKNUMMER655-HRE00015EE6.ogv", "https://www.openbeelden.nl/files/54/54289.54278.WEEKNUMMER655-HRE00015EE6.ogv", "https://www.openbeelden.nl/files/54/54298.54278.WEEKNUMMER655_HRE00015EE6.m3u8", "https://www.openbeelden.nl/files/54/54295.54278.WEEKNUMMER655-HRE00015EE6.ts", "https://www.openbeelden.nl/files/54/54282.54278.WEEKNUMMER655-HRE00015EE6.mpeg", "https://www.openbeelden.nl/files/54/54278.WEEKNUMMER655-HRE00015EE6.mpg", "https://www.openbeelden.nl/images/604294/Nieuwe_veerdienst_%280_50%29.png"], "identifier": ["519742"], "source": ["WEEKNUMMER655-HRE00015EE6", "WEEKNUMMER655-HRE00015EE6"], "language": ["nl"], "references": [null], "mediator": ["Wikimedia Commons"], "spatial": ["Europoort", "Nederland"], "attributionName": ["Polygoon-Profilti (producent) / Nederlands Instituut voor Beeld en Geluid (beheerder)"], "attributionURL": ["https://www.openbeelden.nl/media/54279"], "license": ["https://creativecommons.org/licenses/by-sa/3.0/nl/"]}