{"title": ["De 50ste Gouden Rai", "The 50th Golden Rai"], "alternative": ["Weeknummer 65-09", "Week number 65-09"], "creator": ["Polygoon-Profilti (producent) / Nederlands Instituut voor Beeld en Geluid (beheerder)", "Polygoon-Profilti (producer) / Netherlands Institute for Sound and Vision (curator)"], "subject": ["auto's", "beurzen", "openingen", "Aartsen, J. van", "Auto-RAI", "cars", "exhibitions", "openings", "Aartsen", "J. van", "Auto-RAI"], "description": ["Bioscoopjournaals waarin Nederlandse onderwerpen van een bepaalde week worden gepresenteerd.", "Newsreels in which Dutch subjects of a certain week are presented."], "abstract": ["De 50ste Auto-Rai te Amsterdam. Minister J. van Aartsen van Verkeer en Waterstaat neemt plaats in een oldtimer-driewieler tijdens de opening van de tentoonstelling. Met een Dodge uit 1914, een Volkswagen Kever, Mercedes-ambulances, auto's uit de USSR, een Rolls Royce, een Renault en een wankelmotor.", "The 50th Auto-Rai (Car Rai) in Amsterdam. Minister J. van Aartsen of Traffic, Public Works and Water Management takes place in an Old Timer three-wheeler during the opening of the exhibition. With a Dodge from 1914, a Volkswagen Beetle, Mercedes ambulances, cars from the USSR, a Rolls Royce, a Renault and a wankel engine."], "publisher": ["Nederlands Instituut voor Beeld en Geluid", "https://www.openbeelden.nl/users/beeldengeluid"], "date": ["1965-02-01"], "type": ["Moving Image"], "extent": ["PT2M26S"], "medium": ["https://www.openbeelden.nl/files/54/54596.54581.WEEKNUMMER650-HRE0001B7F6.mp4", "https://www.openbeelden.nl/files/54/54590.54581.WEEKNUMMER650-HRE0001B7F6.ogv", "https://www.openbeelden.nl/files/54/54593.54581.WEEKNUMMER650-HRE0001B7F6.ogv", "https://www.openbeelden.nl/files/54/54613.54581.WEEKNUMMER650_HRE0001B7F6.m3u8", "https://www.openbeelden.nl/files/54/54599.54581.WEEKNUMMER650-HRE0001B7F6.ts", "https://www.openbeelden.nl/files/54/54585.54581.WEEKNUMMER650-HRE0001B7F6.mpeg", "https://www.openbeelden.nl/files/54/54581.WEEKNUMMER650-HRE0001B7F6.mpg", "https://www.openbeelden.nl/images/604287/De_50ste_Gouden_Rai_%281_13%29.png"], "identifier": ["515735"], "source": ["WEEKNUMMER650-HRE0001B7F6", "WEEKNUMMER650-HRE0001B7F6"], "language": ["nl"], "references": [null], "mediator": ["Wikimedia Commons"], "spatial": ["Amsterdam", "Nederland"], "attributionName": ["Polygoon-Profilti (producent) / Nederlands Instituut voor Beeld en Geluid (beheerder)"], "attributionURL": ["https://www.openbeelden.nl/media/54582"], "license": ["https://creativecommons.org/licenses/by-sa/3.0/nl/"]}