{"title": ["Ballonrace om de Coupe Andries Blitz", "Balloon race for the Coupe Andries Blitz "], "alternative": ["Weeknummer 56-27", "Week number 56-27"], "creator": ["Polygoon-Profilti (producent) / Nederlands Instituut voor Beeld en Geluid (beheerder)", "Polygoon-Profilti (producer) / Netherlands Institute for Sound and Vision (curator)"], "subject": ["ballonvaart", "cameralieden", "Boesman, Nini", "Goffert Stadion", "ballooning", "cameramen", "Boesman", "Nini", "Goffert Stadion"], "description": ["Bioscoopjournaals waarin Nederlandse onderwerpen van een bepaalde week worden gepresenteerd.", "Newsreels in which Dutch subjects of a certain week are presented."], "abstract": ["In het Goffert Stadion te Nijmegen worden luchtballons klaargemaakt voor de internationale race om de Coupe Andries Blitz, met de 81-jarige kleermaker Cormier uit Parijs als oudste deelnemer en de 20-jarige Andr\u00e9e van Gemert als jongste deelnemer. De Zwitser Iselin gaat als eerste de lucht in, gevolgd door Nini Boesman met de Polygoon-cameraman. De cameraman doet verslag van de tocht. Met oa beelden van Roermond. De volgende dag ruimen ze de ballon op bij Bitburg, waar ze 's nachts zijn geland, en de Duitse politie de papieren controleert. Boesman wint de race.", "Hot iar ballons are prepared for the inetrnational race for the Coupe Andries Blitz in the Goffert Stadium in Nijmegen, with the 81-year-old tailor Cormier from Paris as the oldest participant and the 20-year-old Andr\u00e9e van Gemert as the youngest participant. The Swiss Iselin is the first to go up in the air, followed by Nini Boesman with the Polygoon cameraman. The cameraman makes a report of the race. With a.o. shots of Roermond. The next day they pack up the balloon near Bitburg, where they landed at night, and the German police checks the papers. Boesman wins the race."], "publisher": ["Nederlands Instituut voor Beeld en Geluid", "https://www.openbeelden.nl/users/beeldengeluid"], "date": ["1956-01-24"], "type": ["Moving Image"], "extent": ["PT2M9S"], "medium": ["https://www.openbeelden.nl/files/54/54665.54651.WEEKNUMMER562-HRE0000D752.mp4", "https://www.openbeelden.nl/files/54/54659.54651.WEEKNUMMER562-HRE0000D752.ogv", "https://www.openbeelden.nl/files/54/54662.54651.WEEKNUMMER562-HRE0000D752.ogv", "https://www.openbeelden.nl/files/54/54698.54651.WEEKNUMMER562_HRE0000D752.m3u8", "https://www.openbeelden.nl/files/54/54668.54651.WEEKNUMMER562-HRE0000D752.ts", "https://www.openbeelden.nl/files/54/54655.54651.WEEKNUMMER562-HRE0000D752.mpeg", "https://www.openbeelden.nl/files/54/54651.WEEKNUMMER562-HRE0000D752.mpg", "https://www.openbeelden.nl/images/604286/Ballonrace_om_de_Coupe_Andries_Blitz_%281_04%29.png"], "identifier": ["509818"], "source": ["WEEKNUMMER562-HRE0000D752", "WEEKNUMMER562-HRE0000D752"], "language": ["nl"], "references": [null], "mediator": ["Wikimedia Commons"], "spatial": ["Bitburg", "Duitsland", "Nederland", "Nijmegen"], "attributionName": ["Polygoon-Profilti (producent) / Nederlands Instituut voor Beeld en Geluid (beheerder)"], "attributionURL": ["https://www.openbeelden.nl/media/54652"], "license": ["https://creativecommons.org/licenses/by-sa/3.0/nl/"]}