{"title": ["Vakantie 1947", "Holiday 1947"], "alternative": ["Weeknummer 47-34", "Week number 47-34"], "creator": ["Polygoon-Profilti (producent) / Nederlands Instituut voor Beeld en Geluid (beheerder)", "Polygoon-Profilti (producer) / Netherlands Institute for Sound and Vision (curator)"], "subject": ["treinen", "steden", "Artis", "stranden", "rondvaartboten", "stations", "natuur", "dierentuinen", "menigte", "vakantie", "zoos", "crowds", "nature", "round trip boats", "stations", "cities", "beaches", "trains", "vacation", "Artis"], "description": ["Bioscoopjournaals waarin Nederlandse onderwerpen van een bepaalde week worden gepresenteerd.", "Newsreels in which Dutch subjects of a certain week are presented."], "abstract": ["Vakantie in Nederland 1947: stadsbewoners trekken bepakt en bezakt de stad uit naar buiten en bevolken massaal perrons en treinen op hun tochten naar mooie natuurgebieden, viswateren of strand; buitenlanders en plattelanders daarentegen trekken naar de grote steden toe en maken bijv. een tochtje met de rondvaartboot door Amsterdam of bezichtigen Artis.", "Holiday in the Netherlands in 1947: city dwellers, packed up and ready, leave their city to go to the countryside. They populate the platforms and trains on their trips to beautiful nature reserves, fishing waters or the beach; foreigners and country folk on the other hand move to the major cities to, for example, taking a trip on the round-trip boat or visiting Artis."], "publisher": ["Nederlands Instituut voor Beeld en Geluid", "https://www.openbeelden.nl/users/beeldengeluid"], "date": ["1947-08-01"], "type": ["Moving Image"], "extent": ["PT2M3S"], "medium": ["https://www.openbeelden.nl/files/BG/WEEKNUMMER473-HRE0000CE79.mp4", "https://www.openbeelden.nl/files/BG/WEEKNUMMER473-HRE0000CE79-512.ogg", "https://www.openbeelden.nl/files/BG/WEEKNUMMER473-HRE0000CE79.ogg", "https://www.openbeelden.nl/files/33229.WEEKNUMMER473-HRE0000CE79.m3u8", "https://www.openbeelden.nl/files/33194.WEEKNUMMER473-HRE0000CE79.ts", "https://www.openbeelden.nl/files/BG/WEEKNUMMER473-HRE0000CE79.mpg", "https://www.openbeelden.nl/images/603139/Vakantie_1947_%281_01%29.png"], "identifier": ["517278"], "source": ["WEEKNUMMER473-HRE0000CE79", "WEEKNUMMER473-HRE0000CE79"], "language": ["nl"], "references": [null], "mediator": ["Wikimedia Commons"], "spatial": ["Amsterdam", "Nederland", "Amsterdam", "Netherlands"], "attributionName": ["Polygoon-Profilti (producent) / Nederlands Instituut voor Beeld en Geluid (beheerder)"], "attributionURL": ["https://www.openbeelden.nl/media/549"], "license": ["https://creativecommons.org/publicdomain/mark/1.0/"]}