{"title": ["De Haarlemse tram verdwijnt", "The tram in Haarlem discontinued"], "alternative": ["Weeknummer 48-45", "Week number 48-45"], "creator": ["Polygoon-Profilti (producent) / Nederlands Instituut voor Beeld en Geluid (beheerder)", "Polygoon-Profilti (producer) / Netherlands Institute for Sound and Vision (curator)"], "subject": ["autobussen", "openbaar vervoer", "trams", "busses", "public transport", "trams"], "description": ["Bioscoopjournaals waarin Nederlandse onderwerpen van een bepaalde week worden gepresenteerd.", "Newsreels in which Dutch subjects of a certain week are presented."], "abstract": ["In Haarlem wordt de stadstram afgeschaft. Ook de verbinding Haarlem-Leiden met de zgn. Blauwe Tram wordt opgedoekt. Het vervoer zal worden voortaan worden verzorgd door autobussen. SHOTS: - ext. en int. stadstrams en/of Blauwe Tram rijdend door de straten van Haarlem; - autobussen rijden door de straten.", "The city tram in Haarlem is discontinued. The connection Haarlem - Leiden with the so-called Blauwe Tram (Blue Tram) is also discontinued. From now on the transport will be done with busses. SHOTS: - ext. and int. city trams and/or Blauwe Tram driving through the streets of Haarlem; - busses drive through the streets."], "publisher": ["Nederlands Instituut voor Beeld en Geluid", "https://www.openbeelden.nl/users/beeldengeluid"], "date": ["1948-12-09"], "type": ["Moving Image"], "extent": ["PT1M2S"], "medium": ["https://www.openbeelden.nl/files/55/55051.55037.WEEKNUMMER484-HRE0000DF00.mp4", "https://www.openbeelden.nl/files/55/55045.55037.WEEKNUMMER484-HRE0000DF00.ogv", "https://www.openbeelden.nl/files/55/55048.55037.WEEKNUMMER484-HRE0000DF00.ogv", "https://www.openbeelden.nl/files/55/55057.55037.WEEKNUMMER484_HRE0000DF00.m3u8", "https://www.openbeelden.nl/files/55/55054.55037.WEEKNUMMER484-HRE0000DF00.ts", "https://www.openbeelden.nl/files/55/55041.55037.WEEKNUMMER484-HRE0000DF00.mpeg", "https://www.openbeelden.nl/files/55/55037.WEEKNUMMER484-HRE0000DF00.mpg", "https://www.openbeelden.nl/images/604276/De_Haarlemse_tram_verdwijnt_%280_31%29.png"], "identifier": ["509138"], "source": ["WEEKNUMMER484-HRE0000DF00", "WEEKNUMMER484-HRE0000DF00"], "language": ["en"], "references": [null], "mediator": ["Wikimedia Commons"], "spatial": ["Haarlem", "Nederland"], "attributionName": ["Polygoon-Profilti (producent) / Nederlands Instituut voor Beeld en Geluid (beheerder)"], "attributionURL": ["https://www.openbeelden.nl/media/55038"], "license": ["https://creativecommons.org/licenses/by-sa/3.0/nl/"]}