{"title": ["Graf Zeppelin boven Nederland", "Graf Zeppelin flies over the Netherlands"], "alternative": ["Weeknummer 29-20", "Week number 29-20"], "creator": ["Polygoon-Profilti (producent) / Nederlands Instituut voor Beeld en Geluid (beheerder)", "Polygoon-Profilti (producer) / Netherlands Institute for Sound and Vision (curator)"], "subject": ["luchtschepen", "Graf Zeppelin", "airships", "Graf Zeppelin"], "description": ["Bioscoopjournaals waarin Nederlandse onderwerpen van een bepaalde week worden gepresenteerd.", "Newsreels in which Dutch subjects of a certain week are presented."], "abstract": ["Het Duitse luchtschip Graf Zeppelin vliegt boven Nederland. SHOTS: -div. shots van het luchtschip: oa boven het stationsgebouw van Schiphol; werpt een postzak aan een parachute af; vliegt boven twee steden en het platteland; enkele heren bergen de afgeworpen postzak.", "The German airship Graf Zeppelin flies over the Netherlands. SHOTS: - several shots of the airship: a.o. above the station of Schiphol Airport; throws down a mailbag with parachute; flies over two cities and the countryside; some men pick up the mailbag."], "publisher": ["Nederlands Instituut voor Beeld en Geluid", "https://www.openbeelden.nl/users/beeldengeluid"], "date": ["1929-10-01"], "type": ["Moving Image"], "extent": ["PT2M13S"], "medium": ["https://www.openbeelden.nl/files/55/833280.55296.WEEKNUMMER292-HRE00016A39.mp4", "https://www.openbeelden.nl/files/55/833283.55296.WEEKNUMMER292-HRE00016A39.mp4", "https://www.openbeelden.nl/files/55/55335.55296.WEEKNUMMER292-HRE00016A39.mp4", "https://www.openbeelden.nl/files/55/833286.55296.WEEKNUMMER292-HRE00016A39.webm", "https://www.openbeelden.nl/files/55/833274.55296.WEEKNUMMER292-HRE00016A39.ogv", "https://www.openbeelden.nl/files/55/833277.55296.WEEKNUMMER292-HRE00016A39.ogv", "https://www.openbeelden.nl/files/55/55329.55296.WEEKNUMMER292-HRE00016A39.ogv", "https://www.openbeelden.nl/files/55/55332.55296.WEEKNUMMER292-HRE00016A39.ogv", "https://www.openbeelden.nl/files/55/55382.55296.WEEKNUMMER292_HRE00016A39.m3u8", "https://www.openbeelden.nl/files/55/833292.55296.WEEKNUMMER292_HRE00016A39.m3u8", "https://www.openbeelden.nl/files/55/833289.55296.WEEKNUMMER292-HRE00016A39.ts", "https://www.openbeelden.nl/files/55/55338.55296.WEEKNUMMER292-HRE00016A39.ts", "https://www.openbeelden.nl/files/55/55300.55296.WEEKNUMMER292-HRE00016A39.mpeg", "https://www.openbeelden.nl/files/55/55296.WEEKNUMMER292-HRE00016A39.mpg", "https://www.openbeelden.nl/images/604275/Graf_Zeppelin_boven_Nederland_%281_06%29.png"], "identifier": ["516278"], "source": ["WEEKNUMMER292-HRE00016A39", "WEEKNUMMER292-HRE00016A39"], "language": ["nl"], "references": [null], "mediator": ["Wikimedia Commons"], "spatial": ["Amsterdam", "Haarlem", "Nederland"], "attributionName": ["Polygoon-Profilti (producent) / Nederlands Instituut voor Beeld en Geluid (beheerder)"], "attributionURL": ["https://www.openbeelden.nl/media/55297"], "license": ["https://creativecommons.org/publicdomain/mark/1.0/"]}