{"title": ["Twentse bergbeklimmers", "Mountaineers from Twente"], "alternative": ["Weeknummer 67-44", "Week number 67-44"], "creator": ["Polygoon-Profilti (producent) / Nederlands Instituut voor Beeld en Geluid (beheerder)", "Polygoon-Profilti (producer) / Netherlands Institute for Sound and Vision (curator)"], "subject": ["klim- en bergsport", "climbing and mountain sports"], "description": ["Bioscoopjournaals waarin Nederlandse onderwerpen van een bepaalde week worden gepresenteerd.", "Newsreels in which Dutch subjects of a certain week are presented."], "abstract": ["Bergbeklimmers uit Twente passeren de grens op weg naar een zandgroeve in Bentheim. Daar oefenen ze het klimmen langs steile wanden en het redden van een alpinist.", "Mountaineers from Twente cross the border on their way to the sand quarry in Bentheim. There they practice climbing steep walls and saving an alpinist."], "publisher": ["Nederlands Instituut voor Beeld en Geluid", "https://www.openbeelden.nl/users/beeldengeluid"], "date": ["1967-10-01"], "type": ["Moving Image"], "extent": ["PT1M46S"], "medium": ["https://www.openbeelden.nl/files/56/56281.56267.WEEKNUMMER674-HRE00015AF5.mp4", "https://www.openbeelden.nl/files/56/56275.56267.WEEKNUMMER674-HRE00015AF5.ogv", "https://www.openbeelden.nl/files/56/56278.56267.WEEKNUMMER674-HRE00015AF5.ogv", "https://www.openbeelden.nl/files/56/56297.56267.WEEKNUMMER674_HRE00015AF5.m3u8", "https://www.openbeelden.nl/files/56/56284.56267.WEEKNUMMER674-HRE00015AF5.ts", "https://www.openbeelden.nl/files/56/56271.56267.WEEKNUMMER674-HRE00015AF5.mpeg", "https://www.openbeelden.nl/files/56/56267.WEEKNUMMER674-HRE00015AF5.mpg", "https://www.openbeelden.nl/images/604256/Twentse_bergbeklimmers_%280_53%29.png"], "identifier": ["521108"], "source": ["WEEKNUMMER674-HRE00015AF5", "WEEKNUMMER674-HRE00015AF5"], "language": ["nl"], "references": [null], "mediator": ["Wikimedia Commons"], "spatial": ["Bentheim", "Duitsland"], "attributionName": ["Polygoon-Profilti (producent) / Nederlands Instituut voor Beeld en Geluid (beheerder)"], "attributionURL": ["https://www.openbeelden.nl/media/56268"], "license": ["https://creativecommons.org/licenses/by-sa/3.0/nl/"]}