{"title": ["Opzienbarende cricketmatch", "Sensational cricket match"], "alternative": ["Weeknummer 64-36", "Week number 64-36"], "creator": ["Polygoon-Profilti (producent) / Nederlands Instituut voor Beeld en Geluid (beheerder)", "Polygoon-Profilti (producer) / Netherlands Institute for Sound and Vision (curator)"], "subject": ["cricket", "nationaal team Australi\u00eb", "nationaal team Nederland", "cricket", "national team Australia", "national team of the Netherlands"], "description": ["Bioscoopjournaals waarin Nederlandse onderwerpen van een bepaalde week worden gepresenteerd.", "Newsreels in which Dutch subjects of a certain week are presented."], "abstract": ["Nederland wint de cricketwedstrijd tegen Australi\u00eb op het veld van de Haagse Cricket Club. Met de Nederlanders aanvoerder Peter van Arkel, Pierhagen, Ernst Vriens, Trijzelaar, Piet Marseille, Pim van der Vegt, Wallie van Weelde en Rudi Onstein en de Australi\u00ebrs O'Neill, Cowper en Conolly.", "The Netherlands wins the cricket match against Australia on the field of the The Hague Cricket Club. With the Dutch team captain Peter van Arkel, Pierhagen, Ernst Vriens, Trijzelaar, Piet Marseille, Pim van der Vegt, Wallie van Weelde and Rudi Onstein and O'Neill, Cowper and Conolly from Australia."], "publisher": ["Nederlands Instituut voor Beeld en Geluid", "https://www.openbeelden.nl/users/beeldengeluid"], "date": ["1964-09-29"], "type": ["Moving Image"], "extent": ["PT2M27S"], "medium": ["https://www.openbeelden.nl/files/56/56314.56300.WEEKNUMMER643-HRE0001B1D9.mp4", "https://www.openbeelden.nl/files/56/56308.56300.WEEKNUMMER643-HRE0001B1D9.ogv", "https://www.openbeelden.nl/files/56/56311.56300.WEEKNUMMER643-HRE0001B1D9.ogv", "https://www.openbeelden.nl/files/56/56327.56300.WEEKNUMMER643_HRE0001B1D9.m3u8", "https://www.openbeelden.nl/files/56/56317.56300.WEEKNUMMER643-HRE0001B1D9.ts", "https://www.openbeelden.nl/files/56/56304.56300.WEEKNUMMER643-HRE0001B1D9.mpeg", "https://www.openbeelden.nl/files/56/56300.WEEKNUMMER643-HRE0001B1D9.mpg", "https://www.openbeelden.nl/images/602763/Opzienbarende_cricketmatch_%281_13%29.png"], "identifier": ["511754"], "source": ["WEEKNUMMER643-HRE0001B1D9", "WEEKNUMMER643-HRE0001B1D9"], "language": ["nl"], "references": [null], "mediator": ["Wikimedia Commons"], "spatial": ["Den Haag", "Nederland", "The Hague", "Netherlands"], "attributionName": ["Polygoon-Profilti (producent) / Nederlands Instituut voor Beeld en Geluid (beheerder)"], "attributionURL": ["https://www.openbeelden.nl/media/56301"], "license": ["https://creativecommons.org/licenses/by-sa/3.0/nl/"], "hasformat": ["film"]}