{"title": ["Driedaags bezoek premier Den Uyl", "Three-day visit of Prime Minister Den Uyl"], "alternative": ["Weeknummer 74-36", "Week number 74-36"], "creator": ["Polygoon-Profilti (producent) / Nederlands Instituut voor Beeld en Geluid (beheerder)", "Polygoon-Profilti (producer) / Netherlands Institute for Sound and Vision (curator)"], "subject": ["bezoeken", "krotten", "plantages", "Uyl, Joop den", "visits", "slums", "plantations", "Uyl", "Joop den"], "description": ["Bioscoopjournaals waarin Nederlandse onderwerpen van een bepaalde week worden gepresenteerd.", "Newsreels in which Dutch subjects of a certain week are presented."], "abstract": ["Premier Joop den Uyl heeft een bezoek gebracht aan de Nederlandse Antillen. Hij sprak met leden van de Antilliaanse ministerraad en bezocht de diverse eilanden. De economische situatie op de Antillen is slecht, zoals blijkt uit grote prijsstijgingen, toenemende werkloosheid en een terugval in het toerisme. Het ontslag van stakende werknemers van een Japans visbedrijf op Sint-Maarten leidde onlangs tot onlusten waarbij het bestuurskantoor in Philipsburg in brand werd gestoken. SHOTS: stadsshot Willemstad; Den Uyl bijeen met Antilliaanse ministerraad; Den Uyl en zijn vrouw op bezoek op plantage Wambo en een varkensfokkerij op Cura\u00e7ao; Den Uyl bezoekt een krottenwijk in Aruba en huisvestingsproject in Tarabana, Aruba; de haven en de ru\u00efne van het bestuurskantoor in Philipsburg.", "Prime Minister Joop den Uyl has made a visit to the Netherlands Antilles. He spoke to members of the Council of Ministers of the Netherlands Antilles and visited several islands. The economic situation in the Antilles is bad, which can be seen in the rise in prices, increasing unemployment and a decrease in tourism. The dismissal of employees on strike of a Japanese fishing company in Sint-Maarten caused riots. During the riots the administrative office in Philipsburg was set on fire. SHOTS: city shots of Willemstad; Den Uyl with the Council of Ministers of the Netherlands Antilles; Den Uyl and his wife visiting the plantation Wambo and a pig farm on Cura\u00e7ao; Den Uyl visits a slum in Aruba and a housing project in Tarabana, Aruba; the harbour and remains of the administrative office in Philipsburg."], "publisher": ["Nederlands Instituut voor Beeld en Geluid", "https://www.openbeelden.nl/users/beeldengeluid"], "date": ["1974-01-01"], "type": ["Moving Image"], "extent": ["PT2M32S"], "medium": ["https://www.openbeelden.nl/files/58/58234.58220.WEEKNUMMER743-HRE0001C1ED.mp4", "https://www.openbeelden.nl/files/58/58228.58220.WEEKNUMMER743-HRE0001C1ED.ogv", "https://www.openbeelden.nl/files/58/58231.58220.WEEKNUMMER743-HRE0001C1ED.ogv", "https://www.openbeelden.nl/files/58/58255.58220.WEEKNUMMER743_HRE0001C1ED.m3u8", "https://www.openbeelden.nl/files/58/58237.58220.WEEKNUMMER743-HRE0001C1ED.ts", "https://www.openbeelden.nl/files/58/58224.58220.WEEKNUMMER743-HRE0001C1ED.mpeg", "https://www.openbeelden.nl/files/58/58220.WEEKNUMMER743-HRE0001C1ED.mpg", "https://www.openbeelden.nl/images/604231/Driedaags_bezoek_premier_Den_Uyl_%281_16%29.png"], "identifier": ["516938"], "source": ["WEEKNUMMER743-HRE0001C1ED", "WEEKNUMMER743-HRE0001C1ED"], "language": ["nl"], "references": [null], "mediator": ["Wikimedia Commons"], "spatial": ["Aruba", "Cura\u00e7ao", "Nederland", "Nederlandse Antillen", "Philipsburg", "Sint-Maarten", "Willemstad"], "attributionName": ["Polygoon-Profilti (producent) / Nederlands Instituut voor Beeld en Geluid (beheerder)"], "attributionURL": ["https://www.openbeelden.nl/media/58221"], "license": ["https://creativecommons.org/licenses/by-sa/3.0/nl/"]}