{"title": ["Nieuws uit Suriname: stuwmeer achter Brokopondodam", "News from Suriname: reservoir behind the Brokopondo Dam"], "alternative": ["Weeknummer 64-18", "Week number 64-18"], "creator": ["Polygoon-Profilti (producent) / Nederlands Instituut voor Beeld en Geluid (beheerder)", "Polygoon-Profilti (producer) / Netherlands Institute for Sound and Vision (curator)"], "subject": ["stuwdammen", "stuwmeren", "Brokopondo-project", "dams", "reservoirs", "Brokopondo Project"], "description": ["Bioscoopjournaals waarin Nederlandse onderwerpen van een bepaalde week worden gepresenteerd.", "Newsreels in which Dutch subjects of a certain week are presented."], "abstract": ["Het oerwoud achter de Afobakadam in Brokopondo komt door de sluiting van de dam langzaam onder water te staan. In het dorp Koffiekamp staan het dorpshuis, de kerk en de huizen half onder water. Met archiefmateriaal van de sluiting van de stuwdam door gouverneur Archibald Currie.", "The jungle behind the Afobaka Dam in Brokopondo is slowly flooded after the closing of the dam. In the village of Koffiekamp the community centre, the chuch and the houses are half flooded. With archive material of the closing of the dam by governor Archibald Currie."], "publisher": ["Nederlands Instituut voor Beeld en Geluid", "https://www.openbeelden.nl/users/beeldengeluid"], "date": ["1964-05-01"], "type": ["Moving Image"], "extent": ["PT2M4S"], "medium": ["https://www.openbeelden.nl/files/58/58587.58573.WEEKNUMMER641-HRE00029A2D.mp4", "https://www.openbeelden.nl/files/58/58581.58573.WEEKNUMMER641-HRE00029A2D.ogv", "https://www.openbeelden.nl/files/58/58584.58573.WEEKNUMMER641-HRE00029A2D.ogv", "https://www.openbeelden.nl/files/58/58631.58573.WEEKNUMMER641_HRE00029A2D.m3u8", "https://www.openbeelden.nl/files/58/58590.58573.WEEKNUMMER641-HRE00029A2D.ts", "https://www.openbeelden.nl/files/58/58577.58573.WEEKNUMMER641-HRE00029A2D.mpeg", "https://www.openbeelden.nl/files/58/58573.WEEKNUMMER641-HRE00029A2D.mpg", "https://www.openbeelden.nl/images/604221/Nieuws_uit_Suriname_stuwmeer_achter_Brokopondodam_%281_02%29.png"], "identifier": ["514818"], "source": ["WEEKNUMMER641-HRE00029A2D", "WEEKNUMMER641-HRE00029A2D"], "language": ["nl"], "references": [null], "mediator": ["Wikimedia Commons"], "spatial": ["Brokopondo", "Brokopondomeer", "Suriname"], "attributionName": ["Polygoon-Profilti (producent) / Nederlands Instituut voor Beeld en Geluid (beheerder)"], "attributionURL": ["https://www.openbeelden.nl/media/58574"], "license": ["https://creativecommons.org/licenses/by-sa/3.0/nl/"]}