{"title": ["Nieuws uit de West: suikercultuur in Suriname", "News from the West: sugercane cultivation in Suriname"], "alternative": ["Weeknummer 48-11", "Week number 48-11"], "creator": ["Polygoon-Profilti (producent) / Nederlands Instituut voor Beeld en Geluid (beheerder)", "Polygoon-Profilti (producer) / Netherlands Institute for Sound and Vision (curator)"], "subject": ["fabrieken", "suikerriet", "Mari\u00ebnburg", "factories", "sugar cane", "Mari\u00ebnburg"], "description": ["Bioscoopjournaals waarin Nederlandse onderwerpen van een bepaalde week worden gepresenteerd.", "Newsreels in which Dutch subjects of a certain week are presented."], "abstract": ["Impressie van de gang van zaken op de suikerrietplantage Mari\u00ebnburg in Suriname. SHOTS: - een veld met wuivende rietstengels; - arbeiders lopen door het veld, hakken de rietstengels af met kapmessen en maken er bundels van; - de bundels worden met een smalspoor-stoomtreintje naar de suikerfabriek gebracht; - in de fabriek worden de stengels verwerkt tot suiker.", "Impression of the daily business on the sugar plantation Mari\u00ebnburg in Suriname. SHOTS: - a field with waving sugar cane; - workers walk through the field, chopping sugar canes with machetes and making bundles of them; - the bundles are taken to the sugar factory with a small narrow gauge railway steam train; - in the factory the canes are made into sugar."], "publisher": ["Nederlands Instituut voor Beeld en Geluid", "https://www.openbeelden.nl/users/beeldengeluid"], "date": ["1948-03-01"], "type": ["Moving Image"], "extent": ["PT1M28S"], "medium": ["https://www.openbeelden.nl/files/59/59055.59036.WEEKNUMMER481-HRE0000CFBC.mp4", "https://www.openbeelden.nl/files/59/59049.59036.WEEKNUMMER481-HRE0000CFBC.ogv", "https://www.openbeelden.nl/files/59/59052.59036.WEEKNUMMER481-HRE0000CFBC.ogv", "https://www.openbeelden.nl/files/59/59068.59036.WEEKNUMMER481_HRE0000CFBC.m3u8", "https://www.openbeelden.nl/files/59/59058.59036.WEEKNUMMER481-HRE0000CFBC.ts", "https://www.openbeelden.nl/files/59/59040.59036.WEEKNUMMER481-HRE0000CFBC.mpeg", "https://www.openbeelden.nl/files/59/59036.WEEKNUMMER481-HRE0000CFBC.mpg", "https://www.openbeelden.nl/images/604207/Nieuws_uit_de_West_suikercultuur_in_Suriname_%280_44%29.png"], "identifier": ["511221"], "source": ["WEEKNUMMER481-HRE0000CFBC", "WEEKNUMMER481-HRE0000CFBC"], "language": ["nl"], "references": [null], "mediator": ["Wikimedia Commons"], "spatial": ["Suriname"], "attributionName": ["Polygoon-Profilti (producent) / Nederlands Instituut voor Beeld en Geluid (beheerder)"], "attributionURL": ["https://www.openbeelden.nl/media/59037"], "license": ["https://creativecommons.org/licenses/by-sa/3.0/nl/"]}