{"title": ["Nieuws uit de West: bauxietmijnen in Suriname", "News from the West: bauxite mines in Suriname"], "alternative": ["Weeknummer 47-52", "Week number 47-52"], "creator": ["Polygoon-Profilti (producent) / Nederlands Instituut voor Beeld en Geluid (beheerder)", "Polygoon-Profilti (producer) / Netherlands Institute for Sound and Vision (curator)"], "subject": ["aluminium", "mijnen", "aluminium", "mines"], "description": ["Bioscoopjournaals waarin Nederlandse onderwerpen van een bepaalde week worden gepresenteerd.", "Newsreels in which Dutch subjects of a certain week are presented."], "abstract": ["Impressie van de gang van zaken bij de bauxietmijnen in Suriname. SHOTS: - winning van erts gebeurt aan de oppervlakte; arbeiders met drilboren en draglines; met dynamiet wordt het erts in stukken geblazen; - in de fabriek wordt het gewonnen erts verder bewerkt: het wordt schoongemaakt met waterkanonnen; over smalspoor getransporteerd met lorry's; gedroogd in roterende droogtrommels.", "Impression of the daily business at the bauxite mines in Suriname. SHOTS: - winning of ore starts at the surface; workers with drills and dragline excavators; with dynamite the ore is blown to pieces; - in the factory the ore is further processed: it is cleaned with water canons; transported across a narrow gauge railway with lorries; and dried in rotating driers."], "publisher": ["Nederlands Instituut voor Beeld en Geluid", "https://www.openbeelden.nl/users/beeldengeluid"], "date": ["1947-12-01"], "type": ["Moving Image"], "extent": ["PT2M4S"], "medium": ["https://www.openbeelden.nl/files/59/59185.59171.WEEKNUMMER475-HRE0001C369.mp4", "https://www.openbeelden.nl/files/59/59179.59171.WEEKNUMMER475-HRE0001C369.ogv", "https://www.openbeelden.nl/files/59/59182.59171.WEEKNUMMER475-HRE0001C369.ogv", "https://www.openbeelden.nl/files/59/59194.59171.WEEKNUMMER475_HRE0001C369.m3u8", "https://www.openbeelden.nl/files/59/59188.59171.WEEKNUMMER475-HRE0001C369.ts", "https://www.openbeelden.nl/files/59/59175.59171.WEEKNUMMER475-HRE0001C369.mpeg", "https://www.openbeelden.nl/files/59/59171.WEEKNUMMER475-HRE0001C369.mpg", "https://www.openbeelden.nl/images/604205/Nieuws_uit_de_West_bauxietmijnen_in_Suriname_%281_02%29.png"], "identifier": ["525164"], "source": ["WEEKNUMMER475-HRE0001C369", "WEEKNUMMER475-HRE0001C369"], "language": ["nl"], "references": [null], "mediator": ["Wikimedia Commons"], "spatial": ["Suriname"], "attributionName": ["Polygoon-Profilti (producent) / Nederlands Instituut voor Beeld en Geluid (beheerder)"], "attributionURL": ["https://www.openbeelden.nl/media/59172"], "license": ["https://creativecommons.org/publicdomain/mark/1.0/"]}