{"title": ["De wilde eend 20/25", "The wild duck 20/25"], "alternative": [null, null], "creator": ["Toneelgroep Amsterdam, Gerardjan Rijnders (regie) / Erik Lint (video)", "Toneelgroep Amsterdam, Gerardjan Rijnders (direction) / Erik Lint (video)"], "subject": ["UvA", "theater", "theatre"], "description": ["De Noorse schrijver Henrik Ibsen voert in  De wilde eend een redelijk gelukkig gezin met harde hand naar de ondergang. In naam van een idealistisch zoeken naar waarheid, wordt het levensgeluk van vier mensen meedogenloos vernietigd", "Henrik Ibsen\u2019s play about the downfall of a family in search of ideals and truth"], "abstract": [null, null], "publisher": ["Theaterwetenschap, Universiteit van Amsterdam", "https://www.openbeelden.nl/users/uvathw"], "contributor": ["Rijnders, Gerardjan (bewerking en regie)", "Ibsen, Henrik (auteur)", "Woudstra, Karst (vertaling)", "Brogt, Janine (dramaturgie)", "Enklaar, Cas (uitvoerende: Directeur Werle)", "Bokma, Pierre (uitvoerende: Gregers Werle)", "Commandeur, Jacques (uitvoerende: Oude Ekdal)", "Bruins, Hajo (uitvoerende: Hjalmar Ekdal)", "Heebink, Marieke (uitvoerende: Gina Ekdal)", "Verbeke, Gunilla (uitvoerende: Hedvig)", "Brandsma, Marjon (uitvoerende: Mevrouw S\u00f6rby, Molvik)", "Koolschijn, Hugo (uitvoerende: Relling, Bediende)", "Gallis, Paul (scenografie)", "Snijders, Sabine (kostuums)", "Visser, Mirjam (productie)", "Drunen, Trea van (grime, kapwerk)", "Evenwel, Roswitha (grime, kapwerk)", "Verswijveren, David (grime, kapwerk)", "Sluys, Erik (grime, kapwerk)", "Truebridge, Mark (licht)", "Toneelgroep Amsterdam (producent)"], "date": ["2003-03-28"], "type": ["Moving Image"], "extent": ["PT4M8S"], "medium": ["https://www.openbeelden.nl/files/06/01/601554.601534.DeWildeEend_Lint_200201263.002_20.mp4", "https://www.openbeelden.nl/files/06/01/601556.601534.DeWildeEend_Lint_200201263.002_20.mp4", "https://www.openbeelden.nl/files/06/01/601534.DeWildeEend_Lint_200201263.002_20.mp4", "https://www.openbeelden.nl/files/06/01/601558.601534.DeWildeEend_Lint_200201263.002_20.webm", "https://www.openbeelden.nl/files/06/01/601550.601534.DeWildeEend_Lint_200201263.002_20.ogv", "https://www.openbeelden.nl/files/06/01/601552.601534.DeWildeEend_Lint_200201263.002_20.ogv", "https://www.openbeelden.nl/files/06/01/601619.601534.DeWildeEend_Lint_200201263_002_20.m3u8", "https://www.openbeelden.nl/files/06/01/601560.601534.DeWildeEend_Lint_200201263.002_20.ts", "https://www.openbeelden.nl/files/06/01/601537.601534.DeWildeEend_Lint_200201263.002_20.mpeg", "https://www.openbeelden.nl/images/601841/De_wilde_eend_20_25_%282_04%29.png"], "identifier": ["DeWildeEend_Lint_200201263.002_20"], "language": ["nl"], "references": ["DeWildeEend_Lint_200201263.002", "DeWildeEend_Lint_200201263.002"], "mediator": [null], "attributionName": ["Toneelgroep Amsterdam, Gerardjan Rijnders (regie) / Erik Lint (video)"], "attributionURL": ["https://www.openbeelden.nl/media/601535"], "license": ["https://creativecommons.org/licenses/by-nc-sa/3.0/nl/"], "hasformat": ["magnetictape"]}