{"title": ["Licht 12/18"], "alternative": [null], "creator": ["Toneelgroep Amsterdam, Gerardjan Rijnders (regie) / Erik Lint (video)"], "subject": ["UvA", "theater"], "description": ["In  Licht van Toneelgroep Amsterdam (tekst en regie: Gerardjan Rijnders) staat het Bijbelverhaal van de bekering van Saulus tot Paulus centraal. De voorstelling is een collage van krantenberichten en alledaagse dingen die je meemaakt op straat. Het lichtontwerp (Kees van de Lagemaat) en het decor (Paul Gallis) vormen belangrijke, beeldbepalende elementen in deze abstracte montagevoorstelling."], "abstract": [null], "publisher": ["Theaterwetenschap, Universiteit van Amsterdam", "https://www.openbeelden.nl/users/uvathw"], "contributor": ["Rijnders, Gerardjan (regie, samenstelling, uitvoerende)", "Houtman, Dirkje (dramaturgie, uitvoerende)", "Gallis, Paul (decor, uitvoerende)", "Dalfsen, Jan van (productie, uitvoerende)", "Lagemaat, Kees van de (licht, uitvoerende)", "Admiraal, Joop (uitvoerende)", "Bender, Marc (uitvoerende)", "Bercum, Marga van (uitvoerende)", "Bergsma, Henk (uitvoerende)", "Boeke, Jasper (uitvoerende)", "Bouhbouh, Farida (uitvoerende)", "Bokma, Pierre (uitvoerende)", "Bruins, Hajo (uitvoerende)", "Dorp, Elianne van (uitvoerende)", "Edelenbos, Bert (uitvoerende)", "Els, Bram van (uitvoerende)", "Ettema, Marjolein (uitvoerende)", "Gelder, Eddy van (uitvoerende)", "Gimbr\u00e8re, Casper (uitvoerende)", "Gorter, Malou (uitvoerende)", "Goslinga, Janni (uitvoerende)", "Heijden, Hein van der (uitvoerende)", "Janssen, Louis (uitvoerende)", "Joosten, Robert (uitvoerende)", "Lange, Gijs de (uitvoerende)", "Linssen, David (uitvoerende)", "L\u00fcrsen, Ruben (uitvoerende)", "Kesting, Hans (uitvoerende)", "Kloosterboer, Hester (uitvoerende)", "Koolschijn, Hugo (uitvoerende)", "Muizelaar, Titus (uitvoerende)", "Nufaar, Celia (uitvoerende)", "Ouwehand, Roos (uitvoerende)", "Pieksma, Hans (uitvoerende)", "Pouwels, Barbara (uitvoerende)", "Reesen, Joop (uitvoerende)", "Reesen, Hans (uitvoerende)", "Rooy, Theo van (uitvoerende)", "Rijxman, Lineke (uitvoerende)", "Slangen, Maus (uitvoerende)", "Sluys, Erik (uitvoerende)", "Smal, Andr\u00e9 (uitvoerende)", "Stoffers, Rob (uitvoerende)", "Uden, Bambi (uitvoerende)", "Vliet, Wim van (uitvoerende)", "Vogel, Hans (uitvoerende)", "Toneelgroep Amsterdam (producent)"], "date": ["1996-12-24"], "type": ["Moving Image"], "extent": ["PT3M47S"], "medium": ["https://www.openbeelden.nl/files/06/08/609358.608941.Licht_Lint_129601263.008_12.mp4", "https://www.openbeelden.nl/files/06/08/609360.608941.Licht_Lint_129601263.008_12.mp4", "https://www.openbeelden.nl/files/06/08/608941.Licht_Lint_129601263.008_12.mp4", "https://www.openbeelden.nl/files/06/08/609362.608941.Licht_Lint_129601263.008_12.webm", "https://www.openbeelden.nl/files/06/08/609354.608941.Licht_Lint_129601263.008_12.ogv", "https://www.openbeelden.nl/files/06/08/609356.608941.Licht_Lint_129601263.008_12.ogv", "https://www.openbeelden.nl/files/06/08/609423.608941.Licht_Lint_129601263_008_12.m3u8", "https://www.openbeelden.nl/files/06/08/609364.608941.Licht_Lint_129601263.008_12.ts", "https://www.openbeelden.nl/files/06/08/608944.608941.Licht_Lint_129601263.008_12.mpeg", "https://www.openbeelden.nl/images/611648/Licht_12_18_%281_53%29.png"], "identifier": ["Licht_Lint_129601263.008_12"], "language": ["nl"], "references": ["Licht_Lint_129601263.008"], "mediator": [null], "attributionName": ["Toneelgroep Amsterdam, Gerardjan Rijnders (regie) / Erik Lint (video)"], "attributionURL": ["https://www.openbeelden.nl/media/608942"], "license": ["https://creativecommons.org/licenses/by-nc-sa/3.0/nl/"], "hasformat": ["magnetictape"]}