{"title": ["Angst en ellende in het rijk van Kok 16/23"], "alternative": [null], "creator": ["Toneelgroep Amsterdam, Gerardjan Rijnders (regie) / Erik Lint (video)"], "subject": ["UvA", "theater"], "description": ["De grimmige theatrale satire \u2018Angst en Ellende in het Rijk van Kok\u2019 stelt de vraag aan de orde in hoeverre de Islam in Nederland een bedreiging vormt voor homo- en vrouwenemancipatie. Het stuk van Guus Vleugel en Ton Vorstenbosch beleefde zijn premi\u00e8re op 08-04-1999 en is ge\u00efnspireerd op de toenmalige actualiteit"], "abstract": ["Aldo, een oudere homo heeft zich met zijn huishoudster opgesloten in zijn souterrain woning. Ze zijn bang voor alles wat anders is, en vooral voor Marokkaanse hangjongeren. Daarover beklaagt hij zich bij zijn bovenbuurvrouw, een PvdA- kamerlid dat carri\u00e8re hoopt te maken in de politiek en daarvoor de opvoeding van haar zoontje verwaarloost. Aan het eind van de voorstelling is het zoontje ontvoerd door een Hollandse pedofiel, is Aldo afgetuigd door een Hollandse schandknaap, krijgt hij in het ziekenhuis een mooie verstandhouding met een Marokkaanse verpleger en is het kamerlid veranderd in een Moslim-fundamentaliste.\u00a0 \u00a0 De grimmige theatrale satire \u2018 Angst en Ellende in het Rijk van Kok\u2019 stelt de vraag aan de orde in hoeverre de Islam in Nederland een bedreiging vormt voor homo- en vrouwenemancipatie. Het stuk van Guus Vleugel en Ton Vorstenbosch beleefde zijn premi\u00e8re door Toneelgroep Amsterdam op 08-04-1999 en is ge\u00efnspireerd op de toenmalige actualiteit. De titel verwijst niet alleen naar de contemporaine minister-president (Wim Kok), maar ook naar Brechts ' Furcht und Elend des dritten Reichs'."], "publisher": ["Theaterwetenschap, Universiteit van Amsterdam", "https://www.openbeelden.nl/users/uvathw"], "contributor": ["Rijnders, Gerardjan (regie)", "Vleugel, Guus (auteur)", "Vorstenbosch, Ton (auteur)", "Minderhoud, Laura (dramaturgie)", "Gallis, Paul (decor)", "Dorp, Elianne van (kostuums)", "Mohr, Rosalie (productie)", "Boven, Hans (licht)", "Hulst, Kees (uitvoerende: Aldo Schaafsma)", "Courbois, Kitty (uitvoerende: Miep van Borsselen)", "Koolschijn, Hugo (uitvoerende: Roy)", "Goslinga, Janni (uitvoerende: Driekje de Wilde)", "Boeke, Jasper (uitvoerende: Eddy)", "Bruins, Hajo (uitvoerende: een rechercheur)", "Renes, Fleur (uitvoerende: een vrouwelijke agent)", "Oa\u00efssa, Mimoun (uitvoerende: Kariem)", "Toneelgroep Amsterdam (producent)"], "date": ["1999-04-08"], "type": ["Moving Image"], "extent": ["PT3M36S"], "medium": ["https://www.openbeelden.nl/files/06/10/610752.610741.AngstEnEllendeInHetRijkVanKok_Lint_129801263.007_16.mp4", "https://www.openbeelden.nl/files/06/10/610754.610741.AngstEnEllendeInHetRijkVanKok_Lint_129801263.007_16.mp4", "https://www.openbeelden.nl/files/06/10/610741.AngstEnEllendeInHetRijkVanKok_Lint_129801263.007_16.mp4", "https://www.openbeelden.nl/files/06/10/610756.610741.AngstEnEllendeInHetRijkVanKok_Lint_129801263.007_16.webm", "https://www.openbeelden.nl/files/06/10/610748.610741.AngstEnEllendeInHetRijkVanKok_Lint_129801263.007_16.ogv", "https://www.openbeelden.nl/files/06/10/610750.610741.AngstEnEllendeInHetRijkVanKok_Lint_129801263.007_16.ogv", "https://www.openbeelden.nl/files/06/10/610809.610741.AngstEnEllendeInHetRijkVanKok_Lint_129801263_007_16.m3u8", "https://www.openbeelden.nl/files/06/10/610758.610741.AngstEnEllendeInHetRijkVanKok_Lint_129801263.007_16.ts", "https://www.openbeelden.nl/files/06/10/610742.610741.AngstEnEllendeInHetRijkVanKok_Lint_129801263.007_16.mpeg", "https://www.openbeelden.nl/images/610878/Angst_en_ellende_in_het_rijk_van_Kok_16_23_%281_48%29.png"], "identifier": ["AngstEnEllendeInHetRijkVanKok_Lint_129801263.007_16"], "language": ["nl"], "references": ["AngstEnEllendeInHetRijkVanKok_Lint_129801263.007"], "mediator": [null], "attributionName": ["Toneelgroep Amsterdam, Gerardjan Rijnders (regie) / Erik Lint (video)"], "attributionURL": ["https://www.openbeelden.nl/media/610739"], "license": ["https://creativecommons.org/licenses/by-nc-sa/3.0/nl/"], "hasformat": ["magnetictape"]}