{"title": ["Een wonderlijke hobby", "A wonderful hobby"], "alternative": ["Weeknummer 63-11", "Week number 63-11"], "creator": ["Polygoon-Profilti (producent) / Nederlands Instituut voor Beeld en Geluid (beheerder)", "Polygoon-Profilti (producer) / Netherlands Institute for Sound and Vision (curator)"], "subject": ["verzamelingen", "collections"], "description": ["Bioscoopjournaals waarin Nederlandse onderwerpen van een bepaalde week worden gepresenteerd.", "Newsreels in which Dutch subjects of a certain week are presented."], "abstract": ["Mevr. Bleeker uit Amsterdam zoekt bij een schroothandel in oude metalen naar strijkijzers. Verder haar verzameling strijkbouten en treefjes bij haar thuis.", "Mrs. Bleeker from Amsterdam looks for irons at a scrapyard for old metal. Also shots of her collection of irons and trivets at her home."], "publisher": ["Nederlands Instituut voor Beeld en Geluid", "https://www.openbeelden.nl/users/beeldengeluid"], "contributor": ["Bloemendal, Philip (commentaar)"], "date": ["1963-03-01"], "type": ["Moving Image"], "extent": ["PT2M44S"], "medium": ["https://www.openbeelden.nl/files/06/11/611972.611961.WEEKNUMMER631-HRE0001B161.mp4", "https://www.openbeelden.nl/files/06/11/611974.611961.WEEKNUMMER631-HRE0001B161.mp4", "https://www.openbeelden.nl/files/06/11/611976.611961.WEEKNUMMER631-HRE0001B161.webm", "https://www.openbeelden.nl/files/06/11/611968.611961.WEEKNUMMER631-HRE0001B161.ogv", "https://www.openbeelden.nl/files/06/11/611970.611961.WEEKNUMMER631-HRE0001B161.ogv", "https://www.openbeelden.nl/files/06/11/612067.611961.WEEKNUMMER631_HRE0001B161.m3u8", "https://www.openbeelden.nl/files/06/11/611978.611961.WEEKNUMMER631-HRE0001B161.ts", "https://www.openbeelden.nl/files/06/11/611964.611961.WEEKNUMMER631-HRE0001B161.mpeg", "https://www.openbeelden.nl/files/06/11/611961.WEEKNUMMER631-HRE0001B161.mpg", "https://www.openbeelden.nl/images/614544/Een_wonderlijke_hobby_%281_22%29.png"], "identifier": ["508736"], "source": ["WEEKNUMMER631-HRE0001B161"], "language": ["nl"], "references": [null], "mediator": ["Wikimedia Commons"], "spatial": ["Amsterdam", "Nederland", "Amsterdam", "Netherlands"], "attributionName": ["Polygoon-Profilti (producent) / Nederlands Instituut voor Beeld en Geluid (beheerder)"], "attributionURL": ["https://www.openbeelden.nl/media/611962"], "license": ["https://creativecommons.org/licenses/by-sa/3.0/nl/"], "hasformat": ["film"]}