{"title": ["Wielerwedstrijden in het Vondelpark", "Bicycle races at the Vondelpark"], "alternative": ["Weeknummer 23-17", "Week number 23-17"], "creator": ["Polygoon-Profilti (producent) / Nederlands Instituut voor Beeld en Geluid (beheerder)", "Polygoon-Profilti (producer) / Netherlands Institute for Sound and Vision (curator)"], "subject": ["motoren", "parken", "politieagenten", "wedstrijden", "wielrennen", "motors", "parks", "policemen", "matches", "bicycle racing"], "description": ["Bioscoopjournaals waarin Nederlandse onderwerpen van een bepaalde week worden gepresenteerd.", "Newsreels in which Dutch subjects of a certain week are presented."], "abstract": ["Beeldverslagje van een internationale wielerwedstrijd over 100 km in het Vondelpark. Doel was met de opbrengst het noodlijdende en verwaarloosde park op te knappen. Door het gebrek aan publiek ivm de regen werd dit niet goed verwezelijkt. Deelnemende renners waren oa vd Wiel, Ikelaar, Straat, Wiersma, Hohle, Bekkering, Van Melis, Schlebaum en Maas (Nederland), uit Duitsland : Behrend, Jolle, Koch, Siewert en Kohl, en uit Belgi\u00eb: Pellissier, de gebr. Buysse, Van Hevel en Vermandel. Winnaar werden overigens de Belgen Omer Huysse (1), Lucien Buysse (2) en Dossche (3).\u00a0Shots: wachtende agenten voeren mussen in het park 15\"; Gefilmd van bovenaf: aanrijden renners, publiek langs de kant, auto met bord Gerzon; Start race + shots renners die de bocht om komen fietsen, gevolgd door auto's en motoren 48\".", "An international bicycle race of 100 kilometres at the Vondelpark. Goal was to improve the neglected park with the gained profit. But there were less visitors than expected because of the rain. The runners included: vd Wiel, Ikelaar, Straat, Wiersma, Hohle, Bekkering, Van Melis, Schlebaum en Maas (the Netherlands), from Germany: Behrend, Jolle, Koch, Siewert en Kohl, and from Belgium: Pellissier, de brothers Buysse, Van Hevel en Vermandel. The belgians Omer Huysse (1),Lucien Buysse (2) en Dossche (3) won eventually. Shots: policemen feeding sparrows in the park whilst waiting 15''; high angle shot: bicyclers coming through, audience on the side, car with Gerzon sign; Start race + shots bicyclers around the bend, followed by car's and motorcycles 48''."], "publisher": ["Nederlands Instituut voor Beeld en Geluid", "https://www.openbeelden.nl/users/beeldengeluid"], "date": ["1923-09-22"], "type": ["Moving Image"], "extent": ["PT1M15S"], "medium": ["https://www.openbeelden.nl/files/06/14/614989.614976.BG_18813.mp4", "https://www.openbeelden.nl/files/06/14/614991.614976.BG_18813.mp4", "https://www.openbeelden.nl/files/06/14/614993.614976.BG_18813.webm", "https://www.openbeelden.nl/files/06/14/614985.614976.BG_18813.ogv", "https://www.openbeelden.nl/files/06/14/614987.614976.BG_18813.ogv", "https://www.openbeelden.nl/files/06/14/615007.614976.BG_18813.m3u8", "https://www.openbeelden.nl/files/06/14/614995.614976.BG_18813.ts", "https://www.openbeelden.nl/files/06/14/614979.614976.BG_18813.mpeg", "https://www.openbeelden.nl/files/06/14/614976.BG_18813.mpg", "https://www.openbeelden.nl/images/614997/Wielerwedstrijden_in_het_Vondelpark_%280_37%29.png"], "identifier": ["30407"], "source": ["WEEKNUMMER231-HRE00004AE6"], "language": ["nl"], "references": [null], "mediator": ["Wikimedia Commons"], "spatial": ["Amsterdam", "Nederland", "Vondelpark", "Amsterdam", "The Netherlands", "Vondelpark"], "attributionName": ["Polygoon-Profilti (producent) / Nederlands Instituut voor Beeld en Geluid (beheerder)"], "attributionURL": ["https://www.openbeelden.nl/media/614977"], "license": ["https://creativecommons.org/publicdomain/mark/1.0/"], "hasformat": ["film"]}