{"title": ["Wat doet u in uw vrije tijd? Nederlandse modelbouwersclub houdt een tentoonstelling", "What do you do in your spare time? The Dutch model builders club has an exhibition"], "alternative": ["Weeknummer 46-21", "Week number 46-21"], "creator": ["Polygoon-Profilti (producent) / Nederlands Instituut voor Beeld en Geluid (beheerder)", "Polygoon-Profilti (producer) / Netherlands Institute for Sound and Vision (curator)"], "subject": ["hobby's", "modelbouw", "hobbies", "model building"], "description": ["Bioscoopjournaals waarin Nederlandse onderwerpen van een bepaalde week worden gepresenteerd.", "Newsreels in which Dutch subjects of a certain week are presented."], "abstract": ["Div. modelbouwers zijn bezig met hun hobby: modeltreinen, modelstoommachine, modelvliegtuig, modelpassagiersschip. Kleine expositie met modelschepen en miniatuurhaven.", "Several model builders are working on their hobby: model trains, a model steam engines, a model airplane, a model passenger ship. Small exhibition with model ships and miniature harbour."], "publisher": ["Nederlands Instituut voor Beeld en Geluid", "https://www.openbeelden.nl/users/beeldengeluid"], "date": ["1946-04-01"], "type": ["Moving Image"], "extent": ["PT1M3S"], "medium": ["https://www.openbeelden.nl/files/06/15/615254.615241.WEEKNUMMER462-HRE00013927.mp4", "https://www.openbeelden.nl/files/06/15/615256.615241.WEEKNUMMER462-HRE00013927.mp4", "https://www.openbeelden.nl/files/06/15/615258.615241.WEEKNUMMER462-HRE00013927.webm", "https://www.openbeelden.nl/files/06/15/615250.615241.WEEKNUMMER462-HRE00013927.ogv", "https://www.openbeelden.nl/files/06/15/615252.615241.WEEKNUMMER462-HRE00013927.ogv", "https://www.openbeelden.nl/files/06/15/615348.615241.WEEKNUMMER462_HRE00013927.m3u8", "https://www.openbeelden.nl/files/06/15/615260.615241.WEEKNUMMER462-HRE00013927.ts", "https://www.openbeelden.nl/files/06/15/615244.615241.WEEKNUMMER462-HRE00013927.mpeg", "https://www.openbeelden.nl/files/06/15/615241.WEEKNUMMER462-HRE00013927.mpg", "https://www.openbeelden.nl/images/615263/Wat_doet_u_in_uw_vrije_tijd_Nederlandse_modelbouwersclub_houdt_een_tentoonstelling_%280_31%29.png"], "identifier": ["516184"], "source": ["WEEKNUMMER462-HRE00013927"], "language": ["nl"], "references": [null], "mediator": ["Wikimedia Commons"], "spatial": ["Amsterdam", "Nederland", "Amsterdam", "Netherlands"], "attributionName": ["Polygoon-Profilti (producent) / Nederlands Instituut voor Beeld en Geluid (beheerder)"], "attributionURL": ["https://www.openbeelden.nl/media/615242"], "license": ["https://creativecommons.org/publicdomain/mark/1.0/"], "hasformat": ["film"]}