{"title": ["Limburgse hobbies", "Hobbies in Limburg"], "alternative": ["Weeknummer 59-48", "Week number 59-48"], "creator": ["Polygoon-Profilti (producent) / Nederlands Instituut voor Beeld en Geluid (beheerder)", "Polygoon-Profilti (producer) / Netherlands Institute for Sound and Vision (curator)"], "subject": ["openingen", "openings"], "description": ["Bioscoopjournaals waarin Nederlandse onderwerpen van een bepaalde week worden gepresenteerd.", "Newsreels in which Dutch subjects of a certain week are presented."], "abstract": ["Tweede Kamerlid Peters (?) opent in Valkenburg met het doorzagen van een plank de hobbybeurs Scheppende handen voor Limburgse doe-het-zelf amateurs. Met gebruiks- en siervoorwerpen, een oosters spiegelpaleis met bewegende danseressen, een uit hout gesneden meisjesfiguur, uit hout gesneden exotische vogels, figuren uit mergel en een kruik.", "\u00a0In Valkenburg,\u00a0House of Representatives member Peters (?) opens the hobby exhibition Scheppende handen (Creative hands) for DIY amateurs from Limburg by sawing a board in half. With useful and decorative objects, an Eastern hall of mirrors with moving dancers, exotic birds cut from wood, characters from marl and a jug."], "publisher": ["Nederlands Instituut voor Beeld en Geluid", "https://www.openbeelden.nl/users/beeldengeluid"], "contributor": ["Bloemendal, Philip (commentaar)"], "date": ["1959-10-23"], "type": ["Moving Image"], "extent": ["PT1M25S"], "medium": ["https://www.openbeelden.nl/files/06/15/615643.615611.WEEKNUMMER594-HRE00016A15.mp4", "https://www.openbeelden.nl/files/06/15/615645.615611.WEEKNUMMER594-HRE00016A15.mp4", "https://www.openbeelden.nl/files/06/15/615639.615611.WEEKNUMMER594-HRE00016A15.ogv", "https://www.openbeelden.nl/files/06/15/615641.615611.WEEKNUMMER594-HRE00016A15.ogv", "https://www.openbeelden.nl/files/06/15/615667.615611.WEEKNUMMER594_HRE00016A15.m3u8", "https://www.openbeelden.nl/files/06/15/615649.615611.WEEKNUMMER594-HRE00016A15.ts", "https://www.openbeelden.nl/files/06/15/615614.615611.WEEKNUMMER594-HRE00016A15.mpeg", "https://www.openbeelden.nl/files/06/15/615611.WEEKNUMMER594-HRE00016A15.mpg", "https://www.openbeelden.nl/images/615622/Limburgse_hobbies_%280_42%29.png"], "identifier": ["516765"], "source": ["WEEKNUMMER594-HRE00016A15"], "language": ["nl"], "references": [null], "mediator": ["Wikimedia Commons"], "spatial": ["Nederland", "Valkenburg", "Netherlands", "Valkenburg"], "attributionName": ["Polygoon-Profilti (producent) / Nederlands Instituut voor Beeld en Geluid (beheerder)"], "attributionURL": ["https://www.openbeelden.nl/media/615612"], "license": ["https://creativecommons.org/licenses/by-sa/3.0/nl/"], "hasformat": ["film"]}