{"title": ["Vakbeurs van Meubelen en Woningtextiel in Utrecht", "Trade Fair for Furniture and Furnishing Textiles in Utrecht"], "alternative": ["Weeknummer 56-07", "Week number 56-07"], "creator": ["Polygoon-Profilti (producent) / Nederlands Instituut voor Beeld en Geluid (beheerder)", "Polygoon-Profilti (producer) / Netherlands Institute for Sound and Vision (curator)"], "subject": ["beurzen", "tapijten", "fairs", "carpets"], "description": ["Bioscoopjournaals waarin Nederlandse onderwerpen van een bepaalde week worden gepresenteerd.", "Newsreels in which Dutch subjects of a certain week are presented."], "abstract": ["Vijfde vakbeurs voor meubels en woningtextiel in Utrecht, met een stoel met een leuning en zitting van plastic touw, een rotanstoel, een triplex strip voor het leggen van tapijt en slaapbanken.", "Fifth Trade Fair for Furniture and Furnishing textiles in Utrecht, with a chair with arm rests and seat made of plastic rope, a cane chair, a plywood strip used to lay carpet and sofa beds."], "publisher": ["Nederlands Instituut voor Beeld en Geluid", "https://www.openbeelden.nl/users/beeldengeluid"], "date": ["1956-02-07"], "type": ["Moving Image"], "extent": ["PT1M24S"], "medium": ["https://www.openbeelden.nl/files/61/61580.61566.WEEKNUMMER560-HRE00015A15.mp4", "https://www.openbeelden.nl/files/61/61574.61566.WEEKNUMMER560-HRE00015A15.ogv", "https://www.openbeelden.nl/files/61/61577.61566.WEEKNUMMER560-HRE00015A15.ogv", "https://www.openbeelden.nl/files/61/61626.61566.WEEKNUMMER560_HRE00015A15.m3u8", "https://www.openbeelden.nl/files/61/61583.61566.WEEKNUMMER560-HRE00015A15.ts", "https://www.openbeelden.nl/files/61/61570.61566.WEEKNUMMER560-HRE00015A15.mpeg", "https://www.openbeelden.nl/files/61/61566.WEEKNUMMER560-HRE00015A15.mpg", "https://www.openbeelden.nl/images/604186/Vakbeurs_van_Meubelen_en_Woningtextiel_in_Utrecht_%280_42%29.png"], "identifier": ["523822"], "source": ["WEEKNUMMER560-HRE00015A15", "WEEKNUMMER560-HRE00015A15"], "language": ["nl"], "references": [null], "mediator": ["Wikimedia Commons"], "spatial": ["Nederland", "Utrecht"], "attributionName": ["Polygoon-Profilti (producent) / Nederlands Instituut voor Beeld en Geluid (beheerder)"], "attributionURL": ["https://www.openbeelden.nl/media/61567"], "license": ["https://creativecommons.org/licenses/by-sa/3.0/nl/"]}