{"title": ["Rookwedstrijd", "Smoke contest"], "alternative": ["Weeknummer 48-44", "Week number 48-44"], "creator": ["Polygoon-Profilti (producent) / Nederlands Instituut voor Beeld en Geluid (beheerder)", "Polygoon-Profilti (producer) / Netherlands Institute for Sound and Vision (curator)"], "subject": ["curiosa", "roken", "sigaren", "curiosa", "smoking", "cigars"], "description": ["Bioscoopjournaals waarin Nederlandse onderwerpen van een bepaalde week worden gepresenteerd.", "Newsreels in which Dutch subjects of a certain week are presented."], "abstract": ["In een zaal te Zwolle zijn een aantal mannen bijeengekomen.\u00a0Ze krijgen de man \u00e9\u00e9n sigaar uitgereikt. Op een teken steken ze er allemaal de brand in en beginnen te roken. Het is een wedstrijd wie de langste aspunt kan fabriceren. De deelnemers aan de wedstrijd hangen, naarmate de wedstrijd vordert, steeds meer achterover om de sigaar vertikaal en daardoor de aspunt intact te houden. Wie zijn as verliest moet de peuk inleveren bij de jury die de lengte meet.", "A number of men are gathered in a room in Zwolle. They all get one cigar. On the startsign all men light their cigar and start smoking. It is a match in which the participants try to get the longest ashes on their cigar. The participants, as the match goes along, all held their cigar as vertically as possible. Whenever somebody loses his ash the judge starts to measure the length of the ashes.\u00a0"], "publisher": ["Nederlands Instituut voor Beeld en Geluid", "https://www.openbeelden.nl/users/beeldengeluid"], "date": ["1948-10-01"], "type": ["Moving Image"], "extent": ["PT1M6S"], "medium": ["https://www.openbeelden.nl/files/06/16/616237.616224.WEEKNUMMER484-HRE00017913.mp4", "https://www.openbeelden.nl/files/06/16/616239.616224.WEEKNUMMER484-HRE00017913.mp4", "https://www.openbeelden.nl/files/06/16/616241.616224.WEEKNUMMER484-HRE00017913.webm", "https://www.openbeelden.nl/files/06/16/616233.616224.WEEKNUMMER484-HRE00017913.ogv", "https://www.openbeelden.nl/files/06/16/616235.616224.WEEKNUMMER484-HRE00017913.ogv", "https://www.openbeelden.nl/files/06/16/616303.616224.WEEKNUMMER484_HRE00017913.m3u8", "https://www.openbeelden.nl/files/06/16/616243.616224.WEEKNUMMER484-HRE00017913.ts", "https://www.openbeelden.nl/files/06/16/616227.616224.WEEKNUMMER484-HRE00017913.mpeg", "https://www.openbeelden.nl/files/06/16/616224.WEEKNUMMER484-HRE00017913.mpg", "https://www.openbeelden.nl/images/616246/Rookwedstrijd_%280_33%29.png"], "identifier": ["525153"], "source": ["WEEKNUMMER484-HRE00017913"], "language": ["nl"], "references": [null], "mediator": ["Wikimedia Commons"], "spatial": ["Zwolle", "Nederland", "The Netherlands", "Zwolle"], "attributionName": ["Polygoon-Profilti (producent) / Nederlands Instituut voor Beeld en Geluid (beheerder)"], "attributionURL": ["https://www.openbeelden.nl/media/616225"], "license": ["https://creativecommons.org/licenses/by-sa/3.0/nl/"], "hasformat": ["film"]}