{"title": ["Hard-schreeuw wedstrijd", "Scream contest"], "alternative": ["Weeknummer 80-33", "Week number 80-33"], "creator": ["Polygoon-Profilti (producent) / Nederlands Instituut voor Beeld en Geluid (beheerder)", "Polygoon-Profilti (producer) / Netherlands Institute for Sound and Vision (curator)"], "subject": ["wedstrijden", "contests"], "description": ["Bioscoopjournaals waarin Nederlandse onderwerpen van een bepaalde week worden gepresenteerd.", "Newsreels in which Dutch subjects of a certain week are presented."], "abstract": ["Op de markt in Den Bosch kon publiek meedoen aan wedstrijden\u00a0hard-schreeuwen en klompen-stampen.SHOTS: deelnemers aan de wedstrijden hard-schreeuwen en\u00a0klompen-stampen.", "An audience could participate in a contest for sreaming and clog-stamping on a market in Den Bosch. SHOTS: participants of the sream and clog-stamping contest."], "publisher": ["Nederlands Instituut voor Beeld en Geluid", "https://www.openbeelden.nl/users/beeldengeluid"], "contributor": ["Bloemendal, Philip (commentaar)"], "date": ["1980-01-01"], "type": ["Moving Image"], "extent": ["PT52S"], "medium": ["https://www.openbeelden.nl/files/06/16/616543.616530.BG_9872.mp4", "https://www.openbeelden.nl/files/06/16/616545.616530.BG_9872.mp4", "https://www.openbeelden.nl/files/06/16/616547.616530.BG_9872.webm", "https://www.openbeelden.nl/files/06/16/616539.616530.BG_9872.ogv", "https://www.openbeelden.nl/files/06/16/616541.616530.BG_9872.ogv", "https://www.openbeelden.nl/files/06/16/616582.616530.BG_9872.m3u8", "https://www.openbeelden.nl/files/06/16/616549.616530.BG_9872.ts", "https://www.openbeelden.nl/files/06/16/616533.616530.BG_9872.mpeg", "https://www.openbeelden.nl/files/06/16/616530.BG_9872.mpg", "https://www.openbeelden.nl/images/617052/Hard-schreeuw_wedstrijd_%280_26%29.png"], "identifier": ["33056"], "source": ["WEEKNUMMER803-HRE00004AC9"], "language": ["nl"], "references": [null], "mediator": ["Wikimedia Commons"], "spatial": ["Nederland", "'s-Hertogenbosch", "The Netherlands", "'s-Hertogenbosch"], "attributionName": ["Polygoon-Profilti (producent) / Nederlands Instituut voor Beeld en Geluid (beheerder)"], "attributionURL": ["https://www.openbeelden.nl/media/616531"], "license": ["https://creativecommons.org/licenses/by-sa/3.0/nl/"], "hasformat": ["film"]}