{"title": ["Met palet en camera: foto-, teken-, en schilderwedstrijd voor militairen", "Armed with palette and camera: photo, drawing and painting contest for soldiers"], "alternative": ["Weeknummer 77-06", "Week number 77-06"], "creator": ["Polygoon-Profilti (producent) / Nederlands Instituut voor Beeld en Geluid (beheerder)", "Polygoon-Profilti (producer) / Netherlands Institute for Sound and Vision (curator)"], "subject": ["hobby's", "krijgsmacht", "militairen", "onderscheidingen", "tentoonstellingen", "wedstrijden", "Savornin Lohman, W.H. de", "hobbies", "Armed Forces", "soldiers", "awards", "exhibitions", "contests", "Savornin Lohman", "W.H. de"], "description": ["Bioscoopjournaals waarin Nederlandse onderwerpen van een bepaalde week worden gepresenteerd.", "Newsreels in which Dutch subjects of a certain week are presented."], "abstract": ["Jubileumtentoonstelling van de jaarlijkse foto-, teken- en\u00a0schilderwedstrijd 'Palet en Camera in de Krijgsmacht'. De\u00a0wedstrijd beleeft in 1977 haar 25e jubileum. Jaarlijks worden\u00a0er diverse prijzen uitgereikt.\u00a0SHOTS: aankomst per legerjeep van viertal gehelmde\u00a0militairen; kamer waar militairen bezig zijn met ontwikkelen\u00a0van foto's; diverse van de tentoonstelling; schilderende\u00a0militairen (in burgerkleding); de uitreiking van de zilveren legpenning van Prins Bernhard door de nieuwe\u00a0Inspecteur-Generaal der Krijgsmacht, luitenant-generaal W.H.\u00a0de Savornin Lohman aan de 72-jarige sergeant Mellenbergh\u00a0(beiden in legeruniform).\u00a0VERKLARING: Mellenbergh geeft (buiten beeld) korte\u00a0toelichtingen bij enkele van zijn schilderijen.", "Jubilee exhibition of the annual photo, drawing and painting contest 'Palette and Camera in the Armed Forces'. The contest has its 25th jubilee in 1977. Several awards are handed out annually. SHOTS: arrival by army jeep of four soldiers with helmets; room where soldiers are busy developing photos; several shots of the exhibition; painting soldiers (in civilian clothing); the handing out of the Prince Bernhard silver medal by the new Inspector General of the Armed Forces,\u00a0Lieutenant General W.H.\u00a0de Savornin Lohman to the 72 year old Sergant Mellenbergh\u00a0(both in military uniform). STATEMENT: Mellenbergh gives short explanations (off screen) for some of his paintings."], "publisher": ["Nederlands Instituut voor Beeld en Geluid", "https://www.openbeelden.nl/users/beeldengeluid"], "date": ["1977-01-01"], "type": ["Moving Image"], "extent": ["PT2M32S"], "medium": ["https://www.openbeelden.nl/files/06/16/616671.616658.BG_9714.mp4", "https://www.openbeelden.nl/files/06/16/616673.616658.BG_9714.mp4", "https://www.openbeelden.nl/files/06/16/616675.616658.BG_9714.webm", "https://www.openbeelden.nl/files/06/16/616667.616658.BG_9714.ogv", "https://www.openbeelden.nl/files/06/16/616669.616658.BG_9714.ogv", "https://www.openbeelden.nl/files/06/16/616688.616658.BG_9714.m3u8", "https://www.openbeelden.nl/files/06/16/616677.616658.BG_9714.ts", "https://www.openbeelden.nl/files/06/16/616661.616658.BG_9714.mpeg", "https://www.openbeelden.nl/files/06/16/616658.BG_9714.mpg", "https://www.openbeelden.nl/images/617047/Met_palet_en_camera_foto-%2C_teken-%2C_en_schilderwedstrijd_voor_militairen_%281_16%29.png"], "identifier": ["33210"], "source": ["WEEKNUMMER770-HRE00004C47"], "language": ["nl"], "references": [null], "mediator": ["Wikimedia Commons"], "spatial": ["Nederland", "Netherlands"], "attributionName": ["Polygoon-Profilti (producent) / Nederlands Instituut voor Beeld en Geluid (beheerder)"], "attributionURL": ["https://www.openbeelden.nl/media/616659"], "license": ["https://creativecommons.org/licenses/by-sa/3.0/nl/"], "hasformat": ["film"]}