{"title": ["Het 'huis van de bruid' in Baarn geopend", "The 'house of the bride' in Baarn opened"], "alternative": ["Weeknummer 57-30", "Week number 57-30"], "creator": ["Polygoon-Profilti (producent) / Nederlands Instituut voor Beeld en Geluid (beheerder)", "Polygoon-Profilti (producer) / Netherlands Institute for Sound and Vision (curator)"], "subject": ["woningen", "woninginterieurs", "Bouwfonds Nederlandse Gemeenten", "houses", "interiors", "Building Fund for Dutch Municipalities"], "description": ["Bioscoopjournaals waarin Nederlandse onderwerpen van een bepaalde week worden gepresenteerd.", "Newsreels in which Dutch subjects of a certain week are presented."], "abstract": ["In Baarn krijgt een bruidegom officieel de sleutel van zijn nieuwe huis overgedragen, waarna hij zijn bruid over de drempel naar binnen draagt. Het huis is \u00e9\u00e9n van de veertig modelwoningen die in Nederland voor pasgetrouwden zijn gebouwd en de eerste tien dagen mag iedereen deze huizen bekijken. Het Bouwfonds Nederlandse Gemeenten heeft de openstelling, die een indruk geeft van de mogelijkheden op het gebied van de moderne interieurinrichting, georganiseerd vanwege het gereed komen van het 10.000ste door het fonds gebouwde huis.", "A groom is formally handed the key to his new house in Baarn, after which he carries his bride across the treshold. The house is one of fourty model houses that were built in the Netherlands for newly married couples and the first ten days everyone can take a look at the houses. The Bouwfonds Nederlandse Gemeenten (Building Fund for Dutch Municipalities) has organised an opening because of the 10.000th house build by the fund. It is to give an impression of the possibilities in modern interior design."], "publisher": ["Nederlands Instituut voor Beeld en Geluid", "https://www.openbeelden.nl/users/beeldengeluid"], "date": ["1957-07-11"], "type": ["Moving Image"], "extent": ["PT1M8S"], "medium": ["https://www.openbeelden.nl/files/61/61691.61677.WEEKNUMMER573-HRE000299C8.mp4", "https://www.openbeelden.nl/files/61/61685.61677.WEEKNUMMER573-HRE000299C8.ogv", "https://www.openbeelden.nl/files/61/61688.61677.WEEKNUMMER573-HRE000299C8.ogv", "https://www.openbeelden.nl/files/61/61700.61677.WEEKNUMMER573_HRE000299C8.m3u8", "https://www.openbeelden.nl/files/61/61694.61677.WEEKNUMMER573-HRE000299C8.ts", "https://www.openbeelden.nl/files/61/61681.61677.WEEKNUMMER573-HRE000299C8.mpeg", "https://www.openbeelden.nl/files/61/61677.WEEKNUMMER573-HRE000299C8.mpg", "https://www.openbeelden.nl/images/604183/Het_%27huis_van_de_bruid%27_in_Baarn_geopend_%280_34%29.png"], "identifier": ["524815"], "source": ["WEEKNUMMER573-HRE000299C8", "WEEKNUMMER573-HRE000299C8"], "language": ["nl"], "references": [null], "mediator": ["Wikimedia Commons"], "spatial": ["Baarn", "Nederland"], "attributionName": ["Polygoon-Profilti (producent) / Nederlands Instituut voor Beeld en Geluid (beheerder)"], "attributionURL": ["https://www.openbeelden.nl/media/61678"], "license": ["https://creativecommons.org/licenses/by-sa/3.0/nl/"]}