{"title": ["Kunstfietsen en fietspolo", "Art bicycles and bicycle polo"], "alternative": ["Weeknummer 63-41", "Week number 63-41"], "creator": ["Polygoon-Profilti (producent) / Nederlands Instituut voor Beeld en Geluid (beheerder)", "Polygoon-Profilti (producer) / Netherlands Institute for Sound and Vision (curator)"], "subject": ["Acrobatics", "bicycles", "polo"], "description": ["Bioscoopjournaals waarin Nederlandse onderwerpen van een bepaalde week worden gepresenteerd.", "Newsreels in which Dutch subjects of a certain week are presented."], "abstract": ["Leden van de Radfahrverein Westfalia uit Osterfeld, Duitsland, voeren in Assen acrobatische toeren uit op fietsen en doen een wedstrijd fietspolo. Burgemeester P.P. Agter van Assen zit in het publiek.", "Members of the Radfahtverein Westfalia from Osterfeld, Germany, giving an acrobatic act on bicycles and playing a game of bicycle polo. Mayor P.P. Agter of Assen is among the audience."], "publisher": ["Nederlands Instituut voor Beeld en Geluid", "https://www.openbeelden.nl/users/beeldengeluid"], "contributor": ["Bloemendal, Philip (commentaar)"], "date": ["1963-10-01"], "type": ["Moving Image"], "extent": ["PT1M12S"], "medium": ["https://www.openbeelden.nl/files/06/18/618256.618093.WEEKNUMMER634-HRE0001326D.mp4", "https://www.openbeelden.nl/files/06/18/618258.618093.WEEKNUMMER634-HRE0001326D.mp4", "https://www.openbeelden.nl/files/06/18/618260.618093.WEEKNUMMER634-HRE0001326D.webm", "https://www.openbeelden.nl/files/06/18/618252.618093.WEEKNUMMER634-HRE0001326D.ogv", "https://www.openbeelden.nl/files/06/18/618254.618093.WEEKNUMMER634-HRE0001326D.ogv", "https://www.openbeelden.nl/files/06/18/618292.618093.WEEKNUMMER634_HRE0001326D.m3u8", "https://www.openbeelden.nl/files/06/18/618262.618093.WEEKNUMMER634-HRE0001326D.ts", "https://www.openbeelden.nl/files/06/18/618196.618093.WEEKNUMMER634-HRE0001326D.mpeg", "https://www.openbeelden.nl/files/06/18/618093.WEEKNUMMER634-HRE0001326D.mpg", "https://www.openbeelden.nl/images/618545/Kunstfietsen_en_fietspolo_%280_36%29.png"], "identifier": ["512811"], "source": ["WEEKNUMMER634-HRE0001326D"], "language": ["nl"], "references": [null], "mediator": ["Wikimedia Commons"], "spatial": ["Assen", "Nederland", "Assen", "The Netherlands"], "attributionName": ["Polygoon-Profilti (producent) / Nederlands Instituut voor Beeld en Geluid (beheerder)"], "attributionURL": ["https://www.openbeelden.nl/media/618094"], "license": ["https://creativecommons.org/licenses/by-sa/3.0/nl/"], "hasformat": ["film"]}