{"title": ["Nood in de venen", "Poverty in the peat bogs"], "alternative": ["Weeknummer: 26-05", "Week number: 26-05"], "creator": ["Polygoon-Profilti (producent) / Nederlands Instituut voor Beeld en Geluid (beheerder)", "Polygoon-Profilti (producer) / Netherlands Institute for Sound and Vision (curator)"], "subject": ["armoede", "kinderen", "krotten", "melk", "noodwoningen", "plaggenhutten", "turf", "veenkoloni\u00ebn", "woningen", "woningnood", "poverty", "children", "slums", "milk", "emergency houses", "turf huts", "peat", "peat districts", "houses", "housing shortage"], "description": ["Bioscoopjournaals waarin Nederlandse onderwerpen van een bepaalde week worden gepresenteerd.", "Newsreels in which Dutch subjects of a certain week are presented."], "abstract": ["Div. noodwoningen, onder- en bovengronds en armoede in de Drentse venen. - totaalshot ontgonnen venen, opgestapelde turven, 8\" - div. shots van deels ingegraven krotten en noodwoningen, muren van turf, oude planken, golfplaten e.d., huisraad rond de woningen, bewoners poseren ervoor, 22\" - noodwoning van een bouwkeet (?), melkboer brengt melk bij 2 vrouwen (cu), 14\" - woning gestapeld van turf en planken, vrouw gaat in en uit, 9\" - idem met het gehele gezin (?) met 10 kinderen voor de woning, 18\" - cu 3 armoedige jongetjes, poserend, 13\" - woning, deels van hout, deels van plaggen, 12\" - jongen en meisje voor glasloos venster in plaggenhut, 5\" - ingang van een plaggenhut, vrouw gaat naar binnen, 8\" - cu vrouw met verstelwerk voor ingang plaggenhut, 5\".", "Several temporary houses, underground and aboveground, and poverty in the peat bogs of Drente. - overall shot of the unreclaimed peat bogs, piles of peat, 8\" - several shots of the slums dug into the ground and the emergency houses, walls of peat, old planks, currogated iron etc., furniture around the houses, occupants pose in front of them, 22\" - emergency house made from a construction trailer (?), milk man brings milk to 2 women (close up), 14\" - woning made of peat and planks, woman goes in and out, 9\" - ditto of the entire family (?) with 10 children in fron of the house, 18\" - close up of 3 shabby boys, posing, 13\" - house, partially made from wood, partially from cut peat, 12\" - boy and girl in front of window without glass in turf hut, 5\" - entrance of the turf hut, woman enters, 8\" - close up of woman with mending in front of the entrance of the turf hut, 5\"."], "publisher": ["Nederlands Instituut voor Beeld en Geluid", "https://www.openbeelden.nl/users/beeldengeluid"], "date": ["1926-02-01"], "type": ["Moving Image"], "extent": ["PT1M58S"], "medium": ["https://www.openbeelden.nl/files/62/62036.62022.BG_34109.mp4", "https://www.openbeelden.nl/files/62/62030.62022.BG_34109.ogv", "https://www.openbeelden.nl/files/62/62033.62022.BG_34109.ogv", "https://www.openbeelden.nl/files/62/62049.62022.BG_34109.m3u8", "https://www.openbeelden.nl/files/62/62039.62022.BG_34109.ts", "https://www.openbeelden.nl/files/62/62026.62022.BG_34109.mpeg", "https://www.openbeelden.nl/files/62/62022.BG_34109.mpg", "https://www.openbeelden.nl/images/604182/Nood_in_de_venen_%280_59%29.png"], "identifier": ["29827"], "source": ["WEEKNUMMER260-HRE00003DE9", "WEEKNUMMER260-HRE00003DE9"], "language": ["nl"], "references": [null], "mediator": ["Wikimedia Commons"], "spatial": ["Emmer-Compascuum", "Nederland"], "attributionName": ["Polygoon-Profilti (producent) / Nederlands Instituut voor Beeld en Geluid (beheerder)"], "attributionURL": ["https://www.openbeelden.nl/media/62023"], "license": ["https://creativecommons.org/publicdomain/mark/1.0/"]}