{"title": ["Het visseizoen weer begonnen"], "alternative": ["Weeknummer 50-23"], "creator": ["Polygoon-Profilti (producent) / Nederlands Instituut voor Beeld en Geluid (beheerder)"], "subject": ["humor", "ouderen", "visserij"], "description": ["Bioscoopjournaals waarin Nederlandse onderwerpen van een bepaalde week worden gepresenteerd."], "abstract": ["Het visseizoen is officieel begonnen. Onder de velen die hun hengels uitgooien behoort een aantal bejaarden uit het Gemeentelijk Verzorgingstehuis te Amsterdam. Ze doen een poging in de Naardertrekvaart, maar de vissen willen niet best bijten. Als de heer Meyer er toch eindelijk in slaagt een vis te vangen, ontvangt hij daarvoor dan ook meteen een grote lauwerkrans. Aan het eind van de dag ontvangt de heer Klein als enige een beker voor de vangst van enkele, merendeels ondermaatse, vissen."], "publisher": ["Nederlands Instituut voor Beeld en Geluid", "https://www.openbeelden.nl/users/beeldengeluid"], "date": ["1950-06-01"], "type": ["Moving Image"], "extent": ["PT1M18S"], "medium": ["https://www.openbeelden.nl/files/06/20/620742.620729.WEEKNUMMER502-HRE000158F7.mp4", "https://www.openbeelden.nl/files/06/20/620744.620729.WEEKNUMMER502-HRE000158F7.mp4", "https://www.openbeelden.nl/files/06/20/620746.620729.WEEKNUMMER502-HRE000158F7.webm", "https://www.openbeelden.nl/files/06/20/620738.620729.WEEKNUMMER502-HRE000158F7.ogv", "https://www.openbeelden.nl/files/06/20/620740.620729.WEEKNUMMER502-HRE000158F7.ogv", "https://www.openbeelden.nl/files/06/20/620789.620729.WEEKNUMMER502_HRE000158F7.m3u8", "https://www.openbeelden.nl/files/06/20/620748.620729.WEEKNUMMER502-HRE000158F7.ts", "https://www.openbeelden.nl/files/06/20/620732.620729.WEEKNUMMER502-HRE000158F7.mpeg", "https://www.openbeelden.nl/files/06/20/620729.WEEKNUMMER502-HRE000158F7.mpg", "https://www.openbeelden.nl/images/620810/Het_visseizoen_weer_begonnen_%280_39%29.png"], "identifier": ["514453"], "source": ["WEEKNUMMER502-HRE000158F7"], "language": ["nl"], "references": [null], "mediator": ["Wikimedia Commons"], "spatial": ["Nederland", "Weesp"], "attributionName": ["Polygoon-Profilti (producent) / Nederlands Instituut voor Beeld en Geluid (beheerder)"], "attributionURL": ["https://www.openbeelden.nl/media/620730"], "license": ["https://creativecommons.org/licenses/by-sa/3.0/nl/"], "hasformat": ["film"]}