{"title": ["Schaak simultaan seance"], "alternative": ["Weeknummer 68-07"], "creator": ["Polygoon-Profilti (producent) / Nederlands Instituut voor Beeld en Geluid (beheerder)"], "subject": ["schaken", "Groothandelsgebouw", "Donner, Jan Hein", "Kortsjnoi, Viktor", "Tal, Michail"], "description": ["Bioscoopjournaals waarin Nederlandse onderwerpen van een bepaalde week worden gepresenteerd."], "abstract": ["Wedstrijd simultaan schaken in het Groothandelsgebouw te\u00a0Rotterdam, waarbij de schakers Viktor Kortsjnoi uit de USSR, zijn landgenoot Michail Tal, Jan Hein Donner en Caissa wedstrijden spelen tegen 175 deelnemers. Kortsjnoi verliest \u00e9\u00e9n partij tegen Peen uit Rotterdam."], "publisher": ["Nederlands Instituut voor Beeld en Geluid", "https://www.openbeelden.nl/users/beeldengeluid"], "contributor": ["Bloemendal, Philip (commentaar)"], "date": ["1968-02-01"], "type": ["Moving Image"], "extent": ["PT1M29S"], "medium": ["https://www.openbeelden.nl/files/06/21/621314.621299.WEEKNUMMER680-HRE0001A332.mp4", "https://www.openbeelden.nl/files/06/21/621316.621299.WEEKNUMMER680-HRE0001A332.mp4", "https://www.openbeelden.nl/files/06/21/621318.621299.WEEKNUMMER680-HRE0001A332.webm", "https://www.openbeelden.nl/files/06/21/621310.621299.WEEKNUMMER680-HRE0001A332.ogv", "https://www.openbeelden.nl/files/06/21/621312.621299.WEEKNUMMER680-HRE0001A332.ogv", "https://www.openbeelden.nl/files/06/21/621349.621299.WEEKNUMMER680_HRE0001A332.m3u8", "https://www.openbeelden.nl/files/06/21/621320.621299.WEEKNUMMER680-HRE0001A332.ts", "https://www.openbeelden.nl/files/06/21/621302.621299.WEEKNUMMER680-HRE0001A332.mpeg", "https://www.openbeelden.nl/files/06/21/621299.WEEKNUMMER680-HRE0001A332.mpg", "https://www.openbeelden.nl/images/621767/Schaak_simultaan_seance_%280_44%29.png"], "identifier": ["518106"], "source": ["WEEKNUMMER680-HRE0001A332"], "language": ["nl"], "references": [null], "mediator": ["Wikimedia Commons"], "spatial": ["Nederland", "Rotterdam"], "attributionName": ["Polygoon-Profilti (producent) / Nederlands Instituut voor Beeld en Geluid (beheerder)"], "attributionURL": ["https://www.openbeelden.nl/media/621300"], "license": ["https://creativecommons.org/licenses/by-sa/3.0/nl/"], "hasformat": ["film"]}