{"title": ["Olympisch springruiterfestival"], "alternative": ["Weeknummer 80-35"], "creator": ["Polygoon-Profilti (producent) / Nederlands Instituut voor Beeld en Geluid (beheerder)"], "subject": ["concours hippique", "paardensport", "Ehrens, Rob"], "description": ["Bioscoopjournaals waarin Nederlandse onderwerpen van een bepaalde week worden gepresenteerd."], "abstract": ["In het Kralingse Bos in Rotterdam is een alternatieve\u00a0Olympische wedstrijd voor springruiters gehouden, die niet\u00a0zijn afgevaardigd naar de Olympische Spelen in Moskou.\u00a0SHOTS: Nederlandse springruiter Rob Ehrens valt van zijn paard na het verkeerd nemen van een hindernis; Canadese\u00a0ruiter James Elder maakt een fout en valt bijna; Zwitser\u00a0Gabathuler, Fransman De Balanda, Engelsman John Whitaker en\u00a0Amerikaanse Melanie Smith maken fouten bij het nemen van\u00a0hindernissen; Oostenrijker Hugo Simon op Gladstone wint de hoofdprijs."], "publisher": ["Nederlands Instituut voor Beeld en Geluid", "https://www.openbeelden.nl/users/beeldengeluid"], "contributor": ["Bloemendal, Philip (commentaar)"], "date": ["1980-01-01"], "type": ["Moving Image"], "extent": ["PT2M6S"], "medium": ["https://www.openbeelden.nl/files/06/21/621369.621356.BG_9843.mp4", "https://www.openbeelden.nl/files/06/21/621371.621356.BG_9843.mp4", "https://www.openbeelden.nl/files/06/21/621373.621356.BG_9843.webm", "https://www.openbeelden.nl/files/06/21/621365.621356.BG_9843.ogv", "https://www.openbeelden.nl/files/06/21/621367.621356.BG_9843.ogv", "https://www.openbeelden.nl/files/06/21/621447.621356.BG_9843.m3u8", "https://www.openbeelden.nl/files/06/21/621375.621356.BG_9843.ts", "https://www.openbeelden.nl/files/06/21/621359.621356.BG_9843.mpeg", "https://www.openbeelden.nl/files/06/21/621356.BG_9843.mpg", "https://www.openbeelden.nl/images/621765/Olympisch_springruiterfestival_%281_03%29.png"], "identifier": ["33290"], "source": ["WEEKNUMMER803-HRE00004AD3"], "language": ["nl"], "references": [null], "mediator": ["Wikimedia Commons"], "spatial": ["Kralingse Bos", "Nederland", "Rotterdam"], "attributionName": ["Polygoon-Profilti (producent) / Nederlands Instituut voor Beeld en Geluid (beheerder)"], "attributionURL": ["https://www.openbeelden.nl/media/621357"], "license": ["https://creativecommons.org/licenses/by-sa/3.0/nl/"], "hasformat": ["film"]}