{"title": ["Hard-arren en ski-j\u00f6ring"], "alternative": ["Weeknummer 40-05"], "creator": ["Polygoon-Profilti (producent) / Nederlands Instituut voor Beeld en Geluid (beheerder)"], "subject": ["ski\u00ebn", "wintersport"], "description": ["Bioscoopjournaals waarin Nederlandse onderwerpen van een bepaalde week worden gepresenteerd."], "abstract": ["Wedstrijden \"hard-arren\" te Hoorn en \"ski-j\u00f6ring\" te Zandvoort.\u00a0SHOTS: - div. heren op kleine arresleden achter paard glijden langs belangstellenden die langs de weg staan (met kort shot gefilmd vanaf glijdende arreslee); - div. starts van wedstrijden \"hard-arren\" en een finish; - wedstrijd, waarbij mensen op ski's door auto's worden voortgetrokken (\"ski-j\u00f6ring\"), waarbij oa dame ten val komt."], "publisher": ["Nederlands Instituut voor Beeld en Geluid", "https://www.openbeelden.nl/users/beeldengeluid"], "date": ["1940-01-28"], "type": ["Moving Image"], "extent": ["PT1M48S"], "medium": ["https://www.openbeelden.nl/files/06/21/621439.621413.WEEKNUMMER400-HRE00012435.mp4", "https://www.openbeelden.nl/files/06/21/621441.621413.WEEKNUMMER400-HRE00012435.mp4", "https://www.openbeelden.nl/files/06/21/621443.621413.WEEKNUMMER400-HRE00012435.webm", "https://www.openbeelden.nl/files/06/21/621435.621413.WEEKNUMMER400-HRE00012435.ogv", "https://www.openbeelden.nl/files/06/21/621437.621413.WEEKNUMMER400-HRE00012435.ogv", "https://www.openbeelden.nl/files/06/21/621508.621413.WEEKNUMMER400_HRE00012435.m3u8", "https://www.openbeelden.nl/files/06/21/621445.621413.WEEKNUMMER400-HRE00012435.ts", "https://www.openbeelden.nl/files/06/21/621416.621413.WEEKNUMMER400-HRE00012435.mpeg", "https://www.openbeelden.nl/files/06/21/621413.WEEKNUMMER400-HRE00012435.mpg", "https://www.openbeelden.nl/images/621763/Hard-arren_en_ski-j%C3%B6ring_%280_54%29.png"], "identifier": ["511478"], "source": ["WEEKNUMMER400-HRE00012435"], "language": ["nl"], "references": [null], "mediator": ["Wikimedia Commons"], "spatial": ["Hoorn", "Nederland", "Zandvoort"], "attributionName": ["Polygoon-Profilti (producent) / Nederlands Instituut voor Beeld en Geluid (beheerder)"], "attributionURL": ["https://www.openbeelden.nl/media/621414"], "license": ["https://creativecommons.org/publicdomain/mark/1.0/"], "hasformat": ["film"]}