{"title": ["Steenworp wedstrijd"], "alternative": ["Weeknummer 51-42"], "creator": ["Polygoon-Profilti (producent) / Nederlands Instituut voor Beeld en Geluid (beheerder)"], "subject": ["ouderen", "sport"], "description": ["Bioscoopjournaals waarin Nederlandse onderwerpen van een bepaalde week worden gepresenteerd."], "abstract": ["In Purmerend spelen bejaarde mannen op straat een wedstrijd\u00a0steenwerpen: een soor jeu de boules waarbij de werper moet proberen met een werpsteen een andere steen, opgesteld op een klein paaltje aan de andere kant van het speelveld, om te gooien."], "publisher": ["Nederlands Instituut voor Beeld en Geluid", "https://www.openbeelden.nl/users/beeldengeluid"], "date": ["1951-09-29"], "type": ["Moving Image"], "extent": ["PT1M3S"], "medium": ["https://www.openbeelden.nl/files/06/21/621535.621505.WEEKNUMMER514-HRE0001328B.mp4", "https://www.openbeelden.nl/files/06/21/621537.621505.WEEKNUMMER514-HRE0001328B.mp4", "https://www.openbeelden.nl/files/06/21/621539.621505.WEEKNUMMER514-HRE0001328B.webm", "https://www.openbeelden.nl/files/06/21/621531.621505.WEEKNUMMER514-HRE0001328B.ogv", "https://www.openbeelden.nl/files/06/21/621533.621505.WEEKNUMMER514-HRE0001328B.ogv", "https://www.openbeelden.nl/files/06/21/621558.621505.WEEKNUMMER514_HRE0001328B.m3u8", "https://www.openbeelden.nl/files/06/21/621541.621505.WEEKNUMMER514-HRE0001328B.ts", "https://www.openbeelden.nl/files/06/21/621510.621505.WEEKNUMMER514-HRE0001328B.mpeg", "https://www.openbeelden.nl/files/06/21/621505.WEEKNUMMER514-HRE0001328B.mpg", "https://www.openbeelden.nl/images/621758/Steenworp_wedstrijd_%280_31%29.png"], "identifier": ["509311"], "source": ["WEEKNUMMER514-HRE0001328B"], "language": ["nl"], "references": [null], "mediator": ["Wikimedia Commons"], "spatial": ["Nederland", "Purmerend"], "attributionName": ["Polygoon-Profilti (producent) / Nederlands Instituut voor Beeld en Geluid (beheerder)"], "attributionURL": ["https://www.openbeelden.nl/media/621506"], "license": ["https://creativecommons.org/licenses/by-sa/3.0/nl/"], "hasformat": ["film"]}