{"title": ["Nieuwe gratis weegschaal in gebruik genomen", "A new free scale device being used"], "alternative": ["Weeknummer 29-29", "Week number 29-29"], "creator": ["Polygoon-Profilti (producent) / Nederlands Instituut voor Beeld en Geluid (beheerder)", "Polygoon-Profilti (producer) / Netherlands Institute for Sound and Vision (curator)"], "subject": ["curiosa", "meet- en weeginstrumenten", "openingen", "curiosa", "scale devices", "openings"], "description": ["Bioscoopjournaals waarin Nederlandse onderwerpen van een bepaalde week worden gepresenteerd.", "Newsreels in which Dutch subjects of a certain week are presented."], "abstract": ["Het 'openen' van een openbare weegschaal waarna een aantal mensen het apparaat uitproberen. -Dame knipt lint om weegschaal door en achtereenvolgens nemen groot aantal mensen op het toestel plaats. Men ontvangt kaartje dat nieuwsgierig bekeken wordt 2'07\"; -cu van apparaat (opschrift: \"GRATIS, kinderen tussen 4-5 uur, rustig in het midden staan tot kaartje verschijnt\") 9\"; -enkele kaartjes voorzien van reclameafbeelding 7\"; -cu van een kaartje, met aan achterkant datum en gewicht 18\";", "The opening of a public scale whereby some people trying the device."], "publisher": ["Nederlands Instituut voor Beeld en Geluid", "https://www.openbeelden.nl/users/beeldengeluid"], "date": ["1929-11-13"], "type": ["Moving Image"], "extent": ["PT2M37S"], "medium": ["https://www.openbeelden.nl/files/06/24/624096.624083.WEEKNUMMER292-HRE000183C1.mp4", "https://www.openbeelden.nl/files/06/24/624098.624083.WEEKNUMMER292-HRE000183C1.mp4", "https://www.openbeelden.nl/files/06/24/624100.624083.WEEKNUMMER292-HRE000183C1.webm", "https://www.openbeelden.nl/files/06/24/624092.624083.WEEKNUMMER292-HRE000183C1.ogv", "https://www.openbeelden.nl/files/06/24/624094.624083.WEEKNUMMER292-HRE000183C1.ogv", "https://www.openbeelden.nl/files/06/24/624183.624083.WEEKNUMMER292_HRE000183C1.m3u8", "https://www.openbeelden.nl/files/06/24/624102.624083.WEEKNUMMER292-HRE000183C1.ts", "https://www.openbeelden.nl/files/06/24/624086.624083.WEEKNUMMER292-HRE000183C1.mpeg", "https://www.openbeelden.nl/files/06/24/624083.WEEKNUMMER292-HRE000183C1.mpg", "https://www.openbeelden.nl/images/624176/Nieuwe_gratis_weegschaal_in_gebruik_genomen_%281_18%29.png"], "identifier": ["518839"], "source": ["WEEKNUMMER292-HRE000183C1"], "language": ["nl"], "references": [null], "mediator": ["Wikimedia Commons"], "spatial": ["Den Haag", "Nederland", "The Hague", "the Netherlands"], "attributionName": ["Polygoon-Profilti (producent) / Nederlands Instituut voor Beeld en Geluid (beheerder)"], "attributionURL": ["https://www.openbeelden.nl/media/624084"], "license": ["https://creativecommons.org/publicdomain/mark/1.0/"], "hasformat": ["film"]}