{"title": ["Al duikelende de wereld om", "Around the world in somersault"], "alternative": ["Weeknummer 23-20", "Week number 23-20"], "creator": ["Polygoon-Profilti (producent) / Nederlands Instituut voor Beeld en Geluid (beheerder)", "Polygoon-Profilti (producer) / Netherlands Institute for Sound and Vision (curator)"], "subject": ["curiosa", "records", "curiosa", "records"], "description": ["Bioscoopjournaals waarin Nederlandse onderwerpen van een bepaalde week worden gepresenteerd.", "Newsreels in which Dutch subjects of a certain week are presented."], "abstract": ["Man gaat al kopje duikelend over het trottoir. Erachter\u00a0meelopend publiek, fietsers, bakfietsen, 0'00-0-'32. Cu van de man, 0'33-0'39.", "A man making somersaults on the pavement. Followed by a walking and bicycling public, 0'00-0'32. Cu of the man, 0'33-0'39"], "publisher": ["Nederlands Instituut voor Beeld en Geluid", "https://www.openbeelden.nl/users/beeldengeluid"], "date": ["1923-01-01"], "type": ["Moving Image"], "extent": ["PT40S"], "medium": ["https://www.openbeelden.nl/files/06/25/625494.625481.BG_18485.mp4", "https://www.openbeelden.nl/files/06/25/625496.625481.BG_18485.mp4", "https://www.openbeelden.nl/files/06/25/625498.625481.BG_18485.webm", "https://www.openbeelden.nl/files/06/25/625490.625481.BG_18485.ogv", "https://www.openbeelden.nl/files/06/25/625492.625481.BG_18485.ogv", "https://www.openbeelden.nl/files/06/25/625508.625481.BG_18485.m3u8", "https://www.openbeelden.nl/files/06/25/625500.625481.BG_18485.ts", "https://www.openbeelden.nl/files/06/25/625484.625481.BG_18485.mpeg", "https://www.openbeelden.nl/files/06/25/625481.BG_18485.mpg", "https://www.openbeelden.nl/images/625956/Al_duikelende_de_wereld_om_%280_20%29.png"], "identifier": ["29002"], "source": ["WEEKNUMMER232-HRE000080D6"], "language": ["nl"], "references": [null], "mediator": ["Wikimedia Commons"], "spatial": ["Haarlem", "Nederland", "Haarlem", "The Netherlands"], "attributionName": ["Polygoon-Profilti (producent) / Nederlands Instituut voor Beeld en Geluid (beheerder)"], "attributionURL": ["https://www.openbeelden.nl/media/625482"], "license": ["https://creativecommons.org/publicdomain/mark/1.0/"], "hasformat": ["film"]}