{"title": ["De excentrieke fiets", "The exceptional bicycle"], "alternative": ["Weeknummer 40-49", "Week number 40-49"], "creator": ["Polygoon-Profilti (producent) / Nederlands Instituut voor Beeld en Geluid (beheerder)", "Polygoon-Profilti (producer) / Netherlands Institute for Sound and Vision (curator)"], "subject": ["bijzondere voertuigen", "curiosa", "fietsen", "Peculiar vehicles", "curiosa", "bicycling"], "description": ["Bioscoopjournaals waarin Nederlandse onderwerpen van een bepaalde week worden gepresenteerd.", "Newsreels in which Dutch subjects of a certain week are presented."], "abstract": ["Een man komt uit een rijwielzaak naar buiten en demonstreert\u00a0hoe - met knikkende knie\u00ebn - een soort grote autoped met een excentrisch achterwiel aan het rijden te houden. Tot slot rijdt hij met nog drie andere bijzondere voertuigen voorbij: een kleiner model van de grote autoped; een loopfiets en een tweepersoons-autoped.", "A man is walking out of a bicycle store and gives a demonstration how to ride a big sort of scooter with an exceptional back wheel. In the end he is riding about with three other peculiar looking vehicles: a smaller version of the first big scooter; a walking bicycle and a two persons scooter."], "publisher": ["Nederlands Instituut voor Beeld en Geluid", "https://www.openbeelden.nl/users/beeldengeluid"], "date": ["1940-12-01"], "type": ["Moving Image"], "extent": ["PT57S"], "medium": ["https://www.openbeelden.nl/files/06/25/625525.625511.WEEKNUMMER404-HRE00016BF3.mp4", "https://www.openbeelden.nl/files/06/25/625527.625511.WEEKNUMMER404-HRE00016BF3.mp4", "https://www.openbeelden.nl/files/06/25/625529.625511.WEEKNUMMER404-HRE00016BF3.webm", "https://www.openbeelden.nl/files/06/25/625521.625511.WEEKNUMMER404-HRE00016BF3.ogv", "https://www.openbeelden.nl/files/06/25/625523.625511.WEEKNUMMER404-HRE00016BF3.ogv", "https://www.openbeelden.nl/files/06/25/625534.625511.WEEKNUMMER404_HRE00016BF3.m3u8", "https://www.openbeelden.nl/files/06/25/625531.625511.WEEKNUMMER404-HRE00016BF3.ts", "https://www.openbeelden.nl/files/06/25/625514.625511.WEEKNUMMER404-HRE00016BF3.mpeg", "https://www.openbeelden.nl/files/06/25/625511.WEEKNUMMER404-HRE00016BF3.mpg", "https://www.openbeelden.nl/images/625955/De_excentrieke_fiets_%280_28%29.png"], "identifier": ["514954"], "source": ["WEEKNUMMER404-HRE00016BF3"], "language": ["nl"], "references": [null], "mediator": ["Wikimedia Commons"], "spatial": ["Amsterdam", "Nederland", "Amsterdam", "The Netherlands"], "attributionName": ["Polygoon-Profilti (producent) / Nederlands Instituut voor Beeld en Geluid (beheerder)"], "attributionURL": ["https://www.openbeelden.nl/media/625512"], "license": ["https://creativecommons.org/publicdomain/mark/1.0/"], "hasformat": ["film"]}