{"title": ["Rolschaats demonstraties", "Roller skate demonstrations"], "alternative": ["Weeknummer 26-04", "Week number 26-04"], "creator": ["Polygoon-Profilti (producent) / Nederlands Instituut voor Beeld en Geluid (beheerder)", "Polygoon-Profilti (producer) / Netherlands Institute for Sound and Vision (curator)"], "subject": ["curiosa", "demonstraties", "rolschaatsen", "curiosa", "demonstrations", "roller skating"], "description": ["Bioscoopjournaals waarin Nederlandse onderwerpen van een bepaalde week worden gepresenteerd.", "Newsreels in which Dutch subjects of a certain week are presented."], "abstract": ["Demonstratie rolschaatsen op straat met een merkwaardige lange rolschaats; \u00e9\u00e9n wiel voor en \u00e9\u00e9n wiel achter de schoen. - jongen en man draaien rondjes op rolschaatsen, publiek rondom kijkt toe, 23\" - cu van de rolschaatsen, getoond aan de camera, 8\" - totaalshot groep jongens en mannen rijdt achter elkaar door de straat, publiek lang de kant, af en toe een fietser in de rij, 26\".", "Demonstration of roller skating on the street with a remarkable long rolling skate; one wheel in front of and one wheel behind the shoe. - boy and man circling rounds on rolling skates, audience is watching, 23'' - cu of the rolling skates, showed to the camera, 8'' - shot of a group of boys and men who are riding behind each other, audience along side of the street, once in a while a bicycler in the cue, 26''."], "publisher": ["Nederlands Instituut voor Beeld en Geluid", "https://www.openbeelden.nl/users/beeldengeluid"], "date": ["1926-01-31"], "type": ["Moving Image"], "extent": ["PT1M6S"], "medium": ["https://www.openbeelden.nl/files/06/26/626127.626104.WEEKNUMMER260-HRE0001697E.mp4", "https://www.openbeelden.nl/files/06/26/626129.626104.WEEKNUMMER260-HRE0001697E.mp4", "https://www.openbeelden.nl/files/06/26/626131.626104.WEEKNUMMER260-HRE0001697E.webm", "https://www.openbeelden.nl/files/06/26/626123.626104.WEEKNUMMER260-HRE0001697E.ogv", "https://www.openbeelden.nl/files/06/26/626125.626104.WEEKNUMMER260-HRE0001697E.ogv", "https://www.openbeelden.nl/files/06/26/626165.626104.WEEKNUMMER260_HRE0001697E.m3u8", "https://www.openbeelden.nl/files/06/26/626133.626104.WEEKNUMMER260-HRE0001697E.ts", "https://www.openbeelden.nl/files/06/26/626107.626104.WEEKNUMMER260-HRE0001697E.mpeg", "https://www.openbeelden.nl/files/06/26/626104.WEEKNUMMER260-HRE0001697E.mpg", "https://www.openbeelden.nl/images/626245/Rolschaats_demonstraties_%280_33%29.png"], "identifier": ["509131"], "source": ["WEEKNUMMER260-HRE0001697E"], "language": ["nl"], "references": [null], "mediator": ["Wikimedia Commons"], "spatial": ["Amsterdam", "Nederland", "Amsterdam, The Netherlands"], "attributionName": ["Polygoon-Profilti (producent) / Nederlands Instituut voor Beeld en Geluid (beheerder)"], "attributionURL": ["https://www.openbeelden.nl/media/626105"], "license": ["https://creativecommons.org/publicdomain/mark/1.0/"], "hasformat": ["film"]}