{"title": ["G\u00fclers Travels 1"], "alternative": ["Interview Mustafa Gencaslan"], "creator": ["Imagine IC "], "description": ["In 2012 vierden Nederland en Turkije dat zij 400 jaar geleden handelsbetrekkingen met elkaar aanknoopten. Vooral in de laatste vijftig jaar hiervan, kwamen er veel Turken naar Nederland. Om hier te werken \u0336 en vooral: te ondernemen. De Turkse bakker, de Turkse groenteboer en het Turkse restaurant werden populair. Turks ondernemerschap is intussen in Nederland getalsmatig het belangrijkste 'etnisch' ondernemerschap. Daarbij hebben de ondernemers een groeiend aandeel in sectoren en markten die niet als \u2018etnisch\u2019 worden gezien. Zij hebben restaurants en nagelstudio\u2019s, maar ook ict-bedrijven en luchtvaartmaatschappijen. Samen genereren zij stevige opbrengsten en leveren zij, in tijden van crisis, een frisse bijdrage aan het actuele debat over de kosten van migratie."], "abstract": ["Interview met Mustafa Gencaslan van Bloemactief Ali in de Bijlmer. Hij en zijn 4 broers runnen 3 bloemenwinkels."], "publisher": ["Imagine IC  ", "https://www.openbeelden.nl/users/imagineic"], "date": ["2013-04-24"], "type": ["Moving Image"], "extent": ["PT3M57S"], "medium": ["https://www.openbeelden.nl/files/06/28/628140.628120.BLOEMACTIEF_ALI_v1.mp4", "https://www.openbeelden.nl/files/06/28/628142.628120.BLOEMACTIEF_ALI_v1.mp4", "https://www.openbeelden.nl/files/06/28/628144.628120.BLOEMACTIEF_ALI_v1.webm", "https://www.openbeelden.nl/files/06/28/628136.628120.BLOEMACTIEF_ALI_v1.ogv", "https://www.openbeelden.nl/files/06/28/628138.628120.BLOEMACTIEF_ALI_v1.ogv", "https://www.openbeelden.nl/files/06/28/628286.628120.BLOEMACTIEF_ALI_v1.m3u8", "https://www.openbeelden.nl/files/06/28/628146.628120.BLOEMACTIEF_ALI_v1.ts", "https://www.openbeelden.nl/files/06/28/628123.628120.BLOEMACTIEF_ALI_v1.mpeg", "https://www.openbeelden.nl/images/629037/G%C3%BClers_Travels_1_%281_58%29.png"], "language": ["nl"], "references": [null], "mediator": [null], "attributionName": ["Imagine IC "], "attributionURL": ["https://www.openbeelden.nl/media/628121"], "license": ["https://creativecommons.org/licenses/by-nc-nd/3.0/nl/"]}