{"title": ["G\u00fclers Travels 3"], "alternative": ["interview Gulhan S\u00f6nmez"], "creator": ["Imagine IC "], "description": ["In 2012 vieren Nederland en Turkije dat zij 400 jaar geleden handelsbetrekkingen met elkaar aanknoopten. Vooral in de laatste vijftig jaar hiervan, kwamen er veel Turken naar Nederland. Om hier te werken en vooral: te ondernemen. De Turkse bakker, de Turkse groenteboer en het Turkse restaurant werden populair. Turks ondernemerschap is intussen in Nederland getalsmatig het belangrijkste 'etnisch' ondernemerschap. Daarbij hebben de ondernemers een groeiend aandeel in sectoren en markten die niet als \u2018etnisch\u2019 worden gezien. Zij hebben restaurants en nagelstudio\u2019s, maar ook ict-bedrijven en luchtvaartmaatschappijen. Samen genereren zij stevige opbrengsten en leveren zij, in tijden van crisis, een frisse bijdrage aan het actuele debat over de kosten van migratie."], "abstract": ["In deze aflevering het interview met Gulhan S\u00f6nmez. Zij verteld hier over de net geopende nieuwe vestiging van Oost West Makelaars in Rotterdam."], "publisher": ["Imagine IC  ", "https://www.openbeelden.nl/users/imagineic"], "date": ["2013-04-24"], "type": ["Moving Image"], "extent": ["PT4M3S"], "medium": ["https://www.openbeelden.nl/files/06/28/628257.628223.GULHAN_2.mp4", "https://www.openbeelden.nl/files/06/28/628259.628223.GULHAN_2.mp4", "https://www.openbeelden.nl/files/06/28/628261.628223.GULHAN_2.webm", "https://www.openbeelden.nl/files/06/28/628253.628223.GULHAN_2.ogv", "https://www.openbeelden.nl/files/06/28/628255.628223.GULHAN_2.ogv", "https://www.openbeelden.nl/files/06/28/628278.628223.GULHAN_2.m3u8", "https://www.openbeelden.nl/files/06/28/628263.628223.GULHAN_2.ts", "https://www.openbeelden.nl/files/06/28/628226.628223.GULHAN_2.mpeg", "https://www.openbeelden.nl/images/629035/G%C3%BClers_Travels_3_%282_01%29.png"], "language": ["nl"], "references": [null], "mediator": [null], "attributionName": ["Imagine IC "], "attributionURL": ["https://www.openbeelden.nl/media/628224"], "license": ["https://creativecommons.org/licenses/by-nc-nd/3.0/nl/"]}