{"title": ["Mechanisatiedag voor de land- en tuinbouw", "Mechanization Day for agriculture and horticulture"], "alternative": ["Weeknummer 49-40", "Week number 49-40"], "creator": ["Polygoon-Profilti (producent) / Nederlands Instituut voor Beeld en Geluid (beheerder)", "Polygoon-Profilti (producer) / Netherlands Institute for Sound and Vision (curator)"], "subject": ["demonstraties", "landbouw", "mechanisatie", "tentoonstellingen", "demonstrations", "agriculture", "mechanization", "exhibitions"], "description": ["Bioscoopjournaals waarin Nederlandse onderwerpen van een bepaalde week worden gepresenteerd.", "Newsreels in which Dutch subjects of a certain week are presented."], "abstract": ["Om de mechanisatie van de tuinbouw te bevorderen wordt in Hoorn een Mechanisatiedag gehouden. SHOTS:\u00a0 Tuinders en boeren kijken naar demonstraties van div. grotere en kleinere landbouwmachines en -apparaten: een spuit voor besproeiingsdoeleinden; een machinaal aangedreven schoffel; een verticuteermachine (door de commentator grondhakker genoemd); een machinaal aangedreven tweewielige ploeg; een plantmachine waarmee twee mannnen snel andijvie, kool e.d. kunnen planten; een takkenbrander om snoeihout snel te kunnen vernietigen.", "To promote the mechanization in horticulture a Mechanization Day is held in Hoorn. SHOTS: market gardeners and farmer look at demonstrations of several large and small agricultural machines and equipment: a sprayer for to spary crops; a mechanically driven grubber; a aerating machine (called a ground hacker by the commenter); a mechanically driven plough with two wheels; a planting machine which two men can use to plant endive, cabbage etc.; a branches burner to quickly destroy prunings."], "publisher": ["Nederlands Instituut voor Beeld en Geluid", "https://www.openbeelden.nl/users/beeldengeluid"], "date": ["1949-09-29"], "type": ["Moving Image"], "extent": ["PT1M11S"], "medium": ["https://www.openbeelden.nl/files/62/62886.62872.WEEKNUMMER494-HRE00018AE8.mp4", "https://www.openbeelden.nl/files/62/62880.62872.WEEKNUMMER494-HRE00018AE8.ogv", "https://www.openbeelden.nl/files/62/62883.62872.WEEKNUMMER494-HRE00018AE8.ogv", "https://www.openbeelden.nl/files/62/62893.62872.WEEKNUMMER494_HRE00018AE8.m3u8", "https://www.openbeelden.nl/files/62/62889.62872.WEEKNUMMER494-HRE00018AE8.ts", "https://www.openbeelden.nl/files/62/62876.62872.WEEKNUMMER494-HRE00018AE8.mpeg", "https://www.openbeelden.nl/files/62/62872.WEEKNUMMER494-HRE00018AE8.mpg", "https://www.openbeelden.nl/images/604171/Mechanisatiedag_voor_de_land-_en_tuinbouw_%280_35%29.png"], "identifier": ["515470"], "source": ["WEEKNUMMER494-HRE00018AE8", "WEEKNUMMER494-HRE00018AE8"], "language": ["nl"], "references": [null], "mediator": ["Wikimedia Commons"], "spatial": ["Hoorn", "Nederland"], "attributionName": ["Polygoon-Profilti (producent) / Nederlands Instituut voor Beeld en Geluid (beheerder)"], "attributionURL": ["https://www.openbeelden.nl/media/62873"], "license": ["https://creativecommons.org/licenses/by-sa/3.0/nl/"]}