{"title": ["Eieren gooien"], "alternative": ["Weeknummer 38-16"], "creator": ["Polygoon-Profilti (producent) / Nederlands Instituut voor Beeld en Geluid (beheerder)"], "subject": ["eieren", "gezelschapsspelen", "kinderen"], "description": ["Bioscoopjournaals waarin Nederlandse onderwerpen van een bepaalde week worden gepresenteerd."], "abstract": ["Eieren-gooien te Lunteren. SHOTS: \u00a0- man gooit eieren naar kinderen die ze proberen te vangen; - kinderen proberen eieren bij elkaar kapot te stoten; - eieren worden in een grote plas water gegooid, waarna kinderen ze terug proberen te vinden."], "publisher": ["Nederlands Instituut voor Beeld en Geluid", "https://www.openbeelden.nl/users/beeldengeluid"], "date": ["1938-04-18"], "type": ["Moving Image"], "extent": ["PT49S"], "medium": ["https://www.openbeelden.nl/files/06/30/630081.630068.WEEKNUMMER381-HRE0001C292.mp4", "https://www.openbeelden.nl/files/06/30/630083.630068.WEEKNUMMER381-HRE0001C292.mp4", "https://www.openbeelden.nl/files/06/30/630085.630068.WEEKNUMMER381-HRE0001C292.webm", "https://www.openbeelden.nl/files/06/30/630077.630068.WEEKNUMMER381-HRE0001C292.ogv", "https://www.openbeelden.nl/files/06/30/630079.630068.WEEKNUMMER381-HRE0001C292.ogv", "https://www.openbeelden.nl/files/06/30/630112.630068.WEEKNUMMER381_HRE0001C292.m3u8", "https://www.openbeelden.nl/files/06/30/630087.630068.WEEKNUMMER381-HRE0001C292.ts", "https://www.openbeelden.nl/files/06/30/630071.630068.WEEKNUMMER381-HRE0001C292.mpeg", "https://www.openbeelden.nl/files/06/30/630068.WEEKNUMMER381-HRE0001C292.mpg", "https://www.openbeelden.nl/images/630130/Eieren_gooien_%280_24%29.png"], "identifier": ["511105"], "source": ["WEEKNUMMER381-HRE0001C292"], "language": ["nl"], "references": [null], "mediator": ["Wikimedia Commons"], "spatial": ["Lunteren", "Nederland"], "attributionName": ["Polygoon-Profilti (producent) / Nederlands Instituut voor Beeld en Geluid (beheerder)"], "attributionURL": ["https://www.openbeelden.nl/media/630069"], "license": ["https://creativecommons.org/publicdomain/mark/1.0/"], "hasformat": ["film"]}