{"title": ["11e nationale huishoudbeurs in Amsterdam"], "alternative": ["Weeknummer 56-13"], "creator": ["Polygoon-Profilti (producent) / Nederlands Instituut voor Beeld en Geluid (beheerder)"], "subject": ["brandblussers", "huishoudbeurzen", "huishoudelijke apparatuur", "RAI (tentoonstellingsgebouw)"], "description": ["Bioscoopjournaals waarin Nederlandse onderwerpen van een bepaalde week worden gepresenteerd."], "abstract": ["De 11de huishoudbeurs in de RAI te Amsterdam, met een fluitketel met vaste fluit, een strijkplank om zittend bij te strijken, een kitchenette, een snijmachine, een minibrandblusser voor huishoudelijk gebruik en een nieuwe luier die een andere vorm heeft en meer vocht kan opnemen."], "publisher": ["Nederlands Instituut voor Beeld en Geluid", "https://www.openbeelden.nl/users/beeldengeluid"], "contributor": ["Bloemendal, Philip (commentaar)"], "date": ["1956-03-19"], "type": ["Moving Image"], "extent": ["PT1M29S"], "medium": ["https://www.openbeelden.nl/files/06/30/630565.630480.WEEKNUMMER561-HRE0000E229.mp4", "https://www.openbeelden.nl/files/06/30/630567.630480.WEEKNUMMER561-HRE0000E229.mp4", "https://www.openbeelden.nl/files/06/30/630569.630480.WEEKNUMMER561-HRE0000E229.webm", "https://www.openbeelden.nl/files/06/30/630561.630480.WEEKNUMMER561-HRE0000E229.ogv", "https://www.openbeelden.nl/files/06/30/630563.630480.WEEKNUMMER561-HRE0000E229.ogv", "https://www.openbeelden.nl/files/06/30/630620.630480.WEEKNUMMER561_HRE0000E229.m3u8", "https://www.openbeelden.nl/files/06/30/630571.630480.WEEKNUMMER561-HRE0000E229.ts", "https://www.openbeelden.nl/files/06/30/630483.630480.WEEKNUMMER561-HRE0000E229.mpeg", "https://www.openbeelden.nl/files/06/30/630480.WEEKNUMMER561-HRE0000E229.mpg", "https://www.openbeelden.nl/images/630554/11e_nationale_huishoudbeurs_in_Amsterdam_%280_44%29.png"], "identifier": ["523817"], "source": ["WEEKNUMMER561-HRE0000E229"], "language": ["nl"], "references": [null], "mediator": ["Wikimedia Commons"], "spatial": ["Amsterdam", "Nederland"], "attributionName": ["Polygoon-Profilti (producent) / Nederlands Instituut voor Beeld en Geluid (beheerder)"], "attributionURL": ["https://www.openbeelden.nl/media/630481"], "license": ["https://creativecommons.org/licenses/by-sa/3.0/nl/"], "hasformat": ["film"]}