{"title": ["Padvindersactie ''Een heitje voor een karweitje''"], "alternative": ["Weeknummer 52-16"], "creator": ["Polygoon-Profilti (producent) / Nederlands Instituut voor Beeld en Geluid (beheerder)"], "subject": ["acties", "padvinderij", "Ailly, A.J. d'"], "description": ["Bioscoopjournaals waarin Nederlandse onderwerpen van een bepaalde week worden gepresenteerd."], "abstract": ["De Nederlandse padvinders starten een actie om geld bij elkaar te krijgen. De actie \"Een heitje voor een karweitje\" houdt in dat welpen en padvinders eenvoudige huishoudelijke en andere karweitjes verrichten voor de mensen en daar een \"heitje\" (bargoens voor een kwartje) voor ontvangen. SHOTS: - Een mannenhand deponeert een kwartje in een uitgestoken \u00a0jongenshand; - welpen en padvinders doen allerlei werkjes: op de Dam in Amsterdam laat burgemeester A.J. d' Ailly zijn schoenen poetsen; een kippenhok wordt schoongemaakt; in een tuin wordt het gras gemaaid met een handmaaier; een grote mand met boodschappen wordt versleept; vensterbanken en stenen buitentrappen worden afgesopt; auto's worden gewassen; - een welp salueert."], "publisher": ["Nederlands Instituut voor Beeld en Geluid", "https://www.openbeelden.nl/users/beeldengeluid"], "date": ["1952-04-01"], "type": ["Moving Image"], "extent": ["PT1M4S"], "medium": ["https://www.openbeelden.nl/files/06/48/648476.648463.WEEKNUMMER521-HRE0001D37D.mp4", "https://www.openbeelden.nl/files/06/48/648478.648463.WEEKNUMMER521-HRE0001D37D.mp4", "https://www.openbeelden.nl/files/06/48/648480.648463.WEEKNUMMER521-HRE0001D37D.webm", "https://www.openbeelden.nl/files/06/48/648472.648463.WEEKNUMMER521-HRE0001D37D.ogv", "https://www.openbeelden.nl/files/06/48/648474.648463.WEEKNUMMER521-HRE0001D37D.ogv", "https://www.openbeelden.nl/files/06/48/648492.648463.WEEKNUMMER521_HRE0001D37D.m3u8", "https://www.openbeelden.nl/files/06/48/648482.648463.WEEKNUMMER521-HRE0001D37D.ts", "https://www.openbeelden.nl/files/06/48/648466.648463.WEEKNUMMER521-HRE0001D37D.mpeg", "https://www.openbeelden.nl/files/06/48/648463.WEEKNUMMER521-HRE0001D37D.mpg", "https://www.openbeelden.nl/images/648695/Padvindersactie_%27%27Een_heitje_voor_een_karweitje%27%27_%280_32%29.png"], "identifier": ["520417"], "source": ["WEEKNUMMER521-HRE0001D37D"], "language": ["nl"], "references": [null], "mediator": ["Wikimedia Commons"], "spatial": ["Amsterdam", "Nederland"], "attributionName": ["Polygoon-Profilti (producent) / Nederlands Instituut voor Beeld en Geluid (beheerder)"], "attributionURL": ["https://www.openbeelden.nl/media/648464"], "license": ["https://creativecommons.org/licenses/by-sa/3.0/nl/"], "hasformat": ["film"]}