{"title": ["Orang oetans na logeerpartij weer terug in Artis de voedselvoorziening in de hoofdstedelijke diergaarde"], "alternative": ["Weeknummer 74-09"], "creator": ["Polygoon-Profilti (producent) / Nederlands Instituut voor Beeld en Geluid (beheerder)"], "subject": ["dieren", "dierentransport", "dierentuinen", "orang-oetans", "voedsel", "Artis", "Burgers' Zoo"], "description": ["Bioscoopjournaals waarin Nederlandse onderwerpen van een bepaalde week worden gepresenteerd."], "abstract": ["De orang oetans Koko en Nora worden in Burgers Dierenpark te\u00a0Arnhem met een verdovingspijltje verdoofd en per vrachtwagen teruggebracht naar de dierentuin Artis. In het half jaar dat ze in Arnhem verbleven, is hun hok geheel vernieuwd en van glazen ramen voorzien. De apen worden in hun nieuwe kooi gezet, waar ze de verdoving uitslapen. Met vrachtwagens wordt in Artis eten afgeleverd voor de dieren, oa vlees, groenten, fruit, brood en vis. Het voedsel wordt met karren naar de verschillende dieren gebracht, oa vis naar de pelikanen, brood naar de nijlpaarden, vlees voor de krokodillen, tijgers en leeuwen. De tropische vogels krijgen speciaal samengesteld voedsel."], "publisher": ["Nederlands Instituut voor Beeld en Geluid", "https://www.openbeelden.nl/users/beeldengeluid"], "contributor": ["Bloemendal, Philip (commentaar)"], "date": ["1974-02-01"], "type": ["Moving Image"], "extent": ["PT3M6S"], "medium": ["https://www.openbeelden.nl/files/06/48/648647.648623.WEEKNUMMER740-HRE0001354E.mp4", "https://www.openbeelden.nl/files/06/48/648649.648623.WEEKNUMMER740-HRE0001354E.mp4", "https://www.openbeelden.nl/files/06/48/648651.648623.WEEKNUMMER740-HRE0001354E.webm", "https://www.openbeelden.nl/files/06/48/648643.648623.WEEKNUMMER740-HRE0001354E.ogv", "https://www.openbeelden.nl/files/06/48/648645.648623.WEEKNUMMER740-HRE0001354E.ogv", "https://www.openbeelden.nl/files/06/48/648819.648623.WEEKNUMMER740_HRE0001354E.m3u8", "https://www.openbeelden.nl/files/06/48/648653.648623.WEEKNUMMER740-HRE0001354E.ts", "https://www.openbeelden.nl/files/06/48/648626.648623.WEEKNUMMER740-HRE0001354E.mpeg", "https://www.openbeelden.nl/files/06/48/648623.WEEKNUMMER740-HRE0001354E.mpg", "https://www.openbeelden.nl/images/648689/Orang_oetans_na_logeerpartij_weer_terug_in_Artis_de_voedselvoorziening_in_de_hoofdstedelijke_diergaarde_%281_33%29.png"], "identifier": ["526115"], "source": ["WEEKNUMMER740-HRE0001354E"], "language": ["nl"], "references": [null], "mediator": ["Wikimedia Commons"], "spatial": ["Amsterdam", "Arnhem", "Nederland"], "attributionName": ["Polygoon-Profilti (producent) / Nederlands Instituut voor Beeld en Geluid (beheerder)"], "attributionURL": ["https://www.openbeelden.nl/media/648624"], "license": ["https://creativecommons.org/licenses/by-sa/3.0/nl/"], "hasformat": ["film"]}