{"title": ["Electrificatie van midden en westelijk Brabant"], "alternative": ["Weeknummer 50-20"], "creator": ["Polygoon-Profilti (producent) / Nederlands Instituut voor Beeld en Geluid (beheerder)"], "subject": ["elektriciteit", "machinisten", "spoorwegen", "stations", "treinen", "wederopbouw", "NS"], "description": ["Bioscoopjournaals waarin Nederlandse onderwerpen van een bepaalde week worden gepresenteerd."], "abstract": ["Tot voor kort moesten reizigers die uit Amsterdam naar\u00a0West-Brabant moesten met een elektrische trein naar Dordrecht reizen en daar overstappen op een stoomtrein. Nu het spoorwegnet in Brabant ge\u00eblectrificeerd is kunnen de reizigers in de elektrische trein blijven zitten en, zonder overstappen, in \u00e9\u00e9n keer doorreizen. SHOTS: - Reizigers gaan het Centraal Station te Amsterdam binnen en lopen door de gangen en over de perrons; - stationschef steekt \"spiegelei\" op; elektrische treinen verlaten het station; - de oude situatie wordt in beeld gebracht: in Dordrecht stappen reizigers uit de elektrische trein, lopen naar de\u00a0andere kant van het perron en stappen daar in de stoomtrein; stoomtrein vertrekt en rijdt over de Moerdijkbrug; - de nieuwe situatie van een d\u00f3\u00f3rgaande elektrische trein wordt in beeld gebracht; int. shots: machinist zit in de cabine achter meters, klokken en hendels; in de restauratiewagen serveert een kelner koffie aan de passagiers; beelden vanuit de bestuurderscabine tijdens de passage van de Moerdijkbrug, tijdens de rit over de spoorbaan en bij het binnenrijden van het station van Roosendaal; ext. shots: de trein passeert de Moerdijkbrug; staat langs het perron in Roosendaal. 44:41 op het middenspoor van station Roosendaal staat het zgn. \"directierijtuig\", de trein die speciaal is ingericht voor vervoer van de directie van de NS."], "publisher": ["Nederlands Instituut voor Beeld en Geluid", "https://www.openbeelden.nl/users/beeldengeluid"], "date": ["1950-05-05"], "type": ["Moving Image"], "extent": ["PT1M25S"], "medium": ["https://www.openbeelden.nl/files/06/48/649012.648920.WEEKNUMMER502-HRE00018483.mp4", "https://www.openbeelden.nl/files/06/48/649014.648920.WEEKNUMMER502-HRE00018483.mp4", "https://www.openbeelden.nl/files/06/48/649016.648920.WEEKNUMMER502-HRE00018483.webm", "https://www.openbeelden.nl/files/06/48/649008.648920.WEEKNUMMER502-HRE00018483.ogv", "https://www.openbeelden.nl/files/06/48/649010.648920.WEEKNUMMER502-HRE00018483.ogv", "https://www.openbeelden.nl/files/06/48/649079.648920.WEEKNUMMER502_HRE00018483.m3u8", "https://www.openbeelden.nl/files/06/48/649018.648920.WEEKNUMMER502-HRE00018483.ts", "https://www.openbeelden.nl/files/06/48/648982.648920.WEEKNUMMER502-HRE00018483.mpeg", "https://www.openbeelden.nl/files/06/48/648920.WEEKNUMMER502-HRE00018483.mpg", "https://www.openbeelden.nl/images/649343/Electrificatie_van_midden_en_westelijk_Brabant_%280_42%29.png"], "identifier": ["523502"], "source": ["WEEKNUMMER502-HRE00018483"], "language": ["nl"], "references": [null], "mediator": ["Wikimedia Commons"], "spatial": ["Amsterdam", "Dordrecht", "Nederland", "Roosendaal"], "attributionName": ["Polygoon-Profilti (producent) / Nederlands Instituut voor Beeld en Geluid (beheerder)"], "attributionURL": ["https://www.openbeelden.nl/media/648921"], "license": ["https://creativecommons.org/licenses/by-sa/3.0/nl/"], "hasformat": ["film"]}