{"title": ["Boomchirurgie onder de loep"], "alternative": ["Weeknummer 74-12"], "creator": ["Polygoon-Profilti (producent) / Nederlands Instituut voor Beeld en Geluid (beheerder)"], "subject": ["eiken"], "description": ["Bioscoopjournaals waarin Nederlandse onderwerpen van een bepaalde week worden gepresenteerd."], "abstract": ["Zeven 35-jaar oude mos-eiken worden in Hilversum met een\u00a0speciaal voertuig van het bedrijf Copijn uitgegraven en naar een nieuwbouwwijk getransporteerd. In Tubbergen behandelen medewerkers van het bedrijf een 300 jaar oude eik. Rot hout wordt weggekapt, er worden stormkabels en metalen pennen aangebracht om de takken tegen breken en afscheuren te beschermen en er worden drainagebuizen aangebracht om water in holle takken af te voeren."], "publisher": ["Nederlands Instituut voor Beeld en Geluid", "https://www.openbeelden.nl/users/beeldengeluid"], "contributor": ["Bloemendal, Philip (commentaar)"], "date": ["1974-03-01"], "type": ["Moving Image"], "extent": ["PT2M3S"], "medium": ["https://www.openbeelden.nl/files/06/48/649089.648959.WEEKNUMMER741-HRE00016E8E.mp4", "https://www.openbeelden.nl/files/06/48/649091.648959.WEEKNUMMER741-HRE00016E8E.mp4", "https://www.openbeelden.nl/files/06/48/649093.648959.WEEKNUMMER741-HRE00016E8E.webm", "https://www.openbeelden.nl/files/06/48/649085.648959.WEEKNUMMER741-HRE00016E8E.ogv", "https://www.openbeelden.nl/files/06/48/649087.648959.WEEKNUMMER741-HRE00016E8E.ogv", "https://www.openbeelden.nl/files/06/48/649162.648959.WEEKNUMMER741_HRE00016E8E.m3u8", "https://www.openbeelden.nl/files/06/48/649095.648959.WEEKNUMMER741-HRE00016E8E.ts", "https://www.openbeelden.nl/files/06/48/649051.648959.WEEKNUMMER741-HRE00016E8E.mpeg", "https://www.openbeelden.nl/files/06/48/648959.WEEKNUMMER741-HRE00016E8E.mpg", "https://www.openbeelden.nl/images/649340/Boomchirurgie_onder_de_loep_%281_01%29.png"], "identifier": ["515038"], "source": ["WEEKNUMMER741-HRE00016E8E"], "language": ["nl"], "references": [null], "mediator": ["Wikimedia Commons"], "spatial": ["Hilversum", "Nederland", "Tubbergen"], "attributionName": ["Polygoon-Profilti (producent) / Nederlands Instituut voor Beeld en Geluid (beheerder)"], "attributionURL": ["https://www.openbeelden.nl/media/648960"], "license": ["https://creativecommons.org/licenses/by-sa/3.0/nl/"], "hasformat": ["film"]}