{"title": ["Herdenking van 40 jaar zweefvliegtuigen"], "alternative": ["Weeknummer 70-24"], "creator": ["Polygoon-Profilti (producent) / Nederlands Instituut voor Beeld en Geluid (beheerder)"], "subject": ["jubilea", "postzegels", "zweefvliegen", "zweefvliegtuigen", "KNVvL"], "description": ["Bioscoopjournaals waarin Nederlandse onderwerpen van een bepaalde week worden gepresenteerd."], "abstract": ["Jubileum van de KNVvL van het feit dat 40 jaar geleden voor het eerst in Nederland een zweefvlucht met een zweefvliegtuig is gemaakt. Zweefvlieger John Fukken(?) brengt 2400 speciale brieven met herdenkingszegel in een zweefvliegtuig van het vliegveld Terlet naar Noordwijk aan Zee, waar hij op het strand landt. Met archiefmateriaal van zweefvliegen bij de duinen voor de oorlog en geallieerde zweefvliegtuigen tijdens Operatie Market Garden. Verder foto's van een zweefvlucht van Otto Lilienthal in 1891, een zweefvlucht van Schokking in 1908, Van Tijnen in 1930, een tank in een geallieerd zweefvliegtuig en de vliegende vleugel van Fauwel uit Frankrijk."], "publisher": ["Nederlands Instituut voor Beeld en Geluid", "https://www.openbeelden.nl/users/beeldengeluid"], "contributor": ["Bloemendal, Philip (commentaar)"], "date": ["1970-06-01"], "type": ["Moving Image"], "extent": ["PT1M52S"], "medium": ["https://www.openbeelden.nl/files/06/49/649676.649663.WEEKNUMMER702-HRE0001B630.mp4", "https://www.openbeelden.nl/files/06/49/649678.649663.WEEKNUMMER702-HRE0001B630.mp4", "https://www.openbeelden.nl/files/06/49/649680.649663.WEEKNUMMER702-HRE0001B630.webm", "https://www.openbeelden.nl/files/06/49/649671.649663.WEEKNUMMER702-HRE0001B630.ogv", "https://www.openbeelden.nl/files/06/49/649673.649663.WEEKNUMMER702-HRE0001B630.ogv", "https://www.openbeelden.nl/files/06/49/649717.649663.WEEKNUMMER702_HRE0001B630.m3u8", "https://www.openbeelden.nl/files/06/49/649682.649663.WEEKNUMMER702-HRE0001B630.ts", "https://www.openbeelden.nl/files/06/49/649666.649663.WEEKNUMMER702-HRE0001B630.mpeg", "https://www.openbeelden.nl/files/06/49/649663.WEEKNUMMER702-HRE0001B630.mpg", "https://www.openbeelden.nl/images/649805/Herdenking_van_40_jaar_zweefvliegtuigen_%280_56%29.png"], "identifier": ["525973"], "source": ["WEEKNUMMER702-HRE0001B630"], "language": ["nl"], "references": [null], "mediator": ["Wikimedia Commons"], "spatial": ["Nederland", "Noordwijk aan Zee", "Terlet"], "attributionName": ["Polygoon-Profilti (producent) / Nederlands Instituut voor Beeld en Geluid (beheerder)"], "attributionURL": ["https://www.openbeelden.nl/media/649664"], "license": ["https://creativecommons.org/licenses/by-sa/3.0/nl/"], "hasformat": ["film"]}