{"title": ["Rembrandts Nachtwacht wordt gerestaureerd"], "alternative": ["Weeknummer 47-09"], "creator": ["Polygoon-Profilti (producent) / Nederlands Instituut voor Beeld en Geluid (beheerder)"], "subject": ["schilderijen", "Rembrandt", "Nachtwacht", "Rijksmuseum"], "description": ["Bioscoopjournaals waarin Nederlandse onderwerpen van een bepaalde week worden gepresenteerd."], "abstract": ["In het Rijksmuseum te Amsterdam is restaurateur Mertens bezig\u00a0met het schoonmaken van Rembrandts \"Nachtwacht\". Hij mengt vloeistoffen en reinigt met een doek en een fijne kwast het schilderij. Cu's van het schilderij laten duidelijk het verschil in helderheid zien tussen de behandelde en niet\u00a0behandelde plekken."], "publisher": ["Nederlands Instituut voor Beeld en Geluid", "https://www.openbeelden.nl/users/beeldengeluid"], "date": ["1947-02-23"], "type": ["Moving Image"], "extent": ["PT1M33S"], "medium": ["https://www.openbeelden.nl/files/06/50/650597.650576.WEEKNUMMER470-HRE00016B04.mp4", "https://www.openbeelden.nl/files/06/50/650599.650576.WEEKNUMMER470-HRE00016B04.mp4", "https://www.openbeelden.nl/files/06/50/650601.650576.WEEKNUMMER470-HRE00016B04.webm", "https://www.openbeelden.nl/files/06/50/650593.650576.WEEKNUMMER470-HRE00016B04.ogv", "https://www.openbeelden.nl/files/06/50/650595.650576.WEEKNUMMER470-HRE00016B04.ogv", "https://www.openbeelden.nl/files/06/50/650639.650576.WEEKNUMMER470_HRE00016B04.m3u8", "https://www.openbeelden.nl/files/06/50/650603.650576.WEEKNUMMER470-HRE00016B04.ts", "https://www.openbeelden.nl/files/06/50/650579.650576.WEEKNUMMER470-HRE00016B04.mpeg", "https://www.openbeelden.nl/files/06/50/650576.WEEKNUMMER470-HRE00016B04.mpg", "https://www.openbeelden.nl/images/651008/Rembrandts_Nachtwacht_wordt_gerestaureerd_%280_46%29.png"], "identifier": ["518161"], "source": ["WEEKNUMMER470-HRE00016B04"], "language": ["nl"], "references": [null], "mediator": ["Wikimedia Commons"], "spatial": ["Amsterdam", "Nederland"], "attributionName": ["Polygoon-Profilti (producent) / Nederlands Instituut voor Beeld en Geluid (beheerder)"], "attributionURL": ["https://www.openbeelden.nl/media/650577"], "license": ["https://creativecommons.org/publicdomain/mark/1.0/"], "hasformat": ["film"]}