{"title": ["De mijnendienst weer in Den Helder"], "alternative": ["Weeknummer 48-08"], "creator": ["Polygoon-Profilti (producent) / Nederlands Instituut voor Beeld en Geluid (beheerder)"], "subject": ["havens", "mijnenvegers", "Koninklijke Marine"], "description": ["Bioscoopjournaals waarin Nederlandse onderwerpen van een bepaalde week worden gepresenteerd."], "abstract": ["Zes mijnenvegers van de Koninklijke Marine zijn, sinds het einde van de Tweede Wereldoorlog, gestationeerd geweest in IJmuiden. Ze keren nu van daaruit definitief terug naar hun thuishaven Den Helder. Tijdens de vaart over de Noordzee vieren ze de elektrische veegkabels. In de haven van Nieuwediep meren ze af aan de kade."], "publisher": ["Nederlands Instituut voor Beeld en Geluid", "https://www.openbeelden.nl/users/beeldengeluid"], "date": ["1948-02-13"], "type": ["Moving Image"], "extent": ["PT1M6S"], "medium": ["https://www.openbeelden.nl/files/06/51/651264.651238.WEEKNUMMER480-HRE0001C901.mp4", "https://www.openbeelden.nl/files/06/51/651266.651238.WEEKNUMMER480-HRE0001C901.mp4", "https://www.openbeelden.nl/files/06/51/651268.651238.WEEKNUMMER480-HRE0001C901.webm", "https://www.openbeelden.nl/files/06/51/651260.651238.WEEKNUMMER480-HRE0001C901.ogv", "https://www.openbeelden.nl/files/06/51/651262.651238.WEEKNUMMER480-HRE0001C901.ogv", "https://www.openbeelden.nl/files/06/51/651314.651238.WEEKNUMMER480_HRE0001C901.m3u8", "https://www.openbeelden.nl/files/06/51/651270.651238.WEEKNUMMER480-HRE0001C901.ts", "https://www.openbeelden.nl/files/06/51/651253.651238.WEEKNUMMER480-HRE0001C901.mpeg", "https://www.openbeelden.nl/files/06/51/651238.WEEKNUMMER480-HRE0001C901.mpg", "https://www.openbeelden.nl/images/651453/De_mijnendienst_weer_in_Den_Helder_%280_33%29.png"], "identifier": ["516148"], "source": ["WEEKNUMMER480-HRE0001C901"], "language": ["nl"], "references": [null], "mediator": ["Wikimedia Commons"], "spatial": ["Den Helder", "IJmuiden", "Nederland", "Noordzee"], "attributionName": ["Polygoon-Profilti (producent) / Nederlands Instituut voor Beeld en Geluid (beheerder)"], "attributionURL": ["https://www.openbeelden.nl/media/651239"], "license": ["https://creativecommons.org/licenses/by-sa/3.0/nl/"], "hasformat": ["film"]}