{"title": ["Sportwagenraces"], "alternative": ["Weeknummer 60-22"], "creator": ["Polygoon-Profilti (producent) / Nederlands Instituut voor Beeld en Geluid (beheerder)"], "subject": ["Hildebrand, Tonio", "Circuit Park Zandvoort"], "description": ["Bioscoopjournaals waarin Nederlandse onderwerpen van een bepaalde week worden gepresenteerd."], "abstract": ["Nationale sportwagenraces op het Circuit Park Zandvoort. Garagehouder Tonio Hildebrand wint de race in zijn Mini."], "publisher": ["Nederlands Instituut voor Beeld en Geluid", "https://www.openbeelden.nl/users/beeldengeluid"], "contributor": ["Bloemendal, Philip (commentaar)"], "date": ["1960-05-22"], "type": ["Moving Image"], "extent": ["PT1M6S"], "medium": ["https://www.openbeelden.nl/files/06/51/651824.651812.WEEKNUMMER602-HRE0001363D.mp4", "https://www.openbeelden.nl/files/06/51/651826.651812.WEEKNUMMER602-HRE0001363D.mp4", "https://www.openbeelden.nl/files/06/51/651828.651812.WEEKNUMMER602-HRE0001363D.webm", "https://www.openbeelden.nl/files/06/51/651820.651812.WEEKNUMMER602-HRE0001363D.ogv", "https://www.openbeelden.nl/files/06/51/651822.651812.WEEKNUMMER602-HRE0001363D.ogv", "https://www.openbeelden.nl/files/06/51/651841.651812.WEEKNUMMER602_HRE0001363D.m3u8", "https://www.openbeelden.nl/files/06/51/651830.651812.WEEKNUMMER602-HRE0001363D.ts", "https://www.openbeelden.nl/files/06/51/651815.651812.WEEKNUMMER602-HRE0001363D.mpeg", "https://www.openbeelden.nl/files/06/51/651812.WEEKNUMMER602-HRE0001363D.mpg", "https://www.openbeelden.nl/images/652212/Sportwagenraces_%280_33%29.png"], "identifier": ["527174"], "source": ["WEEKNUMMER602-HRE0001363D"], "language": ["nl"], "references": [null], "mediator": ["Wikimedia Commons"], "spatial": ["Nederland", "Zandvoort"], "attributionName": ["Polygoon-Profilti (producent) / Nederlands Instituut voor Beeld en Geluid (beheerder)"], "attributionURL": ["https://www.openbeelden.nl/media/651813"], "license": ["https://creativecommons.org/licenses/by-sa/3.0/nl/"], "hasformat": ["film"]}