{"title": ["Mini bomen voor grote stadsbewoners"], "alternative": ["Weeknummer 69-37"], "creator": ["Polygoon-Profilti (producent) / Nederlands Instituut voor Beeld en Geluid (beheerder)"], "subject": ["bomen", "kwekerijen"], "description": ["Bioscoopjournaals waarin Nederlandse onderwerpen van een bepaalde week worden gepresenteerd."], "abstract": ["De kweker Vriens in Baarlo kweekt kleine boomsoorten die geschikt zijn voor stadsbewoners met een kleine tuin of flatwoning, met fruitboompjes. Met bloemen en planten in potten op een balkon."], "publisher": ["Nederlands Instituut voor Beeld en Geluid", "https://www.openbeelden.nl/users/beeldengeluid"], "contributor": ["Bloemendal, Philip (commentaar)"], "date": ["1969-09-01"], "type": ["Moving Image"], "extent": ["PT1M18S"], "medium": ["https://www.openbeelden.nl/files/06/51/651856.651843.WEEKNUMMER693-HRE0001B801.mp4", "https://www.openbeelden.nl/files/06/51/651858.651843.WEEKNUMMER693-HRE0001B801.mp4", "https://www.openbeelden.nl/files/06/51/651860.651843.WEEKNUMMER693-HRE0001B801.webm", "https://www.openbeelden.nl/files/06/51/651852.651843.WEEKNUMMER693-HRE0001B801.ogv", "https://www.openbeelden.nl/files/06/51/651854.651843.WEEKNUMMER693-HRE0001B801.ogv", "https://www.openbeelden.nl/files/06/51/651954.651843.WEEKNUMMER693_HRE0001B801.m3u8", "https://www.openbeelden.nl/files/06/51/651862.651843.WEEKNUMMER693-HRE0001B801.ts", "https://www.openbeelden.nl/files/06/51/651846.651843.WEEKNUMMER693-HRE0001B801.mpeg", "https://www.openbeelden.nl/files/06/51/651843.WEEKNUMMER693-HRE0001B801.mpg", "https://www.openbeelden.nl/images/652211/Mini_bomen_voor_grote_stadsbewoners_%280_39%29.png"], "identifier": ["522093"], "source": ["WEEKNUMMER693-HRE0001B801"], "language": ["nl"], "references": [null], "mediator": ["Wikimedia Commons"], "spatial": ["Baarlo", "Nederland"], "attributionName": ["Polygoon-Profilti (producent) / Nederlands Instituut voor Beeld en Geluid (beheerder)"], "attributionURL": ["https://www.openbeelden.nl/media/651844"], "license": ["https://creativecommons.org/licenses/by-sa/3.0/nl/"], "hasformat": ["film"]}