{"title": ["80 jaar pottenbakken, expositie fraai aardewerk"], "alternative": ["Weeknummer 75-40"], "creator": ["Polygoon-Profilti (producent) / Nederlands Instituut voor Beeld en Geluid (beheerder)"], "subject": ["aardewerk", "jubilea", "pottenbakkers", "tentoonstellingen"], "description": ["Bioscoopjournaals waarin Nederlandse onderwerpen van een bepaalde week worden gepresenteerd."], "abstract": ["In verband met het tachtigjarig jubileum van de pottenbakkerij van Klaas Mobach in Utrecht organiseert het bedrijf een kleine tentoonstelling en geeft het een demonstratie van de werking van een originele keramiekoven. SHOTS: - (zw/w) Mobach aan het pottenbakken in atelier; vrouwen bewerken potten; vaas wordt in glazuur gedoopt; grote keramiekoven wordt volgezet met potten; - (kleur) afgebakken aardewerk; diverse van expositie met o.a. vazen met Jugendstil-motief; overzicht tentoonstelling."], "publisher": ["Nederlands Instituut voor Beeld en Geluid", "https://www.openbeelden.nl/users/beeldengeluid"], "contributor": ["Bloemendal, Philip (commentaar)"], "date": ["1975-01-01"], "type": ["Moving Image"], "extent": ["PT2M1S"], "medium": ["https://www.openbeelden.nl/files/06/52/652301.652290.WEEKNUMMER754-HRE0001A73C_1437000_1559000.mp4", "https://www.openbeelden.nl/files/06/52/652303.652290.WEEKNUMMER754-HRE0001A73C_1437000_1559000.mp4", "https://www.openbeelden.nl/files/06/52/652290.WEEKNUMMER754-HRE0001A73C_1437000_1559000.mp4", "https://www.openbeelden.nl/files/06/52/652305.652290.WEEKNUMMER754-HRE0001A73C_1437000_1559000.webm", "https://www.openbeelden.nl/files/06/52/652297.652290.WEEKNUMMER754-HRE0001A73C_1437000_1559000.ogv", "https://www.openbeelden.nl/files/06/52/652299.652290.WEEKNUMMER754-HRE0001A73C_1437000_1559000.ogv", "https://www.openbeelden.nl/files/06/52/652355.652290.WEEKNUMMER754_HRE0001A73C_1437000_1559000.m3u8", "https://www.openbeelden.nl/files/06/52/652307.652290.WEEKNUMMER754-HRE0001A73C_1437000_1559000.ts", "https://www.openbeelden.nl/files/06/52/652293.652290.WEEKNUMMER754-HRE0001A73C_1437000_1559000.mpeg", "https://www.openbeelden.nl/images/652360/80_jaar_pottenbakken%2C_expositie_fraai_aardewerk_%281_00%29.png"], "identifier": ["516020"], "source": ["WEEKNUMMER754-HRE0001A73C"], "language": ["nl"], "references": [null], "mediator": ["Wikimedia Commons"], "spatial": ["Nederland", "Utrecht (stad)"], "attributionName": ["Polygoon-Profilti (producent) / Nederlands Instituut voor Beeld en Geluid (beheerder)"], "attributionURL": ["https://www.openbeelden.nl/media/652291"], "license": ["https://creativecommons.org/licenses/by-sa/3.0/nl/"], "hasformat": ["film"]}