{"title": ["Veiling antieke auto's door Christie's London"], "alternative": ["Weeknummer 75-49"], "creator": ["Polygoon-Profilti (producent) / Nederlands Instituut voor Beeld en Geluid (beheerder)"], "subject": ["oldtimers", "veilingen", "Christie's", "Mercedes", "Nationaal Automobiel Museum", "Rolls Royce"], "description": ["Bioscoopjournaals waarin Nederlandse onderwerpen van een bepaalde week worden gepresenteerd."], "abstract": ["Veiling van oldtimers in Nationaal Automobiel Museum in Leidschendam, georganiseerd door de Nederlandse vestiging van het Londense veilinghuis Christie's. SHOTS: diverse oldtimers, o.a. een rijdende Suzaire-Naudin en een Marot-Gardon in de toonzaal van het museum; overzicht van de veilinghal, met o.a. Rolls Royces uit diverse jaren; veiling van een 8-cilinder Mercedes Cabriolet uit 1935, die uiteindelijk voor 75000 gulden wordt verkocht; Mercedes Cabriolet rijdt tussen bomen door."], "publisher": ["Nederlands Instituut voor Beeld en Geluid", "https://www.openbeelden.nl/users/beeldengeluid"], "contributor": ["Bloemendal, Philip (commentaar)"], "date": ["1975-01-01"], "type": ["Moving Image"], "extent": ["PT2M0S"], "medium": ["https://www.openbeelden.nl/files/06/53/653195.653182.WEEKNUMMER754-HRE0001C8C9.mp4", "https://www.openbeelden.nl/files/06/53/653197.653182.WEEKNUMMER754-HRE0001C8C9.mp4", "https://www.openbeelden.nl/files/06/53/653199.653182.WEEKNUMMER754-HRE0001C8C9.webm", "https://www.openbeelden.nl/files/06/53/653191.653182.WEEKNUMMER754-HRE0001C8C9.ogv", "https://www.openbeelden.nl/files/06/53/653193.653182.WEEKNUMMER754-HRE0001C8C9.ogv", "https://www.openbeelden.nl/files/06/53/653281.653182.WEEKNUMMER754_HRE0001C8C9.m3u8", "https://www.openbeelden.nl/files/06/53/653201.653182.WEEKNUMMER754-HRE0001C8C9.ts", "https://www.openbeelden.nl/files/06/53/653185.653182.WEEKNUMMER754-HRE0001C8C9.mpeg", "https://www.openbeelden.nl/files/06/53/653182.WEEKNUMMER754-HRE0001C8C9.mpg", "https://www.openbeelden.nl/images/653350/Veiling_antieke_auto%27s_door_Christie%27s_London_%281_00%29.png"], "identifier": ["515012"], "source": ["WEEKNUMMER754-HRE0001C8C9"], "language": ["nl"], "references": [null], "mediator": ["Wikimedia Commons"], "spatial": ["Leidschendam", "Nederland"], "attributionName": ["Polygoon-Profilti (producent) / Nederlands Instituut voor Beeld en Geluid (beheerder)"], "attributionURL": ["https://www.openbeelden.nl/media/653183"], "license": ["https://creativecommons.org/licenses/by-sa/3.0/nl/"], "hasformat": ["film"]}