{"title": ["De kringloop van glas huisvrouw en industrie milieubewust"], "alternative": ["Weeknummer 73-02"], "creator": ["Polygoon-Profilti (producent) / Nederlands Instituut voor Beeld en Geluid (beheerder)"], "subject": ["glas", "recycling", "Verenigde Glasfabrieken"], "description": ["Bioscoopjournaals waarin Nederlandse onderwerpen van een bepaalde week worden gepresenteerd."], "abstract": ["Het hergebruik van glas. Nav een actie van particulieren, oa mevr. Benning uit Baarn, wordt ingeleverd glas in een machine in een voormalig koetshuis tot scherven gehakt. Mensen gooien glas in een glascontainer, de container wordt geleegd in een vrachtwagen en het glas wordt gestort bij een glashandel te Rotterdam. Daar wordt het glas op een lopende band geschept en ontdaan van overig afval. Als het in scherven is gebroken, wordt het glas per vrachtwagen naar de Verenigde Glasfabrieken te Leerdam gebracht. Daar wordt het glas vermengd met zand en soda en in een glasoven verhit tot 1500 graden Celsius. Het gesmolten glas wordt tot groenkleurige flessen verwerkt."], "publisher": ["Nederlands Instituut voor Beeld en Geluid", "https://www.openbeelden.nl/users/beeldengeluid"], "contributor": ["Bloemendal, Philip (commentaar)"], "date": ["1973-01-01"], "type": ["Moving Image"], "extent": ["PT2M37S"], "medium": ["https://www.openbeelden.nl/files/06/53/653982.653946.WEEKNUMMER730-HRE0000CB1E.mp4", "https://www.openbeelden.nl/files/06/53/653984.653946.WEEKNUMMER730-HRE0000CB1E.mp4", "https://www.openbeelden.nl/files/06/53/653986.653946.WEEKNUMMER730-HRE0000CB1E.webm", "https://www.openbeelden.nl/files/06/53/653978.653946.WEEKNUMMER730-HRE0000CB1E.ogv", "https://www.openbeelden.nl/files/06/53/653980.653946.WEEKNUMMER730-HRE0000CB1E.ogv", "https://www.openbeelden.nl/files/06/53/654094.653946.WEEKNUMMER730_HRE0000CB1E.m3u8", "https://www.openbeelden.nl/files/06/53/653988.653946.WEEKNUMMER730-HRE0000CB1E.ts", "https://www.openbeelden.nl/files/06/53/653952.653946.WEEKNUMMER730-HRE0000CB1E.mpeg", "https://www.openbeelden.nl/files/06/53/653946.WEEKNUMMER730-HRE0000CB1E.mpg", "https://www.openbeelden.nl/images/654182/De_kringloop_van_glas_huisvrouw_en_industrie_milieubewust_%281_18%29.png"], "identifier": ["523085"], "source": ["WEEKNUMMER730-HRE0000CB1E"], "language": ["nl"], "references": [null], "mediator": ["Wikimedia Commons"], "spatial": ["Baarn", "Leerdam", "Nederland", "Rotterdam"], "attributionName": ["Polygoon-Profilti (producent) / Nederlands Instituut voor Beeld en Geluid (beheerder)"], "attributionURL": ["https://www.openbeelden.nl/media/653947"], "license": ["https://creativecommons.org/licenses/by-sa/3.0/nl/"], "hasformat": ["film"]}