{"title": ["5000 postduiven de lucht in"], "alternative": ["Weeknummer 37-43"], "creator": ["Polygoon-Profilti (producent) / Nederlands Instituut voor Beeld en Geluid (beheerder)"], "subject": ["duivensport", "postduiven", "Hoboken"], "description": ["Bioscoopjournaals waarin Nederlandse onderwerpen van een bepaalde week worden gepresenteerd."], "abstract": ["Uitladen van duivenmanden uit een auto en het loslaten van vijfduizend postduiven op het land van Hoboken te Rotterdam."], "publisher": ["Nederlands Instituut voor Beeld en Geluid", "https://www.openbeelden.nl/users/beeldengeluid"], "date": ["1937-10-17"], "type": ["Moving Image"], "extent": ["PT38S"], "medium": ["https://www.openbeelden.nl/files/06/54/654146.654055.WEEKNUMMER374-HRE0001D3F8.mp4", "https://www.openbeelden.nl/files/06/54/654148.654055.WEEKNUMMER374-HRE0001D3F8.mp4", "https://www.openbeelden.nl/files/06/54/654150.654055.WEEKNUMMER374-HRE0001D3F8.webm", "https://www.openbeelden.nl/files/06/54/654142.654055.WEEKNUMMER374-HRE0001D3F8.ogv", "https://www.openbeelden.nl/files/06/54/654144.654055.WEEKNUMMER374-HRE0001D3F8.ogv", "https://www.openbeelden.nl/files/06/54/654173.654055.WEEKNUMMER374_HRE0001D3F8.m3u8", "https://www.openbeelden.nl/files/06/54/654152.654055.WEEKNUMMER374-HRE0001D3F8.ts", "https://www.openbeelden.nl/files/06/54/654114.654055.WEEKNUMMER374-HRE0001D3F8.mpeg", "https://www.openbeelden.nl/files/06/54/654055.WEEKNUMMER374-HRE0001D3F8.mpg", "https://www.openbeelden.nl/images/654281/5000_postduiven_de_lucht_in_%280_19%29.png"], "identifier": ["513179"], "source": ["WEEKNUMMER374-HRE0001D3F8"], "language": ["nl"], "references": [null], "mediator": ["Wikimedia Commons"], "spatial": ["Nederland", "Rotterdam"], "attributionName": ["Polygoon-Profilti (producent) / Nederlands Instituut voor Beeld en Geluid (beheerder)"], "attributionURL": ["https://www.openbeelden.nl/media/654056"], "license": ["https://creativecommons.org/publicdomain/mark/1.0/"], "hasformat": ["film"]}