{"title": ["Oplaten van 2500 postduiven"], "alternative": ["Weeknummer 26-09"], "creator": ["Polygoon-Profilti (producent) / Nederlands Instituut voor Beeld en Geluid (beheerder)"], "subject": ["duivensport", "postduiven"], "description": ["Bioscoopjournaals waarin Nederlandse onderwerpen van een bepaalde week worden gepresenteerd."], "abstract": ["Aanvoeren en loslaten van 2500 duiven te Vogelenzang. - totaalshot aanrijden van enkele vrachtauto's en paard en wagens, volgeladen met duivenmanden; erachter fietsend mannen met duivenmanden op de fiets,\u00a0- verzamelen van de duiven op een weiland of park,\u00a0- massaal lossen van de duiven, - drie heren poserend voor de camera (organisatie of bestuur ?)."], "publisher": ["Nederlands Instituut voor Beeld en Geluid", "https://www.openbeelden.nl/users/beeldengeluid"], "date": ["1926-04-10"], "type": ["Moving Image"], "extent": ["PT1M43S"], "medium": ["https://www.openbeelden.nl/files/06/54/654308.654256.WEEKNUMMER260-HRE000156F4.mp4", "https://www.openbeelden.nl/files/06/54/654310.654256.WEEKNUMMER260-HRE000156F4.mp4", "https://www.openbeelden.nl/files/06/54/654312.654256.WEEKNUMMER260-HRE000156F4.webm", "https://www.openbeelden.nl/files/06/54/654304.654256.WEEKNUMMER260-HRE000156F4.ogv", "https://www.openbeelden.nl/files/06/54/654306.654256.WEEKNUMMER260-HRE000156F4.ogv", "https://www.openbeelden.nl/files/06/54/654380.654256.WEEKNUMMER260_HRE000156F4.m3u8", "https://www.openbeelden.nl/files/06/54/654314.654256.WEEKNUMMER260-HRE000156F4.ts", "https://www.openbeelden.nl/files/06/54/654268.654256.WEEKNUMMER260-HRE000156F4.mpeg", "https://www.openbeelden.nl/files/06/54/654256.WEEKNUMMER260-HRE000156F4.mpg", "https://www.openbeelden.nl/images/654492/Oplaten_van_2500_postduiven_%280_51%29.png"], "identifier": ["515459"], "source": ["WEEKNUMMER260-HRE000156F4"], "language": ["nl"], "references": [null], "mediator": ["Wikimedia Commons"], "spatial": ["Nederland", "Vogelenzang"], "attributionName": ["Polygoon-Profilti (producent) / Nederlands Instituut voor Beeld en Geluid (beheerder)"], "attributionURL": ["https://www.openbeelden.nl/media/654257"], "license": ["https://creativecommons.org/publicdomain/mark/1.0/"], "hasformat": ["film"]}