{"title": ["De gouden jaarbeurs"], "alternative": ["Weeknummer 48-16"], "creator": ["Polygoon-Profilti (producent) / Nederlands Instituut voor Beeld en Geluid (beheerder)"], "subject": ["beurzen", "jubilea", "Jaarbeurs"], "description": ["Bioscoopjournaals waarin Nederlandse onderwerpen van een bepaalde week worden gepresenteerd."], "abstract": ["In Utrecht wordt de 50e Jaarbeurs gehouden. Zakenlieden komen per vliegtuig aan op Soesterberg en ze worden per bus verder vervoerd; op het station van Utrecht komen treinen aan, v\u00f3\u00f3r het station staan massa's auto's en bussen geparkeerd, station en stationsplein zijn versierd met oa vlaggen; hoog shot van de Catharijnebrug over de Catharijnesingel (hoek Rijnkade) naar het Vreeburg met stadsverkeer en grote massa voetgangers. Archiefmateriaal: beelden van de eerste Jaarbeurs in 1917: shot vanuit ongeveer dezelfde camerapositie van dezelfde brug met voetgangers en stadsverkeer; versierde tram; houten Jaarbeursgebouwtjes aan de Kanaalstraat en op het Vreeburg; reclameoptocht in de straten; Jaarbeurs: grote menigte bezoekers gaat de ingang van de Jaarbeurs aan het Vreeburg binnen; int. tentoonstellingszaal met bezoekers en div. stands, oa aardewerk en porselein uit Belgi\u00eb, Zwitserse horloges, glaswerk en kristal uit Tsjechoslowakije, Franse parfums, textiel, schoenen, huishoudelijke artikelen en keukens uit Nederland; ext. expositieterrein aan de Croeselaan met inzendingen op het gebied van techniek."], "publisher": ["Nederlands Instituut voor Beeld en Geluid", "https://www.openbeelden.nl/users/beeldengeluid"], "date": ["1948-04-09"], "type": ["Moving Image"], "extent": ["PT3M28S"], "medium": ["https://www.openbeelden.nl/files/06/54/654460.654405.WEEKNUMMER481-HRE0000CAC7_486000_695000.mp4", "https://www.openbeelden.nl/files/06/54/654462.654405.WEEKNUMMER481-HRE0000CAC7_486000_695000.mp4", "https://www.openbeelden.nl/files/06/54/654405.WEEKNUMMER481-HRE0000CAC7_486000_695000.mp4", "https://www.openbeelden.nl/files/06/54/654464.654405.WEEKNUMMER481-HRE0000CAC7_486000_695000.webm", "https://www.openbeelden.nl/files/06/54/654456.654405.WEEKNUMMER481-HRE0000CAC7_486000_695000.ogv", "https://www.openbeelden.nl/files/06/54/654458.654405.WEEKNUMMER481-HRE0000CAC7_486000_695000.ogv", "https://www.openbeelden.nl/files/06/54/654514.654405.WEEKNUMMER481_HRE0000CAC7_486000_695000.m3u8", "https://www.openbeelden.nl/files/06/54/654466.654405.WEEKNUMMER481-HRE0000CAC7_486000_695000.ts", "https://www.openbeelden.nl/files/06/54/654434.654405.WEEKNUMMER481-HRE0000CAC7_486000_695000.mpeg", "https://www.openbeelden.nl/images/654488/De_gouden_jaarbeurs_%281_44%29.png"], "identifier": ["510114"], "source": ["WEEKNUMMER481-HRE0000CAC7"], "language": ["nl"], "references": [null], "mediator": ["Wikimedia Commons"], "spatial": ["Nederland", "Utrecht"], "attributionName": ["Polygoon-Profilti (producent) / Nederlands Instituut voor Beeld en Geluid (beheerder)"], "attributionURL": ["https://www.openbeelden.nl/media/654406"], "license": ["https://creativecommons.org/licenses/by-sa/3.0/nl/"], "hasformat": ["film"]}