{"title": ["Zwemwedstrijden"], "alternative": ["Weeknummer 28-16"], "creator": ["Polygoon-Profilti (producent) / Nederlands Instituut voor Beeld en Geluid (beheerder)"], "subject": ["schoonspringen", "zwemmen"], "description": ["Bioscoopjournaals waarin Nederlandse onderwerpen van een bepaalde week worden gepresenteerd."], "abstract": ["Beelden van door zwemvereniging \"De Delft\" in Haarlem georganiseerde wedstrijd in schoonspringen in zwembad. - Div. long/medium shots van duiken en schoonspringen vanaf hoge springplank, veel publiek aan rand zwembad kijkt toe en applaudisseert. \u00a0"], "publisher": ["Nederlands Instituut voor Beeld en Geluid", "https://www.openbeelden.nl/users/beeldengeluid"], "date": ["1928-08-01"], "type": ["Moving Image"], "extent": ["PT1M10S"], "medium": ["https://www.openbeelden.nl/files/06/54/654618.654606.WEEKNUMMER281-HRE00016C83_2942840_3013000.mp4", "https://www.openbeelden.nl/files/06/54/654620.654606.WEEKNUMMER281-HRE00016C83_2942840_3013000.mp4", "https://www.openbeelden.nl/files/06/54/654606.WEEKNUMMER281-HRE00016C83_2942840_3013000.mp4", "https://www.openbeelden.nl/files/06/54/654622.654606.WEEKNUMMER281-HRE00016C83_2942840_3013000.webm", "https://www.openbeelden.nl/files/06/54/654614.654606.WEEKNUMMER281-HRE00016C83_2942840_3013000.ogv", "https://www.openbeelden.nl/files/06/54/654616.654606.WEEKNUMMER281-HRE00016C83_2942840_3013000.ogv", "https://www.openbeelden.nl/files/06/54/654682.654606.WEEKNUMMER281_HRE00016C83_2942840_3013000.m3u8", "https://www.openbeelden.nl/files/06/54/654624.654606.WEEKNUMMER281-HRE00016C83_2942840_3013000.ts", "https://www.openbeelden.nl/files/06/54/654609.654606.WEEKNUMMER281-HRE00016C83_2942840_3013000.mpeg", "https://www.openbeelden.nl/images/654664/Zwemwedstrijden_%280_35%29.png"], "identifier": ["524886"], "source": ["WEEKNUMMER281-HRE00016C83"], "language": ["nl"], "references": [null], "mediator": ["Wikimedia Commons"], "spatial": ["Haarlem", "Nederland"], "attributionName": ["Polygoon-Profilti (producent) / Nederlands Instituut voor Beeld en Geluid (beheerder)"], "attributionURL": ["https://www.openbeelden.nl/media/654607"], "license": ["https://creativecommons.org/publicdomain/mark/1.0/"], "hasformat": ["film"]}