{"title": ["Eenmansduikboot in de haven van IJmuiden gelicht"], "alternative": ["Weeknummer 51-26"], "creator": ["Polygoon-Profilti (producent) / Nederlands Instituut voor Beeld en Geluid (beheerder)"], "subject": ["bergingen", "duikers", "havens", "hijskranen", "onderzee\u00ebrs", "Tweede Wereldoorlog"], "description": ["Bioscoopjournaals waarin Nederlandse onderwerpen van een bepaalde week worden gepresenteerd."], "abstract": ["Berging van het wrak van een Duitse miniatuur-duikboot uit de Tweede Wereldoorlog, gevonden op de bodem van de haven van IJmuiden. SHOTS: - Shots vanaf een varend bootje dat, in de havenmond van IJmuiden, naar een baggermolen toevaart; - ext. baggermolen; ext. van bootje dat ligt afgemeerd boven de plaats van het wrak; \u00a0- op het bootje wordt een duiker in een duikerpak geholpen waarna hij te water gaat; \u00a0- met dikke slangen wordt vanaf \u00e9\u00e9n kant van het bootje zand weggezogen van de zeebodem en aan de andere kant van het scheepje via een pijpleiding weer weggespoten; \u00a0- een drijvende bok takelt het duikbootje langzaam boven water en laat het voorzichtig op het talud van de kade neer; \u00a0- cu's van details van het U-bootje; oa luchtinlaat van de zgn. \"snuiver\"(?). \u00a0"], "publisher": ["Nederlands Instituut voor Beeld en Geluid", "https://www.openbeelden.nl/users/beeldengeluid"], "date": ["1951-06-01"], "type": ["Moving Image"], "extent": ["PT1M12S"], "medium": ["https://www.openbeelden.nl/files/06/54/654768.654757.WEEKNUMMER512-HRE00015967_1084400_1156680.mp4", "https://www.openbeelden.nl/files/06/54/654770.654757.WEEKNUMMER512-HRE00015967_1084400_1156680.mp4", "https://www.openbeelden.nl/files/06/54/654757.WEEKNUMMER512-HRE00015967_1084400_1156680.mp4", "https://www.openbeelden.nl/files/06/54/654772.654757.WEEKNUMMER512-HRE00015967_1084400_1156680.webm", "https://www.openbeelden.nl/files/06/54/654764.654757.WEEKNUMMER512-HRE00015967_1084400_1156680.ogv", "https://www.openbeelden.nl/files/06/54/654766.654757.WEEKNUMMER512-HRE00015967_1084400_1156680.ogv", "https://www.openbeelden.nl/files/06/54/654845.654757.WEEKNUMMER512_HRE00015967_1084400_1156680.m3u8", "https://www.openbeelden.nl/files/06/54/654774.654757.WEEKNUMMER512-HRE00015967_1084400_1156680.ts", "https://www.openbeelden.nl/files/06/54/654760.654757.WEEKNUMMER512-HRE00015967_1084400_1156680.mpeg", "https://www.openbeelden.nl/images/654826/Eenmansduikboot_in_de_haven_van_IJmuiden_gelicht_%280_36%29.png"], "identifier": ["514438"], "source": ["WEEKNUMMER512-HRE00015967"], "language": ["nl"], "references": [null], "mediator": ["Wikimedia Commons"], "spatial": ["IJmuiden", "Nederland"], "attributionName": ["Polygoon-Profilti (producent) / Nederlands Instituut voor Beeld en Geluid (beheerder)"], "attributionURL": ["https://www.openbeelden.nl/media/654758"], "license": ["https://creativecommons.org/licenses/by-sa/3.0/nl/"], "hasformat": ["film"]}