{"title": ["Zeilvliegen in de bergen en langs de Nederlandse kust"], "alternative": ["Weeknummer 78-42"], "creator": ["Polygoon-Profilti (producent) / Nederlands Instituut voor Beeld en Geluid (beheerder)"], "subject": ["wedstrijden", "wind", "zweefvliegen"], "description": ["Bioscoopjournaals waarin Nederlandse onderwerpen van een bepaalde week worden gepresenteerd."], "abstract": ["Aandacht voor de zeilvliegsport, waarbij mensen korte vluchten maken al hangend aan een delta-vormige vlieger. SHOTS: - (zw/w) windmeting op berg in Polen; Poolse vlieger neemt aanloop vanaf berg en maakt vlucht; landing van een aantal vliegers in een op de grond getekende 'roos'; - (kleur) harde wind bij duinen; vlieger Alex Engel stijgt op bij hevige kustwind, vliegt heen en weer langs het strand en demonstreert duiktechniek; vliegers blijven door tegenwind op \u00e9\u00e9n plek in de lucht hangen. \u00a0"], "publisher": ["Nederlands Instituut voor Beeld en Geluid", "https://www.openbeelden.nl/users/beeldengeluid"], "contributor": ["Bloemendal, Philip (commentaar)"], "date": ["1978-01-01"], "type": ["Moving Image"], "extent": ["PT2M30S"], "medium": ["https://www.openbeelden.nl/files/06/54/654795.654780.WEEKNUMMER784-HRE00004A99_1024000_1175000.mp4", "https://www.openbeelden.nl/files/06/54/654797.654780.WEEKNUMMER784-HRE00004A99_1024000_1175000.mp4", "https://www.openbeelden.nl/files/06/54/654780.WEEKNUMMER784-HRE00004A99_1024000_1175000.mp4", "https://www.openbeelden.nl/files/06/54/654799.654780.WEEKNUMMER784-HRE00004A99_1024000_1175000.webm", "https://www.openbeelden.nl/files/06/54/654791.654780.WEEKNUMMER784-HRE00004A99_1024000_1175000.ogv", "https://www.openbeelden.nl/files/06/54/654793.654780.WEEKNUMMER784-HRE00004A99_1024000_1175000.ogv", "https://www.openbeelden.nl/files/06/54/654849.654780.WEEKNUMMER784_HRE00004A99_1024000_1175000.m3u8", "https://www.openbeelden.nl/files/06/54/654801.654780.WEEKNUMMER784-HRE00004A99_1024000_1175000.ts", "https://www.openbeelden.nl/files/06/54/654783.654780.WEEKNUMMER784-HRE00004A99_1024000_1175000.mpeg", "https://www.openbeelden.nl/images/654825/Zeilvliegen_in_de_bergen_en_langs_de_Nederlandse_kust_%281_15%29.png"], "identifier": ["33122"], "source": ["WEEKNUMMER784-HRE00004A99"], "language": ["nl"], "references": [null], "mediator": ["Wikimedia Commons"], "spatial": ["IJmuiden", "Nederland", "Polen"], "attributionName": ["Polygoon-Profilti (producent) / Nederlands Instituut voor Beeld en Geluid (beheerder)"], "attributionURL": ["https://www.openbeelden.nl/media/654781"], "license": ["https://creativecommons.org/licenses/by-sa/3.0/nl/"], "hasformat": ["film"]}