{"title": ["Zwemwedstrijden van het leven"], "alternative": ["Weeknummer 27-18"], "creator": ["Polygoon-Profilti (producent) / Nederlands Instituut voor Beeld en Geluid (beheerder)"], "subject": ["badmode", "zwemwedstrijden", "Het Leven"], "description": ["Bioscoopjournaals waarin Nederlandse onderwerpen van een bepaalde week worden gepresenteerd."], "abstract": ["Zwemwedstrijden in de Amstel voor dames en heren, georganiseerd door Het Leven. - cu start dames, een voor een duiken zij in het water, - totaalshot zwemmend, - idem heren, start, - aankomst eerste dame (?), - idem eerste man (?), - mediumshot beide winnaars \u00a0"], "publisher": ["Nederlands Instituut voor Beeld en Geluid", "https://www.openbeelden.nl/users/beeldengeluid"], "date": ["1927-08-01"], "type": ["Moving Image"], "extent": ["PT1M57S"], "medium": ["https://www.openbeelden.nl/files/06/54/654837.654809.WEEKNUMMER271-HRE0000D131_935000_1052800.mp4", "https://www.openbeelden.nl/files/06/54/654839.654809.WEEKNUMMER271-HRE0000D131_935000_1052800.mp4", "https://www.openbeelden.nl/files/06/54/654809.WEEKNUMMER271-HRE0000D131_935000_1052800.mp4", "https://www.openbeelden.nl/files/06/54/654841.654809.WEEKNUMMER271-HRE0000D131_935000_1052800.webm", "https://www.openbeelden.nl/files/06/54/654833.654809.WEEKNUMMER271-HRE0000D131_935000_1052800.ogv", "https://www.openbeelden.nl/files/06/54/654835.654809.WEEKNUMMER271-HRE0000D131_935000_1052800.ogv", "https://www.openbeelden.nl/files/06/54/654851.654809.WEEKNUMMER271_HRE0000D131_935000_1052800.m3u8", "https://www.openbeelden.nl/files/06/54/654843.654809.WEEKNUMMER271-HRE0000D131_935000_1052800.ts", "https://www.openbeelden.nl/files/06/54/654812.654809.WEEKNUMMER271-HRE0000D131_935000_1052800.mpeg", "https://www.openbeelden.nl/images/654824/Zwemwedstrijden_van_het_leven_%280_58%29.png"], "identifier": ["512766"], "source": ["WEEKNUMMER271-HRE0000D131"], "language": ["nl"], "references": [null], "mediator": ["Wikimedia Commons"], "spatial": ["Amstel", "Amsterdam", "Nederland"], "attributionName": ["Polygoon-Profilti (producent) / Nederlands Instituut voor Beeld en Geluid (beheerder)"], "attributionURL": ["https://www.openbeelden.nl/media/654810"], "license": ["https://creativecommons.org/publicdomain/mark/1.0/"], "hasformat": ["film"]}