{"title": ["Demonstratie brandvrije benzinetank"], "alternative": ["Weeknummer 73-46"], "creator": ["Polygoon-Profilti (producent) / Nederlands Instituut voor Beeld en Geluid (beheerder)"], "subject": ["auto's", "benzine", "fietsen", "politie", "snelwegen", "autoloze zondag"], "description": ["Bioscoopjournaals waarin Nederlandse onderwerpen van een bepaalde week worden gepresenteerd."], "abstract": ["Ir. Carlo Chiti uit Itali\u00eb krijgt de eerste Jaarprijs van Centraal Beheer voor zijn benzinetank met dubbele wanden, waarbij in de dubbele wand een brandblussende vloeistof zit. Met een demonstratie van de onbrandbaarheid van de tank. Verder beelden van de autoloze zondag, waarbij fietsers over een snelweg fietsen en naar een wegrestaurant gaan en een man op een kinderskelter over de snelweg rijdt. Een benzinepomp verkoopt geen benzine. Een auto wordt door de politie aangehouden en gecontroleerd op een vrijstelling en bij de grensovergangen krijgen Nederlanders een vergunning om naar huis te rijden. Verder drukte bij de treinen en de autobussen. Mensen maken te fiets of in een rijtuig een rit door de bossen. Met archiefmateriaal van de kettingbotsing bij Prinsenbeek in 1972. \u00a0"], "publisher": ["Nederlands Instituut voor Beeld en Geluid", "https://www.openbeelden.nl/users/beeldengeluid"], "date": ["1973-11-01"], "type": ["Moving Image"], "extent": ["PT2M59S"], "medium": ["https://www.openbeelden.nl/files/06/55/655624.655609.WEEKNUMMER734-HRE00016728_371000_550520.mp4", "https://www.openbeelden.nl/files/06/55/655626.655609.WEEKNUMMER734-HRE00016728_371000_550520.mp4", "https://www.openbeelden.nl/files/06/55/655609.WEEKNUMMER734-HRE00016728_371000_550520.mp4", "https://www.openbeelden.nl/files/06/55/655628.655609.WEEKNUMMER734-HRE00016728_371000_550520.webm", "https://www.openbeelden.nl/files/06/55/655620.655609.WEEKNUMMER734-HRE00016728_371000_550520.ogv", "https://www.openbeelden.nl/files/06/55/655622.655609.WEEKNUMMER734-HRE00016728_371000_550520.ogv", "https://www.openbeelden.nl/files/06/55/655689.655609.WEEKNUMMER734_HRE00016728_371000_550520.m3u8", "https://www.openbeelden.nl/files/06/55/655630.655609.WEEKNUMMER734-HRE00016728_371000_550520.ts", "https://www.openbeelden.nl/files/06/55/655612.655609.WEEKNUMMER734-HRE00016728_371000_550520.mpeg", "https://www.openbeelden.nl/images/655898/Demonstratie_brandvrije_benzinetank_%281_29%29.png"], "identifier": ["509055"], "source": ["WEEKNUMMER734-HRE00016728"], "language": ["nl"], "references": [null], "mediator": ["Wikimedia Commons"], "spatial": ["Nederland"], "attributionName": ["Polygoon-Profilti (producent) / Nederlands Instituut voor Beeld en Geluid (beheerder)"], "attributionURL": ["https://www.openbeelden.nl/media/655610"], "license": ["https://creativecommons.org/licenses/by-sa/3.0/nl/"], "hasformat": ["film"]}