{"title": ["Opening van de nieuwe brandweerkazerne"], "alternative": ["Weeknummer 37-46"], "creator": ["Polygoon-Profilti (producent) / Nederlands Instituut voor Beeld en Geluid (beheerder)"], "subject": ["brandweer", "brandweerkazernes", "demonstraties", "openingen", "parades"], "description": ["Bioscoopjournaals waarin Nederlandse onderwerpen van een bepaalde week worden gepresenteerd."], "abstract": ["De nieuwe brandweerkazerne en de opening door de loco-burgemeester van Haarlem, W.J.B. van Liemt die de \"laatste beletselen doorbrandt\". Dan volgt een blus-demonstratie door het korps en de verhuizing van de manschappen in een muzikale parade door de stad."], "publisher": ["Nederlands Instituut voor Beeld en Geluid", "https://www.openbeelden.nl/users/beeldengeluid"], "date": ["1937-11-10"], "type": ["Moving Image"], "extent": ["PT1M15S"], "medium": ["https://www.openbeelden.nl/files/06/55/655755.655742.WEEKNUMMER374-HRE0000D0E2_117240_193240.mp4", "https://www.openbeelden.nl/files/06/55/655757.655742.WEEKNUMMER374-HRE0000D0E2_117240_193240.mp4", "https://www.openbeelden.nl/files/06/55/655742.WEEKNUMMER374-HRE0000D0E2_117240_193240.mp4", "https://www.openbeelden.nl/files/06/55/655759.655742.WEEKNUMMER374-HRE0000D0E2_117240_193240.webm", "https://www.openbeelden.nl/files/06/55/655751.655742.WEEKNUMMER374-HRE0000D0E2_117240_193240.ogv", "https://www.openbeelden.nl/files/06/55/655753.655742.WEEKNUMMER374-HRE0000D0E2_117240_193240.ogv", "https://www.openbeelden.nl/files/06/55/655855.655742.WEEKNUMMER374_HRE0000D0E2_117240_193240.m3u8", "https://www.openbeelden.nl/files/06/55/655761.655742.WEEKNUMMER374-HRE0000D0E2_117240_193240.ts", "https://www.openbeelden.nl/files/06/55/655745.655742.WEEKNUMMER374-HRE0000D0E2_117240_193240.mpeg", "https://www.openbeelden.nl/images/655893/Opening_van_de_nieuwe_brandweerkazerne_%280_37%29.png"], "identifier": ["506715"], "source": ["WEEKNUMMER374-HRE0000D0E2"], "language": ["nl"], "references": [null], "mediator": ["Wikimedia Commons"], "spatial": ["Haarlem", "Nederland"], "attributionName": ["Polygoon-Profilti (producent) / Nederlands Instituut voor Beeld en Geluid (beheerder)"], "attributionURL": ["https://www.openbeelden.nl/media/655743"], "license": ["https://creativecommons.org/publicdomain/mark/1.0/"], "hasformat": ["film"]}