{"title": ["Werklozenrelletjes op de Grote Markt"], "alternative": ["Weeknummer 30-36"], "creator": ["Polygoon-Profilti (producent) / Nederlands Instituut voor Beeld en Geluid (beheerder)"], "subject": ["gewonden", "politieagenten", "rellen", "werkloosheid", "Grote Markt, de"], "description": ["Bioscoopjournaals waarin Nederlandse onderwerpen van een bepaalde week worden gepresenteerd."], "abstract": ["Een politieagent in actie bij relletjes op de Grote Markt te Haarlem. Deze relletjes werden geleid door enkele communisten. -Div. shots van met sabel en stok gewapende agent die relletjes probeert te sussen;-afvoeren gewonde (?) Overstegen, een communistisch raadslid."], "publisher": ["Nederlands Instituut voor Beeld en Geluid", "https://www.openbeelden.nl/users/beeldengeluid"], "date": ["1930-12-31"], "type": ["Moving Image"], "extent": ["PT27S"], "medium": ["https://www.openbeelden.nl/files/06/56/656336.656101.WEEKNUMMER303-HRE0000D589_2218440_2246040.mp4", "https://www.openbeelden.nl/files/06/56/656338.656101.WEEKNUMMER303-HRE0000D589_2218440_2246040.mp4", "https://www.openbeelden.nl/files/06/56/656101.WEEKNUMMER303-HRE0000D589_2218440_2246040.mp4", "https://www.openbeelden.nl/files/06/56/656340.656101.WEEKNUMMER303-HRE0000D589_2218440_2246040.webm", "https://www.openbeelden.nl/files/06/56/656332.656101.WEEKNUMMER303-HRE0000D589_2218440_2246040.ogv", "https://www.openbeelden.nl/files/06/56/656334.656101.WEEKNUMMER303-HRE0000D589_2218440_2246040.ogv", "https://www.openbeelden.nl/files/06/56/656348.656101.WEEKNUMMER303_HRE0000D589_2218440_2246040.m3u8", "https://www.openbeelden.nl/files/06/56/656342.656101.WEEKNUMMER303-HRE0000D589_2218440_2246040.ts", "https://www.openbeelden.nl/files/06/56/656104.656101.WEEKNUMMER303-HRE0000D589_2218440_2246040.mpeg", "https://www.openbeelden.nl/images/656283/Werklozenrelletjes_op_de_Grote_Markt_%280_13%29.png"], "identifier": ["520084"], "source": ["WEEKNUMMER303-HRE0000D589"], "language": ["nl"], "references": [null], "mediator": ["Wikimedia Commons"], "spatial": ["Haarlem", "Nederland"], "attributionName": ["Polygoon-Profilti (producent) / Nederlands Instituut voor Beeld en Geluid (beheerder)"], "attributionURL": ["https://www.openbeelden.nl/media/656102"], "license": ["https://creativecommons.org/publicdomain/mark/1.0/"], "hasformat": ["film"]}