{"title": ["Herdenking van Eindhovens bevrijding"], "alternative": ["Weeknummer 47-39"], "creator": ["Polygoon-Profilti (producent) / Nederlands Instituut voor Beeld en Geluid (beheerder)"], "subject": ["bevrijding", "feestverlichting", "Tweede Wereldoorlog", "herdenkingen", "optochten", "Kolfschoten, H.A.M.T."], "description": ["Bioscoopjournaals waarin Nederlandse onderwerpen van een bepaalde week worden gepresenteerd."], "abstract": ["In Eindhoven wordt de bevrijding van 18 september 1944 herdacht. Bevrijdingsvuur wordt door estafettelopers uit Bayeux in Frankrijk naar de stad overgebracht. In de avond arriveert de laatste van hen in Eindhoven. In het Philipsstadion wordt de fakkel overgedragen aan burgemeester mr. H.A.M.T. Kolfschoten. Samen met een groot aantal verenigingen vertrekt Kolfschoten in een fakkeloptocht door de met feestverlichting versierde stad naar het centrum. Daar aangekomen draagt de burgemeester het vuur over aan een herinnneringszuil. Een grote menigte is 's avonds op straat en bewondert de div. illuminaties, oa het hoofdkantoor van Philips."], "publisher": ["Nederlands Instituut voor Beeld en Geluid", "https://www.openbeelden.nl/users/beeldengeluid"], "date": ["1947-09-18"], "type": ["Moving Image"], "extent": ["PT1M26S"], "medium": ["https://www.openbeelden.nl/files/06/57/657633.657585.WEEKNUMMER473-HRE0001D438_823600_909720.mp4", "https://www.openbeelden.nl/files/06/57/657635.657585.WEEKNUMMER473-HRE0001D438_823600_909720.mp4", "https://www.openbeelden.nl/files/06/57/657585.WEEKNUMMER473-HRE0001D438_823600_909720.mp4", "https://www.openbeelden.nl/files/06/57/657637.657585.WEEKNUMMER473-HRE0001D438_823600_909720.webm", "https://www.openbeelden.nl/files/06/57/657629.657585.WEEKNUMMER473-HRE0001D438_823600_909720.ogv", "https://www.openbeelden.nl/files/06/57/657631.657585.WEEKNUMMER473-HRE0001D438_823600_909720.ogv", "https://www.openbeelden.nl/files/06/57/657646.657585.WEEKNUMMER473_HRE0001D438_823600_909720.m3u8", "https://www.openbeelden.nl/files/06/57/657639.657585.WEEKNUMMER473-HRE0001D438_823600_909720.ts", "https://www.openbeelden.nl/files/06/57/657610.657585.WEEKNUMMER473-HRE0001D438_823600_909720.mpeg", "https://www.openbeelden.nl/images/657962/Herdenking_van_Eindhovens_bevrijding_%280_43%29.png"], "identifier": ["512167"], "source": ["WEEKNUMMER473-HRE0001D438"], "language": ["nl"], "references": [null], "mediator": ["Wikimedia Commons"], "spatial": ["Eindhoven", "Nederland"], "attributionName": ["Polygoon-Profilti (producent) / Nederlands Instituut voor Beeld en Geluid (beheerder)"], "attributionURL": ["https://www.openbeelden.nl/media/657586"], "license": ["https://creativecommons.org/publicdomain/mark/1.0/"], "hasformat": ["film"]}