{"title": ["Leden van de Eerste en Tweede Kamer brengen bezoek aan Nederlandse industrie\u00ebn", "Members of the Senate and the House of Representatives pay a visit to the Dutch industries"], "alternative": ["Weeknummer 51-37", "Week number 51-37"], "creator": ["Polygoon-Profilti (producent) / Nederlands Instituut voor Beeld en Geluid (beheerder)", "Polygoon-Profilti (producer) / Netherlands Institute for Sound and Vision (curator)"], "subject": ["textielindustrie", "parlementari\u00ebrs"], "description": ["Bioscoopjournaals waarin Nederlandse onderwerpen van een bepaalde week worden gepresenteerd.", "Newsreels in which Dutch subjects of a certain week are presented."], "abstract": ["Afgevaardigden uit het Nederlands parlement bezoeken vrachtwagenfabriek DAF en een textielfabriek in Eindhoven. SHOTS: - De heer T.J. Twijnstra, spreekt, namens de Nederlandse werkgevers, een woord van welkom; - DAF: de heren lopen over het fabrieksterrein en bekijken enkele door de fabriek gefabriceerde autochassis; ze lopen door de fabriekshallen en kijken hoe de arbeiders werken aan draaibanken en in een montagehal een vrachtauto assembleren aan de lopende band; - int. textielfabriek: een andere groep afgevaardigden loopt door de spinnerijen en ziet hoe garen en stoffen gemaakt worden; 00:49 J.A. Jonkman (driedelig kostuum); 00:51 J.J. Fens maakt een proefritje in een jeep; 01:26 M. Klomp\u00e9; 01:29 M. Tjeenk Willink.", "Representatives from the Dutch Parliament visit the lorry factory DAF and a textile factory in Eindhoven. SHOTS: - Mr. T.J. Twijnstra gives a word of welcome on behalf of the Dutch employers; - DAF: the men tour the factory grounds and look at several car chassis' made in the factory; they walk through the factory halls and watch how the workers work with a lathe and in an assembly hall they assemble a lorry in a production line; - int. textile factory: another group of representatives walks through the spinning mill and watches how the thread and fabrics are produced; 00:49 J.A. Jonkman (three-piece costume); 00:51 J.J. Fens makes a test drive in a jeep; 01:26 M. Klomp\u00e9; 01:29 M. Tjeenk Willink."], "publisher": ["Nederlands Instituut voor Beeld en Geluid", "https://www.openbeelden.nl/users/beeldengeluid"], "date": ["1951-09-01"], "type": ["Moving Image"], "extent": ["PT1M48S"], "medium": ["https://www.openbeelden.nl/files/06/58/658143.658129.WEEKNUMMER513-HRE00016BF4_789040_898040.mp4", "https://www.openbeelden.nl/files/06/58/658145.658129.WEEKNUMMER513-HRE00016BF4_789040_898040.mp4", "https://www.openbeelden.nl/files/06/58/658129.WEEKNUMMER513-HRE00016BF4_789040_898040.mp4", "https://www.openbeelden.nl/files/06/58/658147.658129.WEEKNUMMER513-HRE00016BF4_789040_898040.webm", "https://www.openbeelden.nl/files/06/58/658139.658129.WEEKNUMMER513-HRE00016BF4_789040_898040.ogv", "https://www.openbeelden.nl/files/06/58/658141.658129.WEEKNUMMER513-HRE00016BF4_789040_898040.ogv", "https://www.openbeelden.nl/files/06/58/658196.658129.WEEKNUMMER513_HRE00016BF4_789040_898040.m3u8", "https://www.openbeelden.nl/files/06/58/658149.658129.WEEKNUMMER513-HRE00016BF4_789040_898040.ts", "https://www.openbeelden.nl/files/06/58/658132.658129.WEEKNUMMER513-HRE00016BF4_789040_898040.mpeg", "https://www.openbeelden.nl/images/658193/Leden_van_de_Eerste_en_Tweede_Kamer_brengen_bezoek_aan_Nederlandse_industrie%C3%ABn_%280_54%29.png"], "identifier": ["512485"], "source": ["WEEKNUMMER513-HRE00016BF4"], "language": ["nl"], "references": [null], "mediator": ["Wikimedia Commons"], "spatial": ["Eindhoven", "Nederland", "Eindhoven", "Netherlands"], "attributionName": ["Polygoon-Profilti (producent) / Nederlands Instituut voor Beeld en Geluid (beheerder)"], "attributionURL": ["https://www.openbeelden.nl/media/658130"], "license": ["https://creativecommons.org/licenses/by-sa/3.0/nl/"], "hasformat": ["film"]}