{"title": ["60 jaar Philips", "Philips exists 60 years"], "alternative": ["Weeknummer 51-20", "Week number 51-20"], "creator": ["Polygoon-Profilti (producent) / Nederlands Instituut voor Beeld en Geluid (beheerder)", "Polygoon-Profilti (producer) / Netherlands Institute for Sound and Vision (curator)"], "subject": ["fabrieken", "feestverlichting", "jubilea", "kantoren", "onthullingen", "standbeelden", "Kolfschoten, H.A.M.T.", "Philips, Anton", "Philips, Frits", "Philips", "factories", "festive lighting", "jubilees", "offices", "unveilings", "statues", "Kolfschoten", "H.A.M.T.", "Philips", "Anton", "Philips", "Frits", "Philips"], "description": ["Bioscoopjournaals waarin Nederlandse onderwerpen van een bepaalde week worden gepresenteerd.", "Newsreels in which Dutch subjects of a certain week are presented."], "abstract": ["In Eindhoven wordt het zestigjarig bestaan van de Philipsfabrieken herdacht. SHOTS: - Een reusachtige gloeilamp hangt in een met feestverlichting versierde kroon; - ext. Philipshoofdkantoor, verlicht door schijnwerpers; - gebouw en straat met feestverlichting; - int. eerste gloeilampenfabriekje van Philips: in een hoek staat een stoommachine te werken; aan werkbanken zitten arbeiders handmatig gloeilampen te vervaardigen (in sc\u00e8ne gezet); - int. shots van een expositie met div. Philipsprodukten; - de burgemeester van Eindhoven, H. Kolfschoten, houdt een toespraak en onthult iav notabelen en geassisteerd door twee kinderen een standbeeld van de grondlegger van de Philips-fabrieken, dr. A.F. Philips - ext. fabrieksgebouwen; 01:04 ir. Frits Philips (derde van links).", "The 60 years existence of the Philips factories is commemorated in Eindhoven. SHOTS: - An enormous light bulb hangs in a crown decorated with festive lighting; - ext. Philips head office, lit by floodlights; - building and street with festive lighting; - int. first light bulb factory of Philips: a steam engine is working in the corner; workers produce light bulbs by hand on workbenches (staged); - int. shots of an exhibition of several Philips products; - the mayor of Eindhoven, H. Kolfschoten, delivers a speech and unveils a statue of the founder of the Philips factories, A.F. Philips, assisted by two children and in the presence of notables; - ext. factory buildings; 01:04 Frits Philips (third form the left)."], "publisher": ["Nederlands Instituut voor Beeld en Geluid", "https://www.openbeelden.nl/users/beeldengeluid"], "date": ["1951-05-15"], "type": ["Moving Image"], "extent": ["PT1M59S"], "medium": ["https://www.openbeelden.nl/files/06/58/658795.658607.WEEKNUMMER512-HRE0001592C_444360_563920.mp4", "https://www.openbeelden.nl/files/06/58/658797.658607.WEEKNUMMER512-HRE0001592C_444360_563920.mp4", "https://www.openbeelden.nl/files/06/58/658607.WEEKNUMMER512-HRE0001592C_444360_563920.mp4", "https://www.openbeelden.nl/files/06/58/658799.658607.WEEKNUMMER512-HRE0001592C_444360_563920.webm", "https://www.openbeelden.nl/files/06/58/658791.658607.WEEKNUMMER512-HRE0001592C_444360_563920.ogv", "https://www.openbeelden.nl/files/06/58/658793.658607.WEEKNUMMER512-HRE0001592C_444360_563920.ogv", "https://www.openbeelden.nl/files/06/58/659078.658607.WEEKNUMMER512_HRE0001592C_444360_563920.m3u8", "https://www.openbeelden.nl/files/06/58/658801.658607.WEEKNUMMER512-HRE0001592C_444360_563920.ts", "https://www.openbeelden.nl/files/06/58/658680.658607.WEEKNUMMER512-HRE0001592C_444360_563920.mpeg", "https://www.openbeelden.nl/images/658942/60_jaar_Philips_%280_59%29.png"], "identifier": ["510328"], "source": ["WEEKNUMMER512-HRE0001592C"], "language": ["nl"], "references": [null], "mediator": ["Wikimedia Commons"], "spatial": ["Eindhoven", "Nederland", "Eindhoven", "Netherlands"], "attributionName": ["Polygoon-Profilti (producent) / Nederlands Instituut voor Beeld en Geluid (beheerder)"], "attributionURL": ["https://www.openbeelden.nl/media/658608"], "license": ["https://creativecommons.org/licenses/by-sa/3.0/nl/"], "hasformat": ["film"]}