{"title": ["Eindhoven heeft een nieuwe burgemeester", "Eindhoven has a new mayor"], "alternative": ["Weeknummer 57-19", "Week number 57-19"], "creator": ["Polygoon-Profilti (producent) / Nederlands Instituut voor Beeld en Geluid (beheerder)", "Polygoon-Profilti (producer) / Netherlands Institute for Sound and Vision (curator)"], "subject": ["ambtsaanvaardingen", "burgemeesters", "Kolfschoten, H.A.M.T.", "Rooy, Ch.J.M.A. van", "accession to office", "mayors", "Kolfschoten", "H.A.M.T.", "Rooy", "Ch.J.M.A. van"], "description": ["Bioscoopjournaals waarin Nederlandse onderwerpen van een bepaalde week worden gepresenteerd.", "Newsreels in which Dutch subjects of a certain week are presented."], "abstract": ["Mr. dr. Ch.J.M.A. van Rooy wordt in Sancta Ursula, het oude stadhuis van Eindhoven, in een bijzondere raadsvergadering tot burgemeester benoemd. De loco-burgemeester hangt Van Rooy, in aanwezigheid van zijn echtgenote en kinderen en voormalig burgemeester H.A.M.T. Kolfschoten, de ambtsketen om, waarna Van Rooy de installatierede uitspreekt. Verder beelden van de nieuwe spoorbaan en wegen naar de stad.", "Mr. Ch.J.M.A. van Rooy is appointed as mayor in a special council meeting in Sancta Ursula, the old city hall of Eindhoven. The deputy mayor hangs the chain of office around hangt Van Rooy's neck in the presence of his wife and children and former mayor H.A.M.T. Kolfschoten. Then Van Rooy gives his inauguration speech. Also footage of the new tracks and roads to the city."], "publisher": ["Nederlands Instituut voor Beeld en Geluid", "https://www.openbeelden.nl/users/beeldengeluid"], "contributor": ["Bloemendal, Philip (commentaar)"], "date": ["1957-05-01"], "type": ["Moving Image"], "extent": ["PT1M31S"], "medium": ["https://www.openbeelden.nl/files/06/58/658968.658824.WEEKNUMMER571-HRE00011E9D_220160_312000.mp4", "https://www.openbeelden.nl/files/06/58/658970.658824.WEEKNUMMER571-HRE00011E9D_220160_312000.mp4", "https://www.openbeelden.nl/files/06/58/658824.WEEKNUMMER571-HRE00011E9D_220160_312000.mp4", "https://www.openbeelden.nl/files/06/58/658972.658824.WEEKNUMMER571-HRE00011E9D_220160_312000.webm", "https://www.openbeelden.nl/files/06/58/658964.658824.WEEKNUMMER571-HRE00011E9D_220160_312000.ogv", "https://www.openbeelden.nl/files/06/58/658966.658824.WEEKNUMMER571-HRE00011E9D_220160_312000.ogv", "https://www.openbeelden.nl/files/06/58/659127.658824.WEEKNUMMER571_HRE00011E9D_220160_312000.m3u8", "https://www.openbeelden.nl/files/06/58/658974.658824.WEEKNUMMER571-HRE00011E9D_220160_312000.ts", "https://www.openbeelden.nl/files/06/58/658902.658824.WEEKNUMMER571-HRE00011E9D_220160_312000.mpeg", "https://www.openbeelden.nl/images/659491/Eindhoven_heeft_een_nieuwe_burgemeester_%280_45%29.png"], "identifier": ["507823"], "source": ["WEEKNUMMER571-HRE00011E9D"], "language": ["nl"], "references": [null], "mediator": ["Wikimedia Commons"], "spatial": ["Eindhoven", "Nederland", "Eindhoven", "Netherlands"], "attributionName": ["Polygoon-Profilti (producent) / Nederlands Instituut voor Beeld en Geluid (beheerder)"], "attributionURL": ["https://www.openbeelden.nl/media/658825"], "license": ["https://creativecommons.org/licenses/by-sa/3.0/nl/"], "hasformat": ["film"]}