{"title": ["Kattenshow", "Cat show"], "alternative": ["Weeknummer 69-46", "Week number 69-46"], "creator": ["Polygoon-Profilti (producent) / Nederlands Instituut voor Beeld en Geluid (beheerder)", "Polygoon-Profilti (producer) / Netherlands Institute for Sound and Vision (curator)"], "subject": ["katten", "tentoonstellingen", "cats", "exhibitions"], "description": ["Bioscoopjournaals waarin Nederlandse onderwerpen van een bepaalde week worden gepresenteerd.", "Newsreels in which Dutch subjects of a certain week are presented."], "abstract": ["Kattententoonstelling in Eindhoven. De Perzische kater Terry van Al-Wi-Palyap wordt eerste bij de langharigen.", "Cats exhibition in Eindhoven. The Persian cat Terry van Al-Wi-Palyap comes in first place in the long-haired category."], "publisher": ["Nederlands Instituut voor Beeld en Geluid", "https://www.openbeelden.nl/users/beeldengeluid"], "contributor": ["Bloemendal, Philip (commentaar)"], "date": ["1969-11-01"], "type": ["Moving Image"], "extent": ["PT1M10S"], "medium": ["https://www.openbeelden.nl/files/06/58/659217.658959.WEEKNUMMER694-HRE0000E86B_119000_189520.mp4", "https://www.openbeelden.nl/files/06/58/659219.658959.WEEKNUMMER694-HRE0000E86B_119000_189520.mp4", "https://www.openbeelden.nl/files/06/58/658959.WEEKNUMMER694-HRE0000E86B_119000_189520.mp4", "https://www.openbeelden.nl/files/06/58/659221.658959.WEEKNUMMER694-HRE0000E86B_119000_189520.webm", "https://www.openbeelden.nl/files/06/58/659213.658959.WEEKNUMMER694-HRE0000E86B_119000_189520.ogv", "https://www.openbeelden.nl/files/06/58/659215.658959.WEEKNUMMER694-HRE0000E86B_119000_189520.ogv", "https://www.openbeelden.nl/files/06/58/659275.658959.WEEKNUMMER694_HRE0000E86B_119000_189520.m3u8", "https://www.openbeelden.nl/files/06/58/659223.658959.WEEKNUMMER694-HRE0000E86B_119000_189520.ts", "https://www.openbeelden.nl/files/06/58/659191.658959.WEEKNUMMER694-HRE0000E86B_119000_189520.mpeg", "https://www.openbeelden.nl/images/659486/Kattenshow_%280_35%29.png"], "identifier": ["507952"], "source": ["WEEKNUMMER694-HRE0000E86B"], "language": ["nl"], "references": [null], "mediator": ["Wikimedia Commons"], "spatial": ["Eindhoven", "Nederland", "Eindhoven", "Netherlands"], "attributionName": ["Polygoon-Profilti (producent) / Nederlands Instituut voor Beeld en Geluid (beheerder)"], "attributionURL": ["https://www.openbeelden.nl/media/658960"], "license": ["https://creativecommons.org/licenses/by-sa/3.0/nl/"], "hasformat": ["film"]}