{"title": ["Laboratorium voor vaccinbereiding"], "alternative": ["Weeknummer 66-26"], "creator": ["Polygoon-Profilti (producent) / Nederlands Instituut voor Beeld en Geluid (beheerder)"], "subject": ["automatisering", "vaccinaties", "vaccins", "Bartels, A.J.H.", "RIV"], "description": ["Bioscoopjournaals waarin Nederlandse onderwerpen van een bepaalde week worden gepresenteerd."], "abstract": ["Staatssecretaris A.J.H. Bartels van Sociale Zaken en Volksgezondheid stelt bij het Rijksinstituut voor de Volksgezondheid in Bilthoven nieuwe apparatuur in gebruik voor de automatisering van de productie van vaccins tegen oa polio, tetanus, kinkhoest en difterie. Verder een baby die wordt gevaccineerd en een vaccinatieboekje meekrijgt."], "publisher": ["Nederlands Instituut voor Beeld en Geluid", "https://www.openbeelden.nl/users/beeldengeluid"], "contributor": ["Bloemendal, Philip (commentaar)"], "date": ["1966-06-17"], "type": ["Moving Image"], "extent": ["PT1M56S"], "medium": ["https://www.openbeelden.nl/files/06/60/660241.660206.WEEKNUMMER662-HRE000184F3_548960_665640.mp4", "https://www.openbeelden.nl/files/06/60/660243.660206.WEEKNUMMER662-HRE000184F3_548960_665640.mp4", "https://www.openbeelden.nl/files/06/60/660206.WEEKNUMMER662-HRE000184F3_548960_665640.mp4", "https://www.openbeelden.nl/files/06/60/660245.660206.WEEKNUMMER662-HRE000184F3_548960_665640.webm", "https://www.openbeelden.nl/files/06/60/660237.660206.WEEKNUMMER662-HRE000184F3_548960_665640.ogv", "https://www.openbeelden.nl/files/06/60/660239.660206.WEEKNUMMER662-HRE000184F3_548960_665640.ogv", "https://www.openbeelden.nl/files/06/60/660317.660206.WEEKNUMMER662_HRE000184F3_548960_665640.m3u8", "https://www.openbeelden.nl/files/06/60/660247.660206.WEEKNUMMER662-HRE000184F3_548960_665640.ts", "https://www.openbeelden.nl/files/06/60/660228.660206.WEEKNUMMER662-HRE000184F3_548960_665640.mpeg", "https://www.openbeelden.nl/images/671944/Laboratorium_voor_vaccinbereiding_%280_58%29.png"], "identifier": ["509707"], "source": ["WEEKNUMMER662-HRE000184F3"], "language": ["nl"], "references": [null], "mediator": ["Wikimedia Commons"], "spatial": ["Bilthoven", "Nederland"], "attributionName": ["Polygoon-Profilti (producent) / Nederlands Instituut voor Beeld en Geluid (beheerder)"], "attributionURL": ["https://www.openbeelden.nl/media/660207"], "license": ["https://creativecommons.org/licenses/by-sa/3.0/nl/"], "hasformat": ["film"]}