{"title": ["Nationale Military met cross en steeplechase", "National Cross Country with cross and steeplechase"], "alternative": ["Weeknummer 75-43", "Week number 75-43"], "creator": ["Polygoon-Profilti (producent) / Nederlands Instituut voor Beeld en Geluid (beheerder)", "Polygoon-Profilti (producer) / Netherlands Institute for Sound and Vision (curator)"], "subject": ["huldigingen", "military", "paardensport", "honourings", "cross country", "equestrian sports"], "description": ["Bioscoopjournaals waarin Nederlandse onderwerpen van een bepaalde week worden gepresenteerd.", "Newsreels in which Dutch subjects of a certain week are presented."], "abstract": ["Driedaagse Nationale Military in Asten gewonnen door Heiligers uit Asten met zijn paard Full Speed. SHOTS: diversen van wedstrijd o.a. cross door bosterrein en paarden die over diverse hindernissen springen; paard met gewond voorbeen na afloop van zijn race; man wordt van paard gegooid, maar weet de teugels vast te houden en naast het paard door te rennen; ruiter Heiligers en zijn paard worden gehuldigd.", "Thee-day National Cross Country in Asten is won by Heiligers from Asten and his horse Full Speed. SHOTS: several of the race, a.o. of a cross on forest terrain and horses jumping over several obstacles; horse with wounded front leg after his race; man is thrown of a horse but manages to hold on to the rein and keep running next to the horse; equestrian Heiligers and his horse are honoured."], "publisher": ["Nederlands Instituut voor Beeld en Geluid", "https://www.openbeelden.nl/users/beeldengeluid"], "contributor": ["Bloemendal, Philip (commentaar)"], "date": ["1975-01-01"], "type": ["Moving Image"], "extent": ["PT1M39S"], "medium": ["https://www.openbeelden.nl/files/06/60/660893.660764.WEEKNUMMER754-HRE0001A730_3092000_3192000.mp4", "https://www.openbeelden.nl/files/06/60/660895.660764.WEEKNUMMER754-HRE0001A730_3092000_3192000.mp4", "https://www.openbeelden.nl/files/06/60/660764.WEEKNUMMER754-HRE0001A730_3092000_3192000.mp4", "https://www.openbeelden.nl/files/06/60/660897.660764.WEEKNUMMER754-HRE0001A730_3092000_3192000.webm", "https://www.openbeelden.nl/files/06/60/660889.660764.WEEKNUMMER754-HRE0001A730_3092000_3192000.ogv", "https://www.openbeelden.nl/files/06/60/660891.660764.WEEKNUMMER754-HRE0001A730_3092000_3192000.ogv", "https://www.openbeelden.nl/files/06/60/660964.660764.WEEKNUMMER754_HRE0001A730_3092000_3192000.m3u8", "https://www.openbeelden.nl/files/06/60/660899.660764.WEEKNUMMER754-HRE0001A730_3092000_3192000.ts", "https://www.openbeelden.nl/files/06/60/660866.660764.WEEKNUMMER754-HRE0001A730_3092000_3192000.mpeg", "https://www.openbeelden.nl/images/661276/Nationale_Military_met_cross_en_steeplechase_%280_49%29.png"], "identifier": ["525023"], "source": ["WEEKNUMMER754-HRE0001A730"], "language": ["nl"], "references": [null], "mediator": ["Wikimedia Commons"], "spatial": ["Asten", "Nederland", "Asten", "Netherlands"], "attributionName": ["Polygoon-Profilti (producent) / Nederlands Instituut voor Beeld en Geluid (beheerder)"], "attributionURL": ["https://www.openbeelden.nl/media/660765"], "license": ["https://creativecommons.org/licenses/by-sa/3.0/nl/"], "hasformat": ["film"]}