{"title": ["Het opzetten van dieren voor particuliere en wetenschappelijke doeleinden", "The stuffing of animals for private and scientific purposes"], "alternative": ["Weeknummer: 78-10", "Week number: 78-10"], "creator": ["Polygoon-Profilti (producent) / Nederlands Instituut voor Beeld en Geluid (beheerder)", "Polygoon-Profilti (producer) / Netherlands Institute for Sound and Vision (curator)"], "subject": ["Natuurhistorisch Museum", "musea", "opgezette dieren", "Natuurhistorisch Museum", "museums", "stuffed animals"], "description": ["Bioscoopjournaals waarin Nederlandse onderwerpen van een bepaalde week worden gepresenteerd.", "Newsreels in which Dutch subjects of a certain week are presented."], "abstract": ["In het preparateurbedrijf van Teurlincx in Eindhoven worden dieren opgezet voor scholen, musea en particulieren. SHOTS: diverse van opgezette dieren; het opzetten van dieren; rek met balgen; collectie opgezette dieren in het Rijksmuseum van Natuurlijke Historie in Leiden met o.a. een Noord-Amerikaanse bison, de uitgestorven Zuid-Afrikaanse blauwbok en de berberleeuw uit Noord-Afrika.", "At the taxidermy company of Teurlincx in Eindhoven animals are stuffed for schools, museums and individual persons. SHOTS: several of stuffed animals; stuffing of animals; rack containing stuffed animals; collection of stuffed animals of the State Museum of Natural History in Leiden, with a.o. a North American bison, the extinct South African bluebuck and the Barbary lion from North Africa."], "publisher": ["Nederlands Instituut voor Beeld en Geluid", "https://www.openbeelden.nl/users/beeldengeluid"], "contributor": ["Bloemendal, Philip (commentaar)"], "date": ["1978-01-01"], "type": ["Moving Image"], "extent": ["PT2M7S"], "medium": ["https://www.openbeelden.nl/files/06/60/660878.660748.WEEKNUMMER781-HRE00004B15_167000_295000.mp4", "https://www.openbeelden.nl/files/06/60/660880.660748.WEEKNUMMER781-HRE00004B15_167000_295000.mp4", "https://www.openbeelden.nl/files/06/60/660748.WEEKNUMMER781-HRE00004B15_167000_295000.mp4", "https://www.openbeelden.nl/files/06/60/660882.660748.WEEKNUMMER781-HRE00004B15_167000_295000.webm", "https://www.openbeelden.nl/files/06/60/660874.660748.WEEKNUMMER781-HRE00004B15_167000_295000.ogv", "https://www.openbeelden.nl/files/06/60/660876.660748.WEEKNUMMER781-HRE00004B15_167000_295000.ogv", "https://www.openbeelden.nl/files/06/60/660985.660748.WEEKNUMMER781_HRE00004B15_167000_295000.m3u8", "https://www.openbeelden.nl/files/06/60/660884.660748.WEEKNUMMER781-HRE00004B15_167000_295000.ts", "https://www.openbeelden.nl/files/06/60/660821.660748.WEEKNUMMER781-HRE00004B15_167000_295000.mpeg", "https://www.openbeelden.nl/images/661277/Het_opzetten_van_dieren_voor_particuliere_en_wetenschappelijke_doeleinden_%281_03%29.png"], "identifier": ["33572"], "source": ["WEEKNUMMER781-HRE00004B15"], "language": ["nl"], "references": [null], "mediator": ["Wikimedia Commons"], "spatial": ["Leiden", "Nederland", "Leiden", "Netherlands"], "attributionName": ["Polygoon-Profilti (producent) / Nederlands Instituut voor Beeld en Geluid (beheerder)"], "attributionURL": ["https://www.openbeelden.nl/media/660749"], "license": ["https://creativecommons.org/licenses/by-sa/3.0/nl/"], "hasformat": ["film"]}