{"title": ["Mechanisatie infanterie", "Mechanisation of the infantry"], "alternative": ["Weeknummer 63-03", "Week number 63-03"], "creator": ["Polygoon-Profilti (producent) / Nederlands Instituut voor Beeld en Geluid (beheerder)", "Polygoon-Profilti (producer) / Netherlands Institute for Sound and Vision (curator)"], "subject": ["infanterie", "tanks", "Calmeyer, M.R.H.", "Koninklijke Landmacht", "infantry", "tanks", "Calmeyer", "M.R.H.", "Royal Army"], "description": ["Bioscoopjournaals waarin Nederlandse onderwerpen van een bepaalde week worden gepresenteerd.", "Newsreels in which Dutch subjects of a certain week are presented."], "abstract": ["M.R.H. Calmeyer, staatssecretaris van Defensie, opent het nieuwe pantser-infanterie-opleidingscentrum in Velthoven, waarna nieuwe lichte tanks van het type AMX en AMX-rupsvoertuigen in een defil\u00e9 voorbij trekken. Infanteristen demonstreren de nieuwe AMX-voertuigen.", "M.R.H. Calmeyer, State Secretary of Defense, opens the new armored infantry education center in Velthoven, after which light tanks of the type AMX and AMX tracked vehicles move by in a procession. Infantryman demonstrate the new AMX vehicles."], "publisher": ["Nederlands Instituut voor Beeld en Geluid", "https://www.openbeelden.nl/users/beeldengeluid"], "contributor": ["Bloemendal, Philip (commentaar)"], "date": ["1963-01-01"], "type": ["Moving Image"], "extent": ["PT1M14S"], "medium": ["https://www.openbeelden.nl/files/06/60/661037.660859.WEEKNUMMER630-HRE0001C27A_2838840_2913000.mp4", "https://www.openbeelden.nl/files/06/60/661039.660859.WEEKNUMMER630-HRE0001C27A_2838840_2913000.mp4", "https://www.openbeelden.nl/files/06/60/660859.WEEKNUMMER630-HRE0001C27A_2838840_2913000.mp4", "https://www.openbeelden.nl/files/06/60/661041.660859.WEEKNUMMER630-HRE0001C27A_2838840_2913000.webm", "https://www.openbeelden.nl/files/06/60/661033.660859.WEEKNUMMER630-HRE0001C27A_2838840_2913000.ogv", "https://www.openbeelden.nl/files/06/60/661035.660859.WEEKNUMMER630-HRE0001C27A_2838840_2913000.ogv", "https://www.openbeelden.nl/files/06/60/661058.660859.WEEKNUMMER630_HRE0001C27A_2838840_2913000.m3u8", "https://www.openbeelden.nl/files/06/60/661043.660859.WEEKNUMMER630-HRE0001C27A_2838840_2913000.ts", "https://www.openbeelden.nl/files/06/60/661016.660859.WEEKNUMMER630-HRE0001C27A_2838840_2913000.mpeg", "https://www.openbeelden.nl/images/661269/Mechanisatie_infanterie_%280_37%29.png"], "identifier": ["523766"], "source": ["WEEKNUMMER630-HRE0001C27A"], "language": ["nl"], "references": [null], "mediator": ["Wikimedia Commons"], "spatial": ["Nederland", "Veldhoven", "Netherlands", "Veldhoven"], "attributionName": ["Polygoon-Profilti (producent) / Nederlands Instituut voor Beeld en Geluid (beheerder)"], "attributionURL": ["https://www.openbeelden.nl/media/660860"], "license": ["https://creativecommons.org/licenses/by-sa/3.0/nl/"], "hasformat": ["film"]}