{"title": ["Miniatuur scheepswerf bij Haarlem"], "alternative": ["Weeknummer 54-46"], "creator": ["Polygoon-Profilti (producent) / Nederlands Instituut voor Beeld en Geluid (beheerder)"], "subject": ["modelbouw", "schepen"], "description": ["Bioscoopjournaals waarin Nederlandse onderwerpen van een bepaalde week worden gepresenteerd."], "abstract": ["In een klein bedrijfje te Haarlem worden scheepsmodellen in miniatuur gemaakt, veelal voor werven. Met oa een kleine sleepboot die laatst is aangeboden aan keizer Haile Selassie en het schip Ville de Saigon."], "publisher": ["Nederlands Instituut voor Beeld en Geluid", "https://www.openbeelden.nl/users/beeldengeluid"], "contributor": ["Bloemendal, Philip (commentaar)"], "date": ["1954-10-25"], "type": ["Moving Image"], "extent": ["PT1M16S"], "medium": ["https://www.openbeelden.nl/files/06/62/662339.662307.WEEKNUMMER544-HRE0000CF5C_2026040_2103000.mp4", "https://www.openbeelden.nl/files/06/62/662341.662307.WEEKNUMMER544-HRE0000CF5C_2026040_2103000.mp4", "https://www.openbeelden.nl/files/06/62/662307.WEEKNUMMER544-HRE0000CF5C_2026040_2103000.mp4", "https://www.openbeelden.nl/files/06/62/662343.662307.WEEKNUMMER544-HRE0000CF5C_2026040_2103000.webm", "https://www.openbeelden.nl/files/06/62/662335.662307.WEEKNUMMER544-HRE0000CF5C_2026040_2103000.ogv", "https://www.openbeelden.nl/files/06/62/662337.662307.WEEKNUMMER544-HRE0000CF5C_2026040_2103000.ogv", "https://www.openbeelden.nl/files/06/62/662353.662307.WEEKNUMMER544_HRE0000CF5C_2026040_2103000.m3u8", "https://www.openbeelden.nl/files/06/62/662345.662307.WEEKNUMMER544-HRE0000CF5C_2026040_2103000.ts", "https://www.openbeelden.nl/files/06/62/662310.662307.WEEKNUMMER544-HRE0000CF5C_2026040_2103000.mpeg", "https://www.openbeelden.nl/images/671927/Miniatuur_scheepswerf_bij_Haarlem_%280_38%29.png"], "identifier": ["518892"], "source": ["WEEKNUMMER544-HRE0000CF5C"], "language": ["nl"], "references": [null], "mediator": ["Wikimedia Commons"], "spatial": ["Haarlem", "Nederland"], "attributionName": ["Polygoon-Profilti (producent) / Nederlands Instituut voor Beeld en Geluid (beheerder)"], "attributionURL": ["https://www.openbeelden.nl/media/662308"], "license": ["https://creativecommons.org/licenses/by-sa/3.0/nl/"], "hasformat": ["film"]}