{"title": ["Terugkeer van Dr. Tiede Herrema na 36 dagen gijzeling in Ierland"], "alternative": ["Weeknummer 75-46"], "creator": ["Polygoon-Profilti (producent) / Nederlands Instituut voor Beeld en Geluid (beheerder)"], "subject": ["ontvoeringen", "persconferenties", "vrijlatingen", "Gallagher, Eddie", "Herrema, Tiede", "IRA"], "description": ["Bioscoopjournaals waarin Nederlandse onderwerpen van een bepaalde week worden gepresenteerd."], "abstract": ["De door de IRA ontvoerde fabrieksdirecteur Tiede Herrema komt aan op vliegveld Zestienhoven in Rotterdam na een gijzeling van 36 dagen. SHOTS: klein vliegtuigje taxiet over landingsbaan; Herrema en zijn vrouw lopen tussen pers en politie; ext. terminal Zestienhoven; Herrema stapt in auto, die daarna gevolgd wordt door twee agenten op motor. VERKLARING van Herrema tijdens persconferentie, waarin hij vertelt over zijn ontvoerder, Eddie Gallagher. \u00a0"], "publisher": ["Nederlands Instituut voor Beeld en Geluid", "https://www.openbeelden.nl/users/beeldengeluid"], "contributor": ["Bloemendal, Philip (commentaar)"], "date": ["1975-01-01"], "type": ["Moving Image"], "extent": ["PT1M34S"], "medium": ["https://www.openbeelden.nl/files/06/62/662822.662757.WEEKNUMMER754-HRE0001C8BC_284400_379200.mp4", "https://www.openbeelden.nl/files/06/62/662824.662757.WEEKNUMMER754-HRE0001C8BC_284400_379200.mp4", "https://www.openbeelden.nl/files/06/62/662757.WEEKNUMMER754-HRE0001C8BC_284400_379200.mp4", "https://www.openbeelden.nl/files/06/62/662826.662757.WEEKNUMMER754-HRE0001C8BC_284400_379200.webm", "https://www.openbeelden.nl/files/06/62/662818.662757.WEEKNUMMER754-HRE0001C8BC_284400_379200.ogv", "https://www.openbeelden.nl/files/06/62/662820.662757.WEEKNUMMER754-HRE0001C8BC_284400_379200.ogv", "https://www.openbeelden.nl/files/06/62/662832.662757.WEEKNUMMER754_HRE0001C8BC_284400_379200.m3u8", "https://www.openbeelden.nl/files/06/62/662828.662757.WEEKNUMMER754-HRE0001C8BC_284400_379200.ts", "https://www.openbeelden.nl/files/06/62/662797.662757.WEEKNUMMER754-HRE0001C8BC_284400_379200.mpeg", "https://www.openbeelden.nl/images/679798/Terugkeer_van_Dr._Tiede_Herrema_na_36_dagen_gijzeling_in_Ierland_%280_47%29.png"], "identifier": ["509035"], "source": ["WEEKNUMMER754-HRE0001C8BC"], "language": ["nl"], "references": [null], "mediator": ["Wikimedia Commons"], "spatial": ["Nederland", "Rotterdam", "Zestienhoven"], "attributionName": ["Polygoon-Profilti (producent) / Nederlands Instituut voor Beeld en Geluid (beheerder)"], "attributionURL": ["https://www.openbeelden.nl/media/662758"], "license": ["https://creativecommons.org/licenses/by-sa/3.0/nl/"], "hasformat": ["film"]}