{"title": ["De 0.23 weer in ons land"], "alternative": ["Weeknummer 46-12"], "creator": ["Polygoon-Profilti (producent) / Nederlands Instituut voor Beeld en Geluid (beheerder)"], "subject": ["onderzee\u00ebrs"], "description": ["Bioscoopjournaals waarin Nederlandse onderwerpen van een bepaalde week worden gepresenteerd."], "abstract": ["Duikboot vaart de Waalhaven te Rotterdam binnen. Officieren en manschappen zijn aan dek. Mensen op de wal zwaaien. \u00a0"], "publisher": ["Nederlands Instituut voor Beeld en Geluid", "https://www.openbeelden.nl/users/beeldengeluid"], "date": ["1946-03-13"], "type": ["Moving Image"], "extent": ["PT32S"], "medium": ["https://www.openbeelden.nl/files/06/63/664029.663701.WEEKNUMMER461-HRE00018AD4_1964000_1996480.mp4", "https://www.openbeelden.nl/files/06/63/664031.663701.WEEKNUMMER461-HRE00018AD4_1964000_1996480.mp4", "https://www.openbeelden.nl/files/06/63/663701.WEEKNUMMER461-HRE00018AD4_1964000_1996480.mp4", "https://www.openbeelden.nl/files/06/63/664033.663701.WEEKNUMMER461-HRE00018AD4_1964000_1996480.webm", "https://www.openbeelden.nl/files/06/63/664025.663701.WEEKNUMMER461-HRE00018AD4_1964000_1996480.ogv", "https://www.openbeelden.nl/files/06/63/664027.663701.WEEKNUMMER461-HRE00018AD4_1964000_1996480.ogv", "https://www.openbeelden.nl/files/06/63/664041.663701.WEEKNUMMER461_HRE00018AD4_1964000_1996480.m3u8", "https://www.openbeelden.nl/files/06/63/664035.663701.WEEKNUMMER461-HRE00018AD4_1964000_1996480.ts", "https://www.openbeelden.nl/files/06/63/663976.663701.WEEKNUMMER461-HRE00018AD4_1964000_1996480.mpeg", "https://www.openbeelden.nl/images/679830/De_0.23_weer_in_ons_land_%280_16%29.png"], "identifier": ["519268"], "source": ["WEEKNUMMER461-HRE00018AD4"], "language": ["nl"], "references": [null], "mediator": ["Wikimedia Commons"], "spatial": ["Nederland", "Rotterdam"], "attributionName": ["Polygoon-Profilti (producent) / Nederlands Instituut voor Beeld en Geluid (beheerder)"], "attributionURL": ["https://www.openbeelden.nl/media/663702"], "license": ["https://creativecommons.org/publicdomain/mark/1.0/"], "hasformat": ["film"]}