{"title": ["Bemanning Jozina vrij"], "alternative": ["Weeknummer 67-48"], "creator": ["Polygoon-Profilti (producent) / Nederlands Instituut voor Beeld en Geluid (beheerder)"], "subject": ["smokkelen", "vrijlatingen", "Jozina", "Nederlanders"], "description": ["Bioscoopjournaals waarin Nederlandse onderwerpen van een bepaalde week worden gepresenteerd."], "abstract": ["De bemanningsleden van de coaster Jozina arriveren op Schiphol en worden begroet door familieleden, nadat ze zijn vrijgelaten uit Nigeria. Ze waren opgepakt en veroordeeld voor vermeende wapensmokkel. In de perskamer geven ze uitleg over hun vrijlating."], "publisher": ["Nederlands Instituut voor Beeld en Geluid", "https://www.openbeelden.nl/users/beeldengeluid"], "contributor": ["Bloemendal, Philip (commentaar)"], "date": ["1967-11-18"], "type": ["Moving Image"], "extent": ["PT1M23S"], "medium": ["https://www.openbeelden.nl/files/06/65/665683.665566.WEEKNUMMER674-HRE0001C21D_516120_600000.mp4", "https://www.openbeelden.nl/files/06/65/665685.665566.WEEKNUMMER674-HRE0001C21D_516120_600000.mp4", "https://www.openbeelden.nl/files/06/65/665566.WEEKNUMMER674-HRE0001C21D_516120_600000.mp4", "https://www.openbeelden.nl/files/06/65/665687.665566.WEEKNUMMER674-HRE0001C21D_516120_600000.webm", "https://www.openbeelden.nl/files/06/65/665679.665566.WEEKNUMMER674-HRE0001C21D_516120_600000.ogv", "https://www.openbeelden.nl/files/06/65/665681.665566.WEEKNUMMER674-HRE0001C21D_516120_600000.ogv", "https://www.openbeelden.nl/files/06/65/665695.665566.WEEKNUMMER674_HRE0001C21D_516120_600000.m3u8", "https://www.openbeelden.nl/files/06/65/665689.665566.WEEKNUMMER674-HRE0001C21D_516120_600000.ts", "https://www.openbeelden.nl/files/06/65/665652.665566.WEEKNUMMER674-HRE0001C21D_516120_600000.mpeg", "https://www.openbeelden.nl/images/676398/Bemanning_Jozina_vrij_%280_41%29.png"], "identifier": ["510095"], "source": ["WEEKNUMMER674-HRE0001C21D"], "language": ["nl"], "references": [null], "mediator": ["Wikimedia Commons"], "spatial": ["Amsterdam", "Nederland", "Nigeria"], "attributionName": ["Polygoon-Profilti (producent) / Nederlands Instituut voor Beeld en Geluid (beheerder)"], "attributionURL": ["https://www.openbeelden.nl/media/665567"], "license": ["https://creativecommons.org/licenses/by-sa/3.0/nl/"], "hasformat": ["film"]}