{"title": ["Leeuwen zevental"], "alternative": ["Weeknummer 64-28"], "creator": ["Polygoon-Profilti (producent) / Nederlands Instituut voor Beeld en Geluid (beheerder)"], "subject": ["dierentuinen", "jonge dieren", "leeuwen", "Burgers' Zoo"], "description": ["Bioscoopjournaals waarin Nederlandse onderwerpen van een bepaalde week worden gepresenteerd."], "abstract": ["In Burgers Dierenpark te Arnhem heeft een leeuw zeven jongen gekregen. Dierenarts Burger onderzoekt de welpen en de leeuwin wordt met haar jongen herenigd in het buitenverblijf. Met verder giraffes, een orang oetan en struisvogels. \u00a0"], "publisher": ["Nederlands Instituut voor Beeld en Geluid", "https://www.openbeelden.nl/users/beeldengeluid"], "contributor": ["Bloemendal, Philip (commentaar)"], "date": ["1964-07-01"], "type": ["Moving Image"], "extent": ["PT2M4S"], "medium": ["https://www.openbeelden.nl/files/06/65/665969.665821.WEEKNUMMER642-HRE00014DBB_1473360_1598240.mp4", "https://www.openbeelden.nl/files/06/65/665971.665821.WEEKNUMMER642-HRE00014DBB_1473360_1598240.mp4", "https://www.openbeelden.nl/files/06/65/665821.WEEKNUMMER642-HRE00014DBB_1473360_1598240.mp4", "https://www.openbeelden.nl/files/06/65/665973.665821.WEEKNUMMER642-HRE00014DBB_1473360_1598240.webm", "https://www.openbeelden.nl/files/06/65/665965.665821.WEEKNUMMER642-HRE00014DBB_1473360_1598240.ogv", "https://www.openbeelden.nl/files/06/65/665967.665821.WEEKNUMMER642-HRE00014DBB_1473360_1598240.ogv", "https://www.openbeelden.nl/files/06/65/665981.665821.WEEKNUMMER642_HRE00014DBB_1473360_1598240.m3u8", "https://www.openbeelden.nl/files/06/65/665975.665821.WEEKNUMMER642-HRE00014DBB_1473360_1598240.ts", "https://www.openbeelden.nl/files/06/65/665941.665821.WEEKNUMMER642-HRE00014DBB_1473360_1598240.mpeg", "https://www.openbeelden.nl/images/676388/Leeuwen_zevental_%281_02%29.png"], "identifier": ["515742"], "source": ["WEEKNUMMER642-HRE00014DBB"], "language": ["nl"], "references": [null], "mediator": ["Wikimedia Commons"], "spatial": ["Arnhem", "Nederland"], "attributionName": ["Polygoon-Profilti (producent) / Nederlands Instituut voor Beeld en Geluid (beheerder)"], "attributionURL": ["https://www.openbeelden.nl/media/665822"], "license": ["https://creativecommons.org/licenses/by-sa/3.0/nl/"], "hasformat": ["film"]}