{"title": ["KEMA-test elektrische apparaten"], "alternative": ["Weeknummer 76-25"], "creator": ["Polygoon-Profilti (producent) / Nederlands Instituut voor Beeld en Geluid (beheerder)"], "subject": ["elektriciteit", "elektrische apparatuur", "keurmerken", "tests", "veiligheid", "KEMA"], "description": ["Bioscoopjournaals waarin Nederlandse onderwerpen van een bepaalde week worden gepresenteerd."], "abstract": ["In Nederland regelt KEMA (Keuring voor Electro-technische Materialen) het veiligheidskeurmerk voor elektrische veiligheid, die is voorgeschreven in EEG-richtlijnen. SHOTS: krantenknipsels over veiligheid en ongelukken met elektriciteit; laboratoria KEMA waar testen worden uitgevoerd met schakelaars, snoeren, stekkers en elektrische apparaten; KEMA-keurmerk."], "publisher": ["Nederlands Instituut voor Beeld en Geluid", "https://www.openbeelden.nl/users/beeldengeluid"], "contributor": ["Bloemendal, Philip (commentaar)"], "date": ["1976-01-01"], "type": ["Moving Image"], "extent": ["PT2M21S"], "medium": ["https://www.openbeelden.nl/files/06/65/666123.665929.WEEKNUMMER762-HRE00004BCD_2846000_2988000.mp4", "https://www.openbeelden.nl/files/06/65/666125.665929.WEEKNUMMER762-HRE00004BCD_2846000_2988000.mp4", "https://www.openbeelden.nl/files/06/65/665929.WEEKNUMMER762-HRE00004BCD_2846000_2988000.mp4", "https://www.openbeelden.nl/files/06/65/666127.665929.WEEKNUMMER762-HRE00004BCD_2846000_2988000.webm", "https://www.openbeelden.nl/files/06/65/666119.665929.WEEKNUMMER762-HRE00004BCD_2846000_2988000.ogv", "https://www.openbeelden.nl/files/06/65/666121.665929.WEEKNUMMER762-HRE00004BCD_2846000_2988000.ogv", "https://www.openbeelden.nl/files/06/65/666138.665929.WEEKNUMMER762_HRE00004BCD_2846000_2988000.m3u8", "https://www.openbeelden.nl/files/06/65/666129.665929.WEEKNUMMER762-HRE00004BCD_2846000_2988000.ts", "https://www.openbeelden.nl/files/06/65/666097.665929.WEEKNUMMER762-HRE00004BCD_2846000_2988000.mpeg", "https://www.openbeelden.nl/images/676381/KEMA-test_elektrische_apparaten_%281_10%29.png"], "identifier": ["33106"], "source": ["WEEKNUMMER762-HRE00004BCD"], "language": ["nl"], "references": [null], "mediator": ["Wikimedia Commons"], "spatial": ["Nederland"], "attributionName": ["Polygoon-Profilti (producent) / Nederlands Instituut voor Beeld en Geluid (beheerder)"], "attributionURL": ["https://www.openbeelden.nl/media/665930"], "license": ["https://creativecommons.org/licenses/by-sa/3.0/nl/"], "hasformat": ["film"]}