{"title": ["Staking vlieger"], "alternative": ["Weeknummer 72-26"], "creator": ["Polygoon-Profilti (producent) / Nederlands Instituut voor Beeld en Geluid (beheerder)"], "subject": ["luchtvaart", "piloten", "stakingen", "vliegtuigkapingen", "grondpersoneel", "IFALPA", "PanAm"], "description": ["Bioscoopjournaals waarin Nederlandse onderwerpen van een bepaalde week worden gepresenteerd."], "abstract": ["Piloten staken om betere veiligheidsmaatregelen ivm een schietpartij in een vliegtuig te Lodz. Nederlandse verkeersvliegers en het grondpersoneel hebben zich achter de oproep van de internationale vliegersorganisatie IFALPA geschaard om het werk neer te leggen. Piloten van Amerikaanse maatschappijen moeten doorwerken. Personeel van PanAm laadt het eigen vliegtuig uit en de reizigers moeten de bagage zelf naar de douane brengen. Verder is Schiphol geheel verlaten. Met archiefmateriaal van de ontploffing van verkeersvliegtuigen in Jordani\u00eb en de arrestatie van de kapers in Lodz."], "publisher": ["Nederlands Instituut voor Beeld en Geluid", "https://www.openbeelden.nl/users/beeldengeluid"], "contributor": ["Bloemendal, Philip (commentaar)"], "date": ["1972-06-19"], "type": ["Moving Image"], "extent": ["PT1M29S"], "medium": ["https://www.openbeelden.nl/files/06/66/666451.666221.WEEKNUMMER722-HRE0001A371_1119600_1209000.mp4", "https://www.openbeelden.nl/files/06/66/666453.666221.WEEKNUMMER722-HRE0001A371_1119600_1209000.mp4", "https://www.openbeelden.nl/files/06/66/666221.WEEKNUMMER722-HRE0001A371_1119600_1209000.mp4", "https://www.openbeelden.nl/files/06/66/666455.666221.WEEKNUMMER722-HRE0001A371_1119600_1209000.webm", "https://www.openbeelden.nl/files/06/66/666447.666221.WEEKNUMMER722-HRE0001A371_1119600_1209000.ogv", "https://www.openbeelden.nl/files/06/66/666449.666221.WEEKNUMMER722-HRE0001A371_1119600_1209000.ogv", "https://www.openbeelden.nl/files/06/66/666461.666221.WEEKNUMMER722_HRE0001A371_1119600_1209000.m3u8", "https://www.openbeelden.nl/files/06/66/666457.666221.WEEKNUMMER722-HRE0001A371_1119600_1209000.ts", "https://www.openbeelden.nl/files/06/66/666224.666221.WEEKNUMMER722-HRE0001A371_1119600_1209000.mpeg", "https://www.openbeelden.nl/images/681521/Staking_vlieger_%280_44%29.png"], "identifier": ["514079"], "source": ["WEEKNUMMER722-HRE0001A371"], "language": ["nl"], "references": [null], "mediator": ["Wikimedia Commons"], "spatial": ["Nederland", "Schiphol"], "attributionName": ["Polygoon-Profilti (producent) / Nederlands Instituut voor Beeld en Geluid (beheerder)"], "attributionURL": ["https://www.openbeelden.nl/media/666222"], "license": ["https://creativecommons.org/licenses/by-sa/3.0/nl/"], "hasformat": ["film"]}