{"title": ["Zevende regiment infanterie"], "alternative": ["Weeknummer 31-04"], "creator": ["Polygoon-Profilti (producent) / Nederlands Instituut voor Beeld en Geluid (beheerder)"], "subject": ["militairen", "verhuizingen", "krijgsmacht Nederland"], "description": ["Bioscoopjournaals waarin Nederlandse onderwerpen van een bepaalde week worden gepresenteerd."], "abstract": ["Zeventiende Regiment Infanterie verhuist vanwege de griep van Harderwijk naar Amsterdam. -Sneeuwbui binnenplaats kazerne; militairen (? geen uniform !) legen gamellen en (melk)emmers; -militairen uitgelaten stemming trekken zwaaiend aan camera voorbij; -peloton militairen marcheert; -in lange rij staande militairen; een voor een aan camera voorbij; -medium shot: groep vrolijke militairen zwaait naar camera."], "publisher": ["Nederlands Instituut voor Beeld en Geluid", "https://www.openbeelden.nl/users/beeldengeluid"], "date": ["1931-02-17"], "type": ["Moving Image"], "extent": ["PT40S"], "medium": ["https://www.openbeelden.nl/files/06/66/666342.666233.WEEKNUMMER310-HRE0001DA71_161160_202000.mp4", "https://www.openbeelden.nl/files/06/66/666344.666233.WEEKNUMMER310-HRE0001DA71_161160_202000.mp4", "https://www.openbeelden.nl/files/06/66/666233.WEEKNUMMER310-HRE0001DA71_161160_202000.mp4", "https://www.openbeelden.nl/files/06/66/666346.666233.WEEKNUMMER310-HRE0001DA71_161160_202000.webm", "https://www.openbeelden.nl/files/06/66/666338.666233.WEEKNUMMER310-HRE0001DA71_161160_202000.ogv", "https://www.openbeelden.nl/files/06/66/666340.666233.WEEKNUMMER310-HRE0001DA71_161160_202000.ogv", "https://www.openbeelden.nl/files/06/66/666352.666233.WEEKNUMMER310_HRE0001DA71_161160_202000.m3u8", "https://www.openbeelden.nl/files/06/66/666348.666233.WEEKNUMMER310-HRE0001DA71_161160_202000.ts", "https://www.openbeelden.nl/files/06/66/666236.666233.WEEKNUMMER310-HRE0001DA71_161160_202000.mpeg", "https://www.openbeelden.nl/images/681520/Zevende_regiment_infanterie_%280_20%29.png"], "identifier": ["507903"], "source": ["WEEKNUMMER310-HRE0001DA71"], "language": ["nl"], "references": [null], "mediator": ["Wikimedia Commons"], "spatial": ["Amsterdam", "Harderwijk", "Nederland"], "attributionName": ["Polygoon-Profilti (producent) / Nederlands Instituut voor Beeld en Geluid (beheerder)"], "attributionURL": ["https://www.openbeelden.nl/media/666234"], "license": ["https://creativecommons.org/publicdomain/mark/1.0/"], "hasformat": ["film"]}