{"title": ["Vuurwerk"], "alternative": ["Weeknummer 27-23"], "creator": ["Polygoon-Profilti (producent) / Nederlands Instituut voor Beeld en Geluid (beheerder)"], "subject": ["vuurwerk"], "description": ["Bioscoopjournaals waarin Nederlandse onderwerpen van een bepaalde week worden gepresenteerd."], "abstract": ["Vuurwerk te Beverwijk, waarschijnlijk tgv Koninginnedag."], "publisher": ["Nederlands Instituut voor Beeld en Geluid", "https://www.openbeelden.nl/users/beeldengeluid"], "date": ["1927-09-01"], "type": ["Moving Image"], "extent": ["PT38S"], "medium": ["https://www.openbeelden.nl/files/06/67/667701.667369.WEEKNUMMER272-HRE0001C9C9_2415560_2453920.mp4", "https://www.openbeelden.nl/files/06/67/667703.667369.WEEKNUMMER272-HRE0001C9C9_2415560_2453920.mp4", "https://www.openbeelden.nl/files/06/67/667369.WEEKNUMMER272-HRE0001C9C9_2415560_2453920.mp4", "https://www.openbeelden.nl/files/06/67/667705.667369.WEEKNUMMER272-HRE0001C9C9_2415560_2453920.webm", "https://www.openbeelden.nl/files/06/67/667697.667369.WEEKNUMMER272-HRE0001C9C9_2415560_2453920.ogv", "https://www.openbeelden.nl/files/06/67/667699.667369.WEEKNUMMER272-HRE0001C9C9_2415560_2453920.ogv", "https://www.openbeelden.nl/files/06/67/667709.667369.WEEKNUMMER272_HRE0001C9C9_2415560_2453920.m3u8", "https://www.openbeelden.nl/files/06/67/667707.667369.WEEKNUMMER272-HRE0001C9C9_2415560_2453920.ts", "https://www.openbeelden.nl/files/06/67/667639.667369.WEEKNUMMER272-HRE0001C9C9_2415560_2453920.mpeg", "https://www.openbeelden.nl/images/681491/Vuurwerk_%280_19%29.png"], "identifier": ["521923"], "source": ["WEEKNUMMER272-HRE0001C9C9"], "language": ["nl"], "references": [null], "mediator": ["Wikimedia Commons"], "spatial": ["Beverwijk", "Nederland"], "attributionName": ["Polygoon-Profilti (producent) / Nederlands Instituut voor Beeld en Geluid (beheerder)"], "attributionURL": ["https://www.openbeelden.nl/media/667370"], "license": ["https://creativecommons.org/publicdomain/mark/1.0/"], "hasformat": ["film"]}