{"title": ["Proeven met de nieuwe Junker vliegtuigen voor de luchtlijn Amsterdam-Essen-Berlijn"], "alternative": ["Weeknummer 25-22"], "creator": ["Polygoon-Profilti (producent) / Nederlands Instituut voor Beeld en Geluid (beheerder)"], "subject": ["havens", "luchtvaart", "luchtvaartmaatschappijen", "start en landing", "vliegtuigen", "vliegtuigindustrie", "vliegvelden", "Ameringen, Van.", "Bentink, J.", "Junker JU 52", "Junker Luchtvaart Mij.", "Kurhaus"], "description": ["Bioscoopjournaals waarin Nederlandse onderwerpen van een bepaalde week worden gepresenteerd."], "abstract": ["Totaal en cu van startende en taxiende Junker JU 52, drie motorig vliegtuig, 18\". Int.shots van de passagiers, vrij donker. Luchtshot van de havenmonding, de pieren van IJmuiden(?) of Scheveningen(?). Air-to-airshot 2 Junkers boven zee. Luchtshot Scheveningen, Kurhaus, de Pier. Luchtshot monding van kanaal(?) in zee. Landing van een Junker op Schiphol. Op cu graaf J. Bentink of Van Ameringen, directeur Junker Luchtvaart Mij. Op idem cu van een van beiden. Op enkele cu's van onbekende personen (?). \u00a0"], "publisher": ["Nederlands Instituut voor Beeld en Geluid", "https://www.openbeelden.nl/users/beeldengeluid"], "date": ["1925-07-11"], "type": ["Moving Image"], "extent": ["PT2M2S"], "medium": ["https://www.openbeelden.nl/files/06/67/667790.667424.WEEKNUMMER252-HRE000076E4_1849000_1972000.mp4", "https://www.openbeelden.nl/files/06/67/667792.667424.WEEKNUMMER252-HRE000076E4_1849000_1972000.mp4", "https://www.openbeelden.nl/files/06/67/667424.WEEKNUMMER252-HRE000076E4_1849000_1972000.mp4", "https://www.openbeelden.nl/files/06/67/667794.667424.WEEKNUMMER252-HRE000076E4_1849000_1972000.webm", "https://www.openbeelden.nl/files/06/67/667786.667424.WEEKNUMMER252-HRE000076E4_1849000_1972000.ogv", "https://www.openbeelden.nl/files/06/67/667788.667424.WEEKNUMMER252-HRE000076E4_1849000_1972000.ogv", "https://www.openbeelden.nl/files/06/67/667799.667424.WEEKNUMMER252_HRE000076E4_1849000_1972000.m3u8", "https://www.openbeelden.nl/files/06/67/667796.667424.WEEKNUMMER252-HRE000076E4_1849000_1972000.ts", "https://www.openbeelden.nl/files/06/67/667763.667424.WEEKNUMMER252-HRE000076E4_1849000_1972000.mpeg", "https://www.openbeelden.nl/images/681487/Proeven_met_de_nieuwe_Junker_vliegtuigen_voor_de_luchtlijn_Amsterdam-Essen-Berlijn_%281_01%29.png"], "identifier": ["28996"], "source": ["WEEKNUMMER252-HRE000076E4"], "language": ["nl"], "references": [null], "mediator": ["Wikimedia Commons"], "spatial": ["Amsterdam", "IJmuiden", "Nederland", "Scheveningen", "Schiphol"], "attributionName": ["Polygoon-Profilti (producent) / Nederlands Instituut voor Beeld en Geluid (beheerder)"], "attributionURL": ["https://www.openbeelden.nl/media/667425"], "license": ["https://creativecommons.org/publicdomain/mark/1.0/"], "hasformat": ["film"]}