{"title": ["Efficiency beurs"], "alternative": ["Weeknummer 66-40"], "creator": ["Polygoon-Profilti (producent) / Nederlands Instituut voor Beeld en Geluid (beheerder)"], "subject": ["computers", "efficiencybeurzen", "fotokopieermachines", "kaartenbakken", "kaartsystemen", "papiervernietigers", "telefoontoestellen", "Efficiency Beurs", "RAI (tentoonstellingsgebouw)"], "description": ["Bioscoopjournaals waarin Nederlandse onderwerpen van een bepaalde week worden gepresenteerd."], "abstract": ["De Efficiency Beurs in de RAI te Amsterdam, met oa een fotokopieermachine die objecten kan kopi\u00ebren, een machine waarmee via een telefonische verbinding een handschrift wordt nagetekend, een telefoon met voorgeprogrammeerde drukknoppen, kaartenbakjes, een lectriever, een handadresseerapparaat waarmee adressen kunnen worden gekopieerd, een met voetbediening af te sluiten kassierstafel, div. computers en een papierversnipperaar."], "publisher": ["Nederlands Instituut voor Beeld en Geluid", "https://www.openbeelden.nl/users/beeldengeluid"], "contributor": ["Bloemendal, Philip (commentaar)"], "date": ["1966-10-01"], "type": ["Moving Image"], "extent": ["PT1M45S"], "medium": ["https://www.openbeelden.nl/files/06/67/667969.667598.WEEKNUMMER664-HRE0000D85D_2625400_2731000.mp4", "https://www.openbeelden.nl/files/06/67/667971.667598.WEEKNUMMER664-HRE0000D85D_2625400_2731000.mp4", "https://www.openbeelden.nl/files/06/67/667598.WEEKNUMMER664-HRE0000D85D_2625400_2731000.mp4", "https://www.openbeelden.nl/files/06/67/667973.667598.WEEKNUMMER664-HRE0000D85D_2625400_2731000.webm", "https://www.openbeelden.nl/files/06/67/667965.667598.WEEKNUMMER664-HRE0000D85D_2625400_2731000.ogv", "https://www.openbeelden.nl/files/06/67/667967.667598.WEEKNUMMER664-HRE0000D85D_2625400_2731000.ogv", "https://www.openbeelden.nl/files/06/67/667981.667598.WEEKNUMMER664_HRE0000D85D_2625400_2731000.m3u8", "https://www.openbeelden.nl/files/06/67/667975.667598.WEEKNUMMER664-HRE0000D85D_2625400_2731000.ts", "https://www.openbeelden.nl/files/06/67/667945.667598.WEEKNUMMER664-HRE0000D85D_2625400_2731000.mpeg", "https://www.openbeelden.nl/images/672619/Efficiency_beurs_%280_52%29.png"], "identifier": ["523125"], "source": ["WEEKNUMMER664-HRE0000D85D"], "language": ["nl"], "references": [null], "mediator": ["Wikimedia Commons"], "spatial": ["Amsterdam", "Nederland"], "attributionName": ["Polygoon-Profilti (producent) / Nederlands Instituut voor Beeld en Geluid (beheerder)"], "attributionURL": ["https://www.openbeelden.nl/media/667599"], "license": ["https://creativecommons.org/licenses/by-sa/3.0/nl/"], "hasformat": ["film"]}