{"title": ["Het 1ste witkar-station geopend"], "alternative": ["Weeknummer 74-14"], "creator": ["Polygoon-Profilti (producent) / Nederlands Instituut voor Beeld en Geluid (beheerder)"], "subject": ["karren", "openingen", "witkarren", "Schimmelpennink, Luud", "Vorrink, Irene"], "description": ["Bioscoopjournaals waarin Nederlandse onderwerpen van een bepaalde week worden gepresenteerd."], "abstract": ["Minister Irene Vorrink van Volksgezondheid en Milieu stelt in Amsterdam het eerste witkar-station in gebruik, in aanwezigheid van oud-provo en raadslid Luud Schimmelpennink, bedenker van de witkar. Leden van de co\u00f6peratieve vereniging witkar kunnen een magnetisch gecodeerde sleutel invoeren, waarna een computer controleert of er een parkeerplaats bij de bestemming vrij is. De persoon stapt in en rijdt naar de bestemming, waar de auto na het parkeren automatisch wordt opgeladen. Met commentaar van Vorrink."], "publisher": ["Nederlands Instituut voor Beeld en Geluid", "https://www.openbeelden.nl/users/beeldengeluid"], "contributor": ["Bloemendal, Philip (commentaar)"], "date": ["1974-01-01"], "type": ["Moving Image"], "extent": ["PT1M50S"], "medium": ["https://www.openbeelden.nl/files/06/67/668049.667631.WEEKNUMMER741-HRE00004C90_1885000_1996000.mp4", "https://www.openbeelden.nl/files/06/67/668051.667631.WEEKNUMMER741-HRE00004C90_1885000_1996000.mp4", "https://www.openbeelden.nl/files/06/67/667631.WEEKNUMMER741-HRE00004C90_1885000_1996000.mp4", "https://www.openbeelden.nl/files/06/67/668053.667631.WEEKNUMMER741-HRE00004C90_1885000_1996000.webm", "https://www.openbeelden.nl/files/06/67/668045.667631.WEEKNUMMER741-HRE00004C90_1885000_1996000.ogv", "https://www.openbeelden.nl/files/06/67/668047.667631.WEEKNUMMER741-HRE00004C90_1885000_1996000.ogv", "https://www.openbeelden.nl/files/06/67/668057.667631.WEEKNUMMER741_HRE00004C90_1885000_1996000.m3u8", "https://www.openbeelden.nl/files/06/67/668055.667631.WEEKNUMMER741-HRE00004C90_1885000_1996000.ts", "https://www.openbeelden.nl/files/06/67/668000.667631.WEEKNUMMER741-HRE00004C90_1885000_1996000.mpeg", "https://www.openbeelden.nl/images/672616/Het_1ste_witkar-station_geopend_%280_55%29.png"], "identifier": ["30770"], "source": ["WEEKNUMMER741-HRE00004C90"], "language": ["nl"], "references": [null], "mediator": ["Wikimedia Commons"], "spatial": ["Amsterdam", "Nederland"], "attributionName": ["Polygoon-Profilti (producent) / Nederlands Instituut voor Beeld en Geluid (beheerder)"], "attributionURL": ["https://www.openbeelden.nl/media/667632"], "license": ["https://creativecommons.org/licenses/by-sa/3.0/nl/"], "hasformat": ["film"]}