{"title": ["Honderden deelnemers in 42ste 'Sneekweek'"], "alternative": ["Weeknummer 77-33"], "creator": ["Polygoon-Profilti (producent) / Nederlands Instituut voor Beeld en Geluid (beheerder)"], "subject": ["zeilen", "Sneekweek"], "description": ["Bioscoopjournaals waarin Nederlandse onderwerpen van een bepaalde week worden gepresenteerd."], "abstract": ["Meer dan twaalfhonderd boten nemen in 1977 deel aan de traditionele Sneekweek, een zesdaagse zeilwedstrijd onder auspici\u00ebn van de Koninklijke Zeilvereniging Sneek en de Sneker Zeilclub. SHOTS: impressie van de zeilwedstrijden, met o.a. startschot en diverse zeilboten en zeilers; man achter computer met behulp waarvan de wedstrijdstand worden bijgehouden; jongens kijken naar de stand op beeldscherm; pan. Sneekermeer met zeilschepen."], "publisher": ["Nederlands Instituut voor Beeld en Geluid", "https://www.openbeelden.nl/users/beeldengeluid"], "contributor": ["Bloemendal, Philip (commentaar)"], "date": ["1977-01-01"], "type": ["Moving Image"], "extent": ["PT1M19S"], "medium": ["https://www.openbeelden.nl/files/06/67/668097.667672.WEEKNUMMER773-HRE00004C6E_1030000_1110000.mp4", "https://www.openbeelden.nl/files/06/67/668099.667672.WEEKNUMMER773-HRE00004C6E_1030000_1110000.mp4", "https://www.openbeelden.nl/files/06/67/667672.WEEKNUMMER773-HRE00004C6E_1030000_1110000.mp4", "https://www.openbeelden.nl/files/06/67/668101.667672.WEEKNUMMER773-HRE00004C6E_1030000_1110000.webm", "https://www.openbeelden.nl/files/06/67/668093.667672.WEEKNUMMER773-HRE00004C6E_1030000_1110000.ogv", "https://www.openbeelden.nl/files/06/67/668095.667672.WEEKNUMMER773-HRE00004C6E_1030000_1110000.ogv", "https://www.openbeelden.nl/files/06/67/668105.667672.WEEKNUMMER773_HRE00004C6E_1030000_1110000.m3u8", "https://www.openbeelden.nl/files/06/67/668103.667672.WEEKNUMMER773-HRE00004C6E_1030000_1110000.ts", "https://www.openbeelden.nl/files/06/67/668076.667672.WEEKNUMMER773-HRE00004C6E_1030000_1110000.mpeg", "https://www.openbeelden.nl/images/672613/Honderden_deelnemers_in_42ste_%27Sneekweek%27_%280_39%29.png"], "identifier": ["33008"], "source": ["WEEKNUMMER773-HRE00004C6E"], "language": ["nl"], "references": [null], "mediator": ["Wikimedia Commons"], "spatial": ["Nederland", "Sneek"], "attributionName": ["Polygoon-Profilti (producent) / Nederlands Instituut voor Beeld en Geluid (beheerder)"], "attributionURL": ["https://www.openbeelden.nl/media/667673"], "license": ["https://creativecommons.org/licenses/by-sa/3.0/nl/"], "hasformat": ["film"]}