{"title": ["Paardenmarkt"], "alternative": ["Weeknummer 65-46"], "creator": ["Polygoon-Profilti (producent) / Nederlands Instituut voor Beeld en Geluid (beheerder)"], "subject": ["loven en bieden", "pony's", "paardenmarkten"], "description": ["Bioscoopjournaals waarin Nederlandse onderwerpen van een bepaalde week worden gepresenteerd."], "abstract": ["Paardenmarkt te Hedel, waar paarden en pony's worden gekeurd en voorgedraven, waarna ze met handjeklap worden gekocht."], "publisher": ["Nederlands Instituut voor Beeld en Geluid", "https://www.openbeelden.nl/users/beeldengeluid"], "contributor": ["Bloemendal, Philip (commentaar)"], "date": ["1965-11-01"], "type": ["Moving Image"], "extent": ["PT1M22S"], "medium": ["https://www.openbeelden.nl/files/06/68/668930.668493.WEEKNUMMER654-HRE00015EEA_271240_354000.mp4", "https://www.openbeelden.nl/files/06/68/668932.668493.WEEKNUMMER654-HRE00015EEA_271240_354000.mp4", "https://www.openbeelden.nl/files/06/68/668493.WEEKNUMMER654-HRE00015EEA_271240_354000.mp4", "https://www.openbeelden.nl/files/06/68/668934.668493.WEEKNUMMER654-HRE00015EEA_271240_354000.webm", "https://www.openbeelden.nl/files/06/68/668926.668493.WEEKNUMMER654-HRE00015EEA_271240_354000.ogv", "https://www.openbeelden.nl/files/06/68/668928.668493.WEEKNUMMER654-HRE00015EEA_271240_354000.ogv", "https://www.openbeelden.nl/files/06/68/668938.668493.WEEKNUMMER654_HRE00015EEA_271240_354000.m3u8", "https://www.openbeelden.nl/files/06/68/668936.668493.WEEKNUMMER654-HRE00015EEA_271240_354000.ts", "https://www.openbeelden.nl/files/06/68/668906.668493.WEEKNUMMER654-HRE00015EEA_271240_354000.mpeg", "https://www.openbeelden.nl/images/672583/Paardenmarkt_%280_41%29.png"], "identifier": ["508714"], "source": ["WEEKNUMMER654-HRE00015EEA"], "language": ["nl"], "references": [null], "mediator": ["Wikimedia Commons"], "spatial": ["Hedel", "Nederland"], "attributionName": ["Polygoon-Profilti (producent) / Nederlands Instituut voor Beeld en Geluid (beheerder)"], "attributionURL": ["https://www.openbeelden.nl/media/668494"], "license": ["https://creativecommons.org/licenses/by-sa/3.0/nl/"], "hasformat": ["film"]}