{"title": ["Centrale markt voor groente en fruit"], "alternative": ["Weeknummer 73-30"], "creator": ["Polygoon-Profilti (producent) / Nederlands Instituut voor Beeld en Geluid (beheerder)"], "subject": ["fruit", "loven en bieden", "markten", "groentehandel"], "description": ["Bioscoopjournaals waarin Nederlandse onderwerpen van een bepaalde week worden gepresenteerd."], "abstract": ["De markthallen voor groente, fruit en aardappelen te Amsterdam, waar grossiers hun producten doorverkopen aan winkeliers. Per vrachtwagen arriveren producten uit omliggende landen en per trein kersen uit Griekenland. De producten worden opgeslagen in opslagloodsen. Om zeven uur 's ochtends gaan de hekken open en rijden de winkeliers naar binnen. In de grote hal worden de producten met handjeklap verhandeld, waarna de winkeliers de spullen inladen en meenemen. Er worden de laatste jaren ook andere producten verhandeld, zoals frisdrank. Het afval wordt in boten van de stadsreiniging gegooid, die naar de verbrandingsovens gaan."], "publisher": ["Nederlands Instituut voor Beeld en Geluid", "https://www.openbeelden.nl/users/beeldengeluid"], "contributor": ["Bloemendal, Philip (commentaar)"], "date": ["1973-07-01"], "type": ["Moving Image"], "extent": ["PT2M54S"], "medium": ["https://www.openbeelden.nl/files/06/68/668860.668440.WEEKNUMMER733-HRE00015B30_3594360_3769000.mp4", "https://www.openbeelden.nl/files/06/68/668862.668440.WEEKNUMMER733-HRE00015B30_3594360_3769000.mp4", "https://www.openbeelden.nl/files/06/68/668440.WEEKNUMMER733-HRE00015B30_3594360_3769000.mp4", "https://www.openbeelden.nl/files/06/68/668864.668440.WEEKNUMMER733-HRE00015B30_3594360_3769000.webm", "https://www.openbeelden.nl/files/06/68/668856.668440.WEEKNUMMER733-HRE00015B30_3594360_3769000.ogv", "https://www.openbeelden.nl/files/06/68/668858.668440.WEEKNUMMER733-HRE00015B30_3594360_3769000.ogv", "https://www.openbeelden.nl/files/06/68/668869.668440.WEEKNUMMER733_HRE00015B30_3594360_3769000.m3u8", "https://www.openbeelden.nl/files/06/68/668866.668440.WEEKNUMMER733-HRE00015B30_3594360_3769000.ts", "https://www.openbeelden.nl/files/06/68/668836.668440.WEEKNUMMER733-HRE00015B30_3594360_3769000.mpeg", "https://www.openbeelden.nl/images/672587/Centrale_markt_voor_groente_en_fruit_%281_27%29.png"], "identifier": ["527164"], "source": ["WEEKNUMMER733-HRE00015B30"], "language": ["nl"], "references": [null], "mediator": ["Wikimedia Commons"], "spatial": ["Amsterdam", "Nederland"], "attributionName": ["Polygoon-Profilti (producent) / Nederlands Instituut voor Beeld en Geluid (beheerder)"], "attributionURL": ["https://www.openbeelden.nl/media/668441"], "license": ["https://creativecommons.org/licenses/by-sa/3.0/nl/"], "hasformat": ["film"]}