{"title": ["Grote zending Salkvaccin arriveert op Schiphol"], "alternative": ["Weeknummer 57-37"], "creator": ["Polygoon-Profilti (producent) / Nederlands Instituut voor Beeld en Geluid (beheerder)"], "subject": ["polio", "transport", "vaccins", "Spaander, Jan", "Salk-vaccin"], "description": ["Bioscoopjournaals waarin Nederlandse onderwerpen van een bepaalde week worden gepresenteerd."], "abstract": ["Aankomst per vliegtuig op Schiphol van de eerste grote zending van het Salk-vaccin ter bestrijding van kinderverlamming. De dozen worden overgeladen in een koelwagen. Dr. Jan Spaander, directeur van het Rijksinstituut voor de Volksgezondheid te Utrecht, neemt de zending in ontvangst."], "publisher": ["Nederlands Instituut voor Beeld en Geluid", "https://www.openbeelden.nl/users/beeldengeluid"], "contributor": ["Bloemendal, Philip (commentaar)"], "date": ["1957-08-30"], "type": ["Moving Image"], "extent": ["PT55S"], "medium": ["https://www.openbeelden.nl/files/06/69/669748.669586.WEEKNUMMER573-HRE00015A3E_305000_360240.mp4", "https://www.openbeelden.nl/files/06/69/669750.669586.WEEKNUMMER573-HRE00015A3E_305000_360240.mp4", "https://www.openbeelden.nl/files/06/69/669586.WEEKNUMMER573-HRE00015A3E_305000_360240.mp4", "https://www.openbeelden.nl/files/06/69/669752.669586.WEEKNUMMER573-HRE00015A3E_305000_360240.webm", "https://www.openbeelden.nl/files/06/69/669744.669586.WEEKNUMMER573-HRE00015A3E_305000_360240.ogv", "https://www.openbeelden.nl/files/06/69/669746.669586.WEEKNUMMER573-HRE00015A3E_305000_360240.ogv", "https://www.openbeelden.nl/files/06/69/669791.669586.WEEKNUMMER573_HRE00015A3E_305000_360240.m3u8", "https://www.openbeelden.nl/files/06/69/669754.669586.WEEKNUMMER573-HRE00015A3E_305000_360240.ts", "https://www.openbeelden.nl/files/06/69/669692.669586.WEEKNUMMER573-HRE00015A3E_305000_360240.mpeg", "https://www.openbeelden.nl/images/678692/Grote_zending_Salkvaccin_arriveert_op_Schiphol_%280_27%29.png"], "identifier": ["508786"], "source": ["WEEKNUMMER573-HRE00015A3E"], "language": ["nl"], "references": [null], "mediator": ["Wikimedia Commons"], "spatial": ["Nederland"], "attributionName": ["Polygoon-Profilti (producent) / Nederlands Instituut voor Beeld en Geluid (beheerder)"], "attributionURL": ["https://www.openbeelden.nl/media/669587"], "license": ["https://creativecommons.org/licenses/by-sa/3.0/nl/"], "hasformat": ["film"]}