{"title": ["Vervaardiging van Friese klokken"], "alternative": ["Weeknummer 71-46"], "creator": ["Polygoon-Profilti (producent) / Nederlands Instituut voor Beeld en Geluid (beheerder)"], "subject": ["uurwerken"], "description": ["Bioscoopjournaals waarin Nederlandse onderwerpen van een bepaalde week worden gepresenteerd."], "abstract": ["In Heerenveen worden Friese stoeltjesklokken naar oud model met de hand nagemaakt. Met een etalage van een klokkenzaak."], "publisher": ["Nederlands Instituut voor Beeld en Geluid", "https://www.openbeelden.nl/users/beeldengeluid"], "contributor": ["Bloemendal, Philip (commentaar)"], "date": ["1971-11-01"], "type": ["Moving Image"], "extent": ["PT2M3S"], "medium": ["https://www.openbeelden.nl/files/06/71/671575.671321.WEEKNUMMER714-HRE0000CAE8_2791000_2915000.mp4", "https://www.openbeelden.nl/files/06/71/671577.671321.WEEKNUMMER714-HRE0000CAE8_2791000_2915000.mp4", "https://www.openbeelden.nl/files/06/71/671321.WEEKNUMMER714-HRE0000CAE8_2791000_2915000.mp4", "https://www.openbeelden.nl/files/06/71/671579.671321.WEEKNUMMER714-HRE0000CAE8_2791000_2915000.webm", "https://www.openbeelden.nl/files/06/71/671571.671321.WEEKNUMMER714-HRE0000CAE8_2791000_2915000.ogv", "https://www.openbeelden.nl/files/06/71/671573.671321.WEEKNUMMER714-HRE0000CAE8_2791000_2915000.ogv", "https://www.openbeelden.nl/files/06/71/671583.671321.WEEKNUMMER714_HRE0000CAE8_2791000_2915000.m3u8", "https://www.openbeelden.nl/files/06/71/671581.671321.WEEKNUMMER714-HRE0000CAE8_2791000_2915000.ts", "https://www.openbeelden.nl/files/06/71/671547.671321.WEEKNUMMER714-HRE0000CAE8_2791000_2915000.mpeg", "https://www.openbeelden.nl/images/675233/Vervaardiging_van_Friese_klokken_%281_01%29.png"], "identifier": ["524073"], "source": ["WEEKNUMMER714-HRE0000CAE8"], "language": ["nl"], "references": [null], "mediator": ["Wikimedia Commons"], "spatial": ["Heerenveen", "Nederland"], "attributionName": ["Polygoon-Profilti (producent) / Nederlands Instituut voor Beeld en Geluid (beheerder)"], "attributionURL": ["https://www.openbeelden.nl/media/671322"], "license": ["https://creativecommons.org/licenses/by-sa/3.0/nl/"], "hasformat": ["film"]}