{"title": ["Sigaren fabricage"], "alternative": ["Weeknummer 71-26"], "creator": ["Polygoon-Profilti (producent) / Nederlands Instituut voor Beeld en Geluid (beheerder)"], "subject": ["fabrieken", "sigaren", "sigarenmakers", "sigarenbandjes"], "description": ["Bioscoopjournaals waarin Nederlandse onderwerpen van een bepaalde week worden gepresenteerd."], "abstract": ["De fabricage van sigaren in Nederland. Met machinale vervaardiging waarbij vrouwen het omblad neerleggen, waarna machines er het vulsel opleggen, en de sigaar oprollen en het sigarenbandje aanbrengen. Verder handmatige vervaardiging bij een sigarenfabriek in Kampen, waar mannen de sigaren rollen en vrouwen het bandje aanbrengen. Een machine levert per dag 5000 sigaren, maar wel met meer verlies van tabaksbladeren. Een persoon levert 300 sigaren per dag."], "publisher": ["Nederlands Instituut voor Beeld en Geluid", "https://www.openbeelden.nl/users/beeldengeluid"], "contributor": ["Bloemendal, Philip (commentaar)"], "date": ["1971-06-01"], "type": ["Moving Image"], "extent": ["PT2M9S"], "medium": ["https://www.openbeelden.nl/files/06/71/671613.671333.WEEKNUMMER712-HRE00015B1B_401400_531000.mp4", "https://www.openbeelden.nl/files/06/71/671615.671333.WEEKNUMMER712-HRE00015B1B_401400_531000.mp4", "https://www.openbeelden.nl/files/06/71/671333.WEEKNUMMER712-HRE00015B1B_401400_531000.mp4", "https://www.openbeelden.nl/files/06/71/671617.671333.WEEKNUMMER712-HRE00015B1B_401400_531000.webm", "https://www.openbeelden.nl/files/06/71/671609.671333.WEEKNUMMER712-HRE00015B1B_401400_531000.ogv", "https://www.openbeelden.nl/files/06/71/671611.671333.WEEKNUMMER712-HRE00015B1B_401400_531000.ogv", "https://www.openbeelden.nl/files/06/71/671629.671333.WEEKNUMMER712_HRE00015B1B_401400_531000.m3u8", "https://www.openbeelden.nl/files/06/71/671619.671333.WEEKNUMMER712-HRE00015B1B_401400_531000.ts", "https://www.openbeelden.nl/files/06/71/671585.671333.WEEKNUMMER712-HRE00015B1B_401400_531000.mpeg", "https://www.openbeelden.nl/images/675244/Sigaren_fabricage_%281_04%29.png"], "identifier": ["510059"], "source": ["WEEKNUMMER712-HRE00015B1B"], "language": ["nl"], "references": [null], "mediator": ["Wikimedia Commons"], "spatial": ["Kampen", "Nederland"], "attributionName": ["Polygoon-Profilti (producent) / Nederlands Instituut voor Beeld en Geluid (beheerder)"], "attributionURL": ["https://www.openbeelden.nl/media/671334"], "license": ["https://creativecommons.org/licenses/by-sa/3.0/nl/"], "hasformat": ["film"]}