{"title": ["Als Kerstmis nadert"], "alternative": ["Weeknummer 38-50"], "creator": ["Polygoon-Profilti (producent) / Nederlands Instituut voor Beeld en Geluid (beheerder)"], "subject": ["kunstschilders", "beelden", "gips", "kerststallen"], "description": ["Bioscoopjournaals waarin Nederlandse onderwerpen van een bepaalde week worden gepresenteerd."], "abstract": ["De vervaardiging van beeldjes voor de kerststal in een atelier te Deurne. SHOTS: - mallen worden schoongeveegd en met gips gevuld; - beeldjes worden uit mallen gehaald; - mensen beschilderen beelden; - twee kinderen kijken naar beeldengroep in kerststal."], "publisher": ["Nederlands Instituut voor Beeld en Geluid", "https://www.openbeelden.nl/users/beeldengeluid"], "date": ["1938-12-13"], "type": ["Moving Image"], "extent": ["PT1M2S"], "medium": ["https://www.openbeelden.nl/files/06/71/671655.671362.WEEKNUMMER385-HRE00016B32_3113960_3176040.mp4", "https://www.openbeelden.nl/files/06/71/671657.671362.WEEKNUMMER385-HRE00016B32_3113960_3176040.mp4", "https://www.openbeelden.nl/files/06/71/671362.WEEKNUMMER385-HRE00016B32_3113960_3176040.mp4", "https://www.openbeelden.nl/files/06/71/671659.671362.WEEKNUMMER385-HRE00016B32_3113960_3176040.webm", "https://www.openbeelden.nl/files/06/71/671651.671362.WEEKNUMMER385-HRE00016B32_3113960_3176040.ogv", "https://www.openbeelden.nl/files/06/71/671653.671362.WEEKNUMMER385-HRE00016B32_3113960_3176040.ogv", "https://www.openbeelden.nl/files/06/71/671663.671362.WEEKNUMMER385_HRE00016B32_3113960_3176040.m3u8", "https://www.openbeelden.nl/files/06/71/671661.671362.WEEKNUMMER385-HRE00016B32_3113960_3176040.ts", "https://www.openbeelden.nl/files/06/71/671631.671362.WEEKNUMMER385-HRE00016B32_3113960_3176040.mpeg", "https://www.openbeelden.nl/images/675229/Als_Kerstmis_nadert_%280_31%29.png"], "identifier": ["525208"], "source": ["WEEKNUMMER385-HRE00016B32"], "language": ["nl"], "references": [null], "mediator": ["Wikimedia Commons"], "spatial": ["Deurne", "Nederland"], "attributionName": ["Polygoon-Profilti (producent) / Nederlands Instituut voor Beeld en Geluid (beheerder)"], "attributionURL": ["https://www.openbeelden.nl/media/671363"], "license": ["https://creativecommons.org/publicdomain/mark/1.0/"], "hasformat": ["film"]}