{"title": ["Schoenmuseum"], "alternative": ["Weeknummer 67-06"], "creator": ["Polygoon-Profilti (producent) / Nederlands Instituut voor Beeld en Geluid (beheerder)"], "subject": ["musea", "schoeisel", "laarzen", "Nederlands Leder- en Schoenmuseum"], "description": ["Bioscoopjournaals waarin Nederlandse onderwerpen van een bepaalde week worden gepresenteerd."], "abstract": ["Het Nederlands Leder- en Schoenmuseum te Waalwijk, met oa damesschoenen, een schoen uit 1650, knopsandalen uit Indonesi\u00eb, Chinese schoenen, Franse brokaatpumps, Griekse schoenen, kozakkenlaarzen, Russische dameslaarzen, Mexicaanse Huarache, mocassins van Indianen en laarsjes uit India. Met verder de handmatige en machinale productie van schoenen."], "publisher": ["Nederlands Instituut voor Beeld en Geluid", "https://www.openbeelden.nl/users/beeldengeluid"], "contributor": ["Bloemendal, Philip (commentaar)"], "date": ["1967-02-01"], "type": ["Moving Image"], "extent": ["PT1M57S"], "medium": ["https://www.openbeelden.nl/files/06/72/672180.672059.WEEKNUMMER670-HRE0000E193_1375400_1492800.mp4", "https://www.openbeelden.nl/files/06/72/672182.672059.WEEKNUMMER670-HRE0000E193_1375400_1492800.mp4", "https://www.openbeelden.nl/files/06/72/672059.WEEKNUMMER670-HRE0000E193_1375400_1492800.mp4", "https://www.openbeelden.nl/files/06/72/672184.672059.WEEKNUMMER670-HRE0000E193_1375400_1492800.webm", "https://www.openbeelden.nl/files/06/72/672176.672059.WEEKNUMMER670-HRE0000E193_1375400_1492800.ogv", "https://www.openbeelden.nl/files/06/72/672178.672059.WEEKNUMMER670-HRE0000E193_1375400_1492800.ogv", "https://www.openbeelden.nl/files/06/72/672189.672059.WEEKNUMMER670_HRE0000E193_1375400_1492800.m3u8", "https://www.openbeelden.nl/files/06/72/672186.672059.WEEKNUMMER670-HRE0000E193_1375400_1492800.ts", "https://www.openbeelden.nl/files/06/72/672151.672059.WEEKNUMMER670-HRE0000E193_1375400_1492800.mpeg", "https://www.openbeelden.nl/images/675223/Schoenmuseum_%280_58%29.png"], "identifier": ["515106"], "source": ["WEEKNUMMER670-HRE0000E193"], "language": ["nl"], "references": [null], "mediator": ["Wikimedia Commons"], "spatial": ["Nederland", "Waalwijk"], "attributionName": ["Polygoon-Profilti (producent) / Nederlands Instituut voor Beeld en Geluid (beheerder)"], "attributionURL": ["https://www.openbeelden.nl/media/672060"], "license": ["https://creativecommons.org/licenses/by-sa/3.0/nl/"], "hasformat": ["film"]}