{"title": ["Belangstelling voor bouwen met bakstenen neemt weer toe"], "alternative": ["Weeknummer 79-21"], "creator": ["Polygoon-Profilti (producent) / Nederlands Instituut voor Beeld en Geluid (beheerder)"], "subject": ["baksteenindustrie", "metselen", "woningbouw"], "description": ["Bioscoopjournaals waarin Nederlandse onderwerpen van een bepaalde week worden gepresenteerd."], "abstract": ["De laatste jaren neemt de belangstelling voor het bakstenen huis weer toe, waarbij ook in het interieur metselwerk wordt toegepast. De bakstenen worden geproduceerd in de ongeveer honderd steenfabrieken in Nederland, die zich voornamelijk langs de grote rivieren bevinden. SHOTS: pas afgestudeerde metselaars bouwen in Den Bosch een waterput; cu afgebouwde waterput; het uit de 13e eeuw stammende huis 'De Moriaan' in Den Bosch, het oudste bakstenen huis van Nederland; ext. en int. nieuw bakstenen huis; de handmatige productie van handvormstenen, die grillig gevormd zijn; de productie van bakstenen in een steenfabriek; betonbouw in de Bijlmer in Amsterdam; flat van baksteen."], "publisher": ["Nederlands Instituut voor Beeld en Geluid", "https://www.openbeelden.nl/users/beeldengeluid"], "contributor": ["Bloemendal, Philip (commentaar)"], "date": ["1979-01-01"], "type": ["Moving Image"], "extent": ["PT2M38S"], "medium": ["https://www.openbeelden.nl/files/06/72/672235.672108.WEEKNUMMER792-HRE00004CEA_3144000_3303000.mp4", "https://www.openbeelden.nl/files/06/72/672237.672108.WEEKNUMMER792-HRE00004CEA_3144000_3303000.mp4", "https://www.openbeelden.nl/files/06/72/672108.WEEKNUMMER792-HRE00004CEA_3144000_3303000.mp4", "https://www.openbeelden.nl/files/06/72/672239.672108.WEEKNUMMER792-HRE00004CEA_3144000_3303000.webm", "https://www.openbeelden.nl/files/06/72/672231.672108.WEEKNUMMER792-HRE00004CEA_3144000_3303000.ogv", "https://www.openbeelden.nl/files/06/72/672233.672108.WEEKNUMMER792-HRE00004CEA_3144000_3303000.ogv", "https://www.openbeelden.nl/files/06/72/672243.672108.WEEKNUMMER792_HRE00004CEA_3144000_3303000.m3u8", "https://www.openbeelden.nl/files/06/72/672241.672108.WEEKNUMMER792-HRE00004CEA_3144000_3303000.ts", "https://www.openbeelden.nl/files/06/72/672210.672108.WEEKNUMMER792-HRE00004CEA_3144000_3303000.mpeg", "https://www.openbeelden.nl/images/675227/Belangstelling_voor_bouwen_met_bakstenen_neemt_weer_toe_%281_19%29.png"], "identifier": ["33347"], "source": ["WEEKNUMMER792-HRE00004CEA"], "language": ["nl"], "references": [null], "mediator": ["Wikimedia Commons"], "spatial": ["Amsterdam", "Bijlmermeer", "Nederland", "'s-Hertogenbosch"], "attributionName": ["Polygoon-Profilti (producent) / Nederlands Instituut voor Beeld en Geluid (beheerder)"], "attributionURL": ["https://www.openbeelden.nl/media/672109"], "license": ["https://creativecommons.org/licenses/by-sa/3.0/nl/"], "hasformat": ["film"]}