{"title": ["Werkzaamheden in de Wieringermeer in de graandrogerij"], "alternative": ["Weeknummer 46-41"], "creator": ["Polygoon-Profilti (producent) / Nederlands Instituut voor Beeld en Geluid (beheerder)"], "subject": ["landbouw", "oogsten", "regen", "dorsen", "graan", "korenvelden", "landbouwmachines"], "description": ["Bioscoopjournaals waarin Nederlandse onderwerpen van een bepaalde week worden gepresenteerd."], "abstract": ["In de Wieringermeerpolder zijn nog niet voldoende schuren aanwezig om de graanoogst in zijn geheel te kunnen bergen. Daarom moet het graan, bij droog weer, na het oogsten, ter plekke meteen op het land gedorst worden. Dit kan alleen bij droog weer. De vochtigheid echter heeft de kwaliteit van het graan aangetast. De vochtige korrels worden naar een graandrogerij gebracht waar ze met hete lucht worden gedroogd en daardoor bruikbaar worden voor het maken van brood. SHOTS: - shots van de overstroomde Wieringermeer in de laatste dagen van de oorlog en de ravage na het weer droogvallen; - boer ploegt het land; - wuivende korenaren in de zon; - drassig, nat, verregend bouwland; - boeren steken op het land graanbundels op op een paard-en-wagen; vervoeren het naar een dorsmachine om te dorsen; - ext. en int. van de drogerij met werkende machines; - een arbeider zet een afgevulde jute zak met graan weg; - pan over voorraad gevulde jute zakken."], "publisher": ["Nederlands Instituut voor Beeld en Geluid", "https://www.openbeelden.nl/users/beeldengeluid"], "date": ["1946-09-01"], "type": ["Moving Image"], "extent": ["PT2M36S"], "medium": ["https://www.openbeelden.nl/files/06/72/673428.672917.WEEKNUMMER464-HRE000139C1_1583000_1739600.mp4", "https://www.openbeelden.nl/files/06/72/673430.672917.WEEKNUMMER464-HRE000139C1_1583000_1739600.mp4", "https://www.openbeelden.nl/files/06/72/672917.WEEKNUMMER464-HRE000139C1_1583000_1739600.mp4", "https://www.openbeelden.nl/files/06/72/673432.672917.WEEKNUMMER464-HRE000139C1_1583000_1739600.webm", "https://www.openbeelden.nl/files/06/72/673424.672917.WEEKNUMMER464-HRE000139C1_1583000_1739600.ogv", "https://www.openbeelden.nl/files/06/72/673426.672917.WEEKNUMMER464-HRE000139C1_1583000_1739600.ogv", "https://www.openbeelden.nl/files/06/72/673441.672917.WEEKNUMMER464_HRE000139C1_1583000_1739600.m3u8", "https://www.openbeelden.nl/files/06/72/673434.672917.WEEKNUMMER464-HRE000139C1_1583000_1739600.ts", "https://www.openbeelden.nl/files/06/72/673403.672917.WEEKNUMMER464-HRE000139C1_1583000_1739600.mpeg", "https://www.openbeelden.nl/images/675903/Werkzaamheden_in_de_Wieringermeer_in_de_graandrogerij_%281_18%29.png"], "identifier": ["516196"], "source": ["WEEKNUMMER464-HRE000139C1"], "language": ["nl"], "references": [null], "mediator": ["Wikimedia Commons"], "spatial": ["Nederland", "Wieringermeer"], "attributionName": ["Polygoon-Profilti (producent) / Nederlands Instituut voor Beeld en Geluid (beheerder)"], "attributionURL": ["https://www.openbeelden.nl/media/672918"], "license": ["https://creativecommons.org/publicdomain/mark/1.0/"], "hasformat": ["film"]}