{"title": ["Nationale biertapwedstrijden"], "alternative": ["Weeknummer 80-04"], "creator": ["Polygoon-Profilti (producent) / Nederlands Instituut voor Beeld en Geluid (beheerder)"], "subject": ["bier", "bierbrouwerijen", "wedstrijden"], "description": ["Bioscoopjournaals waarin Nederlandse onderwerpen van een bepaalde week worden gepresenteerd."], "abstract": ["Finale van de nationale biertapwedstrijden in Amsterdam waarbij een jury van kenners en vakgenoten namens de Nederlandse bierbrouwerijen barmannen beoordeelt op hun biertapkwaliteiten. SHOTS: deelnemers tappen biertjes; int. bierbrouwerij met brouwketels; controle door brouwmeesters; lege flessen op een lopende band naar de vulmachines; gevulde flessen op de lopende band; juryleden beoordelen het bier."], "publisher": ["Nederlands Instituut voor Beeld en Geluid", "https://www.openbeelden.nl/users/beeldengeluid"], "date": ["1980-01-01"], "type": ["Moving Image"], "extent": ["PT2M0S"], "medium": ["https://www.openbeelden.nl/files/06/73/673492.673060.WEEKNUMMER800-HRE00004D42_207000_328000.mp4", "https://www.openbeelden.nl/files/06/73/673494.673060.WEEKNUMMER800-HRE00004D42_207000_328000.mp4", "https://www.openbeelden.nl/files/06/73/673060.WEEKNUMMER800-HRE00004D42_207000_328000.mp4", "https://www.openbeelden.nl/files/06/73/673496.673060.WEEKNUMMER800-HRE00004D42_207000_328000.webm", "https://www.openbeelden.nl/files/06/73/673488.673060.WEEKNUMMER800-HRE00004D42_207000_328000.ogv", "https://www.openbeelden.nl/files/06/73/673490.673060.WEEKNUMMER800-HRE00004D42_207000_328000.ogv", "https://www.openbeelden.nl/files/06/73/673504.673060.WEEKNUMMER800_HRE00004D42_207000_328000.m3u8", "https://www.openbeelden.nl/files/06/73/673498.673060.WEEKNUMMER800-HRE00004D42_207000_328000.ts", "https://www.openbeelden.nl/files/06/73/673463.673060.WEEKNUMMER800-HRE00004D42_207000_328000.mpeg", "https://www.openbeelden.nl/images/674323/Nationale_biertapwedstrijden_%281_00%29.png"], "identifier": ["33202"], "source": ["WEEKNUMMER800-HRE00004D42"], "language": ["nl"], "references": [null], "mediator": ["Wikimedia Commons"], "spatial": ["Amsterdam", "Nederland"], "attributionName": ["Polygoon-Profilti (producent) / Nederlands Instituut voor Beeld en Geluid (beheerder)"], "attributionURL": ["https://www.openbeelden.nl/media/673061"], "license": ["https://creativecommons.org/licenses/by-sa/3.0/nl/"], "hasformat": ["film"]}