{"title": ["Berging van Duitse Rijnaak in de Waalhaven"], "alternative": ["Weeknummer 54-14"], "creator": ["Polygoon-Profilti (producent) / Nederlands Instituut voor Beeld en Geluid (beheerder)"], "subject": ["bergingen", "duikers", "rijnaken"], "description": ["Bioscoopjournaals waarin Nederlandse onderwerpen van een bepaalde week worden gepresenteerd."], "abstract": ["Berging van de Duitse rijnaak Raab Karcher uit Duisburg die na een aanvaring met een zeeschip bij de ingang van de Waalhaven was gezonken. Een duiker gaat te water om de trossen te controleren, het schip wordt mbv drijvende bokken omhoog getakeld, de onbeschadigde ruimen worden leeggepompt en het schip wordt op het zand gezet."], "publisher": ["Nederlands Instituut voor Beeld en Geluid", "https://www.openbeelden.nl/users/beeldengeluid"], "contributor": ["Bloemendal, Philip (commentaar)"], "date": ["1954-04-01"], "type": ["Moving Image"], "extent": ["PT1M25S"], "medium": ["https://www.openbeelden.nl/files/06/73/673949.673298.WEEKNUMMER541-HRE0001DB48_2075920_2161000.mp4", "https://www.openbeelden.nl/files/06/73/673951.673298.WEEKNUMMER541-HRE0001DB48_2075920_2161000.mp4", "https://www.openbeelden.nl/files/06/73/673298.WEEKNUMMER541-HRE0001DB48_2075920_2161000.mp4", "https://www.openbeelden.nl/files/06/73/673953.673298.WEEKNUMMER541-HRE0001DB48_2075920_2161000.webm", "https://www.openbeelden.nl/files/06/73/673945.673298.WEEKNUMMER541-HRE0001DB48_2075920_2161000.ogv", "https://www.openbeelden.nl/files/06/73/673947.673298.WEEKNUMMER541-HRE0001DB48_2075920_2161000.ogv", "https://www.openbeelden.nl/files/06/73/673957.673298.WEEKNUMMER541_HRE0001DB48_2075920_2161000.m3u8", "https://www.openbeelden.nl/files/06/73/673955.673298.WEEKNUMMER541-HRE0001DB48_2075920_2161000.ts", "https://www.openbeelden.nl/files/06/73/673923.673298.WEEKNUMMER541-HRE0001DB48_2075920_2161000.mpeg", "https://www.openbeelden.nl/images/674301/Berging_van_Duitse_Rijnaak_in_de_Waalhaven_%280_42%29.png"], "identifier": ["518901"], "source": ["WEEKNUMMER541-HRE0001DB48"], "language": ["nl"], "references": [null], "mediator": ["Wikimedia Commons"], "spatial": ["Nederland", "Rotterdam", "Waalhaven"], "attributionName": ["Polygoon-Profilti (producent) / Nederlands Instituut voor Beeld en Geluid (beheerder)"], "attributionURL": ["https://www.openbeelden.nl/media/673299"], "license": ["https://creativecommons.org/licenses/by-sa/3.0/nl/"], "hasformat": ["film"]}