{"title": ["Jaarlijkse open dag van de Koninklijke Luchtmacht"], "alternative": ["Weeknummer 79-39"], "creator": ["Polygoon-Profilti (producent) / Nederlands Instituut voor Beeld en Geluid (beheerder)"], "subject": ["helikopters", "jachtvliegtuigen", "luchtvaartshows", "vliegtuigen", "vliegtuigindustrie", "Alouette", "Fokker", "Fokker F-27 Friendship", "F-16", "Koninklijke Luchtmacht"], "description": ["Bioscoopjournaals waarin Nederlandse onderwerpen van een bepaalde week worden gepresenteerd."], "abstract": ["De jaarlijkse Open Dag van de Koninklijke Luchtmacht op Vliegbasis Twente werd door meer dan 100.000 mensen bezocht. Er was vooral belangstelling voor de F-16, de nieuwste aanwinst van de Luchtmacht, die de verouderde Starfighters in de komende jaren moet vervangen. Nederlandse bedrijven als Fokker en DAF, zullen veel werk hebben aan de afbouw van de F-16's. SHOTS (zw/w) luchtopname parkeerterrein en vliegtuigen op de grond tijdens Open Dag; kinderen klauteren op een vliegtuig; fabriekshal Fokker met F-16's voor assemblage; onderstel F-16; constructie en controle diverse onderdelen F-16; dubbele cockpit met schietstoel; kleur: Open Dag: vliegdemonstratie F-16; Fokker Friendship vliegt op \u00e9\u00e9n motor; Alouette-helikopter vliegt achteruit; vier helikopters maken rondedans in de lucht."], "publisher": ["Nederlands Instituut voor Beeld en Geluid", "https://www.openbeelden.nl/users/beeldengeluid"], "contributor": ["Bloemendal, Philip (commentaar)"], "date": ["1979-01-01"], "type": ["Moving Image"], "extent": ["PT4M2S"], "medium": ["https://www.openbeelden.nl/files/06/74/674850.674750.WEEKNUMMER793-HRE00004D22_876000_1119000.mp4", "https://www.openbeelden.nl/files/06/74/674852.674750.WEEKNUMMER793-HRE00004D22_876000_1119000.mp4", "https://www.openbeelden.nl/files/06/74/674750.WEEKNUMMER793-HRE00004D22_876000_1119000.mp4", "https://www.openbeelden.nl/files/06/74/674854.674750.WEEKNUMMER793-HRE00004D22_876000_1119000.webm", "https://www.openbeelden.nl/files/06/74/674846.674750.WEEKNUMMER793-HRE00004D22_876000_1119000.ogv", "https://www.openbeelden.nl/files/06/74/674848.674750.WEEKNUMMER793-HRE00004D22_876000_1119000.ogv", "https://www.openbeelden.nl/files/06/74/674879.674750.WEEKNUMMER793_HRE00004D22_876000_1119000.m3u8", "https://www.openbeelden.nl/files/06/74/674856.674750.WEEKNUMMER793-HRE00004D22_876000_1119000.ts", "https://www.openbeelden.nl/files/06/74/674807.674750.WEEKNUMMER793-HRE00004D22_876000_1119000.mpeg", "https://www.openbeelden.nl/images/675259/Jaarlijkse_open_dag_van_de_Koninklijke_Luchtmacht_%282_01%29.png"], "identifier": ["33676"], "source": ["WEEKNUMMER793-HRE00004D22"], "language": ["nl"], "references": [null], "mediator": ["Wikimedia Commons"], "spatial": ["Nederland", "Vliegbasis Twente"], "attributionName": ["Polygoon-Profilti (producent) / Nederlands Instituut voor Beeld en Geluid (beheerder)"], "attributionURL": ["https://www.openbeelden.nl/media/674751"], "license": ["https://creativecommons.org/licenses/by-sa/3.0/nl/"], "hasformat": ["film"]}