{"title": ["Groot bowlingtoernooi"], "alternative": ["Weeknummer 74-03"], "creator": ["Polygoon-Profilti (producent) / Nederlands Instituut voor Beeld en Geluid (beheerder)"], "subject": ["bowling"], "description": ["Bioscoopjournaals waarin Nederlandse onderwerpen van een bepaalde week worden gepresenteerd."], "abstract": ["Driedaags internationaal bowlingtoernooi in Breda om de Grote Prijs van de Baronie. Met beelden van het mechanische systeem achter de bowlingbaan."], "publisher": ["Nederlands Instituut voor Beeld en Geluid", "https://www.openbeelden.nl/users/beeldengeluid"], "contributor": ["Bloemendal, Philip (commentaar)"], "date": ["1974-01-01"], "type": ["Moving Image"], "extent": ["PT1M33S"], "medium": ["https://www.openbeelden.nl/files/06/76/676643.676126.WEEKNUMMER740-HRE00013548_589880_683000.mp4", "https://www.openbeelden.nl/files/06/76/676645.676126.WEEKNUMMER740-HRE00013548_589880_683000.mp4", "https://www.openbeelden.nl/files/06/76/676126.WEEKNUMMER740-HRE00013548_589880_683000.mp4", "https://www.openbeelden.nl/files/06/76/676647.676126.WEEKNUMMER740-HRE00013548_589880_683000.webm", "https://www.openbeelden.nl/files/06/76/676639.676126.WEEKNUMMER740-HRE00013548_589880_683000.ogv", "https://www.openbeelden.nl/files/06/76/676641.676126.WEEKNUMMER740-HRE00013548_589880_683000.ogv", "https://www.openbeelden.nl/files/06/76/676664.676126.WEEKNUMMER740_HRE00013548_589880_683000.m3u8", "https://www.openbeelden.nl/files/06/76/676649.676126.WEEKNUMMER740-HRE00013548_589880_683000.ts", "https://www.openbeelden.nl/files/06/76/676601.676126.WEEKNUMMER740-HRE00013548_589880_683000.mpeg", "https://www.openbeelden.nl/images/677558/Groot_bowlingtoernooi_%280_46%29.png"], "identifier": ["510999"], "source": ["WEEKNUMMER740-HRE00013548"], "language": ["nl"], "references": [null], "mediator": ["Wikimedia Commons"], "spatial": ["Breda", "Nederland"], "attributionName": ["Polygoon-Profilti (producent) / Nederlands Instituut voor Beeld en Geluid (beheerder)"], "attributionURL": ["https://www.openbeelden.nl/media/676127"], "license": ["https://creativecommons.org/licenses/by-sa/3.0/nl/"], "hasformat": ["film"]}