{"title": ["Op bezoek bij Ouwehands dierenpark"], "alternative": ["Weeknummer 37-26"], "creator": ["Polygoon-Profilti (producent) / Nederlands Instituut voor Beeld en Geluid (beheerder)"], "subject": ["dierentuinen", "Ouwehands Dierenpark"], "description": ["Bioscoopjournaals waarin Nederlandse onderwerpen van een bepaalde week worden gepresenteerd."], "abstract": ["Enkele nieuwe aanwinsten in Ouwehands Dierenpark ter gelegenheid van het vijfjarig jubileum. Kinderen die op de rug van een olifant door dierentuin rijden, flamingo's, jonge bruine beren die oa worden gevoerd met honing uit glazen potje, aapjes en een fluitende en zingende papegaai."], "publisher": ["Nederlands Instituut voor Beeld en Geluid", "https://www.openbeelden.nl/users/beeldengeluid"], "date": ["1937-06-22"], "type": ["Moving Image"], "extent": ["PT1M16S"], "medium": ["https://www.openbeelden.nl/files/06/76/677048.676295.WEEKNUMMER372-HRE0001C33E_974400_1051080.mp4", "https://www.openbeelden.nl/files/06/76/677050.676295.WEEKNUMMER372-HRE0001C33E_974400_1051080.mp4", "https://www.openbeelden.nl/files/06/76/676295.WEEKNUMMER372-HRE0001C33E_974400_1051080.mp4", "https://www.openbeelden.nl/files/06/76/677052.676295.WEEKNUMMER372-HRE0001C33E_974400_1051080.webm", "https://www.openbeelden.nl/files/06/76/677044.676295.WEEKNUMMER372-HRE0001C33E_974400_1051080.ogv", "https://www.openbeelden.nl/files/06/76/677046.676295.WEEKNUMMER372-HRE0001C33E_974400_1051080.ogv", "https://www.openbeelden.nl/files/06/76/677056.676295.WEEKNUMMER372_HRE0001C33E_974400_1051080.m3u8", "https://www.openbeelden.nl/files/06/76/677054.676295.WEEKNUMMER372-HRE0001C33E_974400_1051080.ts", "https://www.openbeelden.nl/files/06/76/677020.676295.WEEKNUMMER372-HRE0001C33E_974400_1051080.mpeg", "https://www.openbeelden.nl/images/677633/Op_bezoek_bij_Ouwehands_dierenpark_%280_38%29.png"], "identifier": ["513075"], "source": ["WEEKNUMMER372-HRE0001C33E"], "language": ["nl"], "references": [null], "mediator": ["Wikimedia Commons"], "spatial": ["Nederland", "Rhenen"], "attributionName": ["Polygoon-Profilti (producent) / Nederlands Instituut voor Beeld en Geluid (beheerder)"], "attributionURL": ["https://www.openbeelden.nl/media/676296"], "license": ["https://creativecommons.org/publicdomain/mark/1.0/"], "hasformat": ["film"]}