{"title": ["Als het dierendag is", "When it's World Animal Day"], "alternative": ["Weeknummer 37-41", "Week number 37-41"], "creator": ["Polygoon-Profilti (producent) / Nederlands Instituut voor Beeld en Geluid (beheerder)", "Polygoon-Profilti (producer) / Netherlands Institute for Sound and Vision (curator)"], "subject": ["dieren", "dierendag", "animals", "World Animal Day"], "description": ["Bioscoopjournaals waarin Nederlandse onderwerpen van een bepaalde week worden gepresenteerd.", "Newsreels in which Dutch subjects of a certain week are presented."], "abstract": ["Dierendag op allerlei verschillende plaatsen in Nederland. SHOTS: - winkelmeisje voert een paard op straat, een accordeonist geeft zijn hond te eten, een dame geeft haar papegaai een koekje en een man voert de vogeltjes. Een hondje apporteert een speeltje en wordt beloond; - man op een bankje imiteert dier en kijkt naar een bord waarop de aankondiging van dierendag staat; - het voeren van een giraf, een aap, pingu\u00efns en een jonge beer; - een tijger, een leeuwenfamilie, mensen bij een giraf, olifanten, pingu\u00efns, ganzen en een zeehond.", "World Animal Day in different places in the Netherlands. SHOTS: - Girl from a shop feeds a horse in the street, an accordian player feeds his dog, a woman gives her parrot a cookie and a man feeds the birds. A dog fetches a toy and is rewarded; - man on a bench imitates an animal and looks at a sign announcing World Animal Day; - the feeding of a giraffe, a monkey, pinguins and a young bear; - a tiger, a family of lions, people near a giraffe, elephants, pinguins, geese and a seal."], "publisher": ["Nederlands Instituut voor Beeld en Geluid", "https://www.openbeelden.nl/users/beeldengeluid"], "date": ["1937-10-07"], "type": ["Moving Image"], "extent": ["PT1M42S"], "medium": ["https://www.openbeelden.nl/files/06/76/677027.676262.WEEKNUMMER374-HRE0001D3F9_367240_470000.mp4", "https://www.openbeelden.nl/files/06/76/677029.676262.WEEKNUMMER374-HRE0001D3F9_367240_470000.mp4", "https://www.openbeelden.nl/files/06/76/676262.WEEKNUMMER374-HRE0001D3F9_367240_470000.mp4", "https://www.openbeelden.nl/files/06/76/677031.676262.WEEKNUMMER374-HRE0001D3F9_367240_470000.webm", "https://www.openbeelden.nl/files/06/76/677023.676262.WEEKNUMMER374-HRE0001D3F9_367240_470000.ogv", "https://www.openbeelden.nl/files/06/76/677025.676262.WEEKNUMMER374-HRE0001D3F9_367240_470000.ogv", "https://www.openbeelden.nl/files/06/76/677038.676262.WEEKNUMMER374_HRE0001D3F9_367240_470000.m3u8", "https://www.openbeelden.nl/files/06/76/677033.676262.WEEKNUMMER374-HRE0001D3F9_367240_470000.ts", "https://www.openbeelden.nl/files/06/76/677003.676262.WEEKNUMMER374-HRE0001D3F9_367240_470000.mpeg", "https://www.openbeelden.nl/images/679683/Als_het_dierendag_is_%280_51%29.png"], "identifier": ["508915"], "source": ["WEEKNUMMER374-HRE0001D3F9"], "language": ["nl"], "references": [null], "mediator": ["Wikimedia Commons"], "spatial": ["Nederland", "Netherlands"], "attributionName": ["Polygoon-Profilti (producent) / Nederlands Instituut voor Beeld en Geluid (beheerder)"], "attributionURL": ["https://www.openbeelden.nl/media/676263"], "license": ["https://creativecommons.org/publicdomain/mark/1.0/"], "hasformat": ["film"]}