{"title": ["Bemanning van Engelse onderzeeboot brengt bezoek aan Artis"], "alternative": ["Weeknummer 30-12"], "creator": ["Polygoon-Profilti (producent) / Nederlands Instituut voor Beeld en Geluid (beheerder)"], "subject": ["dierentuinen", "marine", "Artis"], "description": ["Bioscoopjournaals waarin Nederlandse onderwerpen van een bepaalde week worden gepresenteerd."], "abstract": ["Een bezoek van Engelse matrozen aan Artis, waarbij ze de beren, olifanten en apen bezoeken en rit op kameel maken."], "publisher": ["Nederlands Instituut voor Beeld en Geluid", "https://www.openbeelden.nl/users/beeldengeluid"], "date": ["1930-06-11"], "type": ["Moving Image"], "extent": ["PT55S"], "medium": ["https://www.openbeelden.nl/files/06/76/677160.676366.WEEKNUMMER301-HRE0001DA9E_973800_1029120.mp4", "https://www.openbeelden.nl/files/06/76/677162.676366.WEEKNUMMER301-HRE0001DA9E_973800_1029120.mp4", "https://www.openbeelden.nl/files/06/76/676366.WEEKNUMMER301-HRE0001DA9E_973800_1029120.mp4", "https://www.openbeelden.nl/files/06/76/677164.676366.WEEKNUMMER301-HRE0001DA9E_973800_1029120.webm", "https://www.openbeelden.nl/files/06/76/677156.676366.WEEKNUMMER301-HRE0001DA9E_973800_1029120.ogv", "https://www.openbeelden.nl/files/06/76/677158.676366.WEEKNUMMER301-HRE0001DA9E_973800_1029120.ogv", "https://www.openbeelden.nl/files/06/76/677170.676366.WEEKNUMMER301_HRE0001DA9E_973800_1029120.m3u8", "https://www.openbeelden.nl/files/06/76/677166.676366.WEEKNUMMER301-HRE0001DA9E_973800_1029120.ts", "https://www.openbeelden.nl/files/06/76/677135.676366.WEEKNUMMER301-HRE0001DA9E_973800_1029120.mpeg", "https://www.openbeelden.nl/images/677672/Bemanning_van_Engelse_onderzeeboot_brengt_bezoek_aan_Artis_%280_27%29.png"], "identifier": ["512775"], "source": ["WEEKNUMMER301-HRE0001DA9E"], "language": ["nl"], "references": [null], "mediator": ["Wikimedia Commons"], "spatial": ["Amsterdam", "Groot-Brittanni\u00eb", "Nederland"], "attributionName": ["Polygoon-Profilti (producent) / Nederlands Instituut voor Beeld en Geluid (beheerder)"], "attributionURL": ["https://www.openbeelden.nl/media/676367"], "license": ["https://creativecommons.org/publicdomain/mark/1.0/"], "hasformat": ["film"]}