{"title": ["Automatische winkel", "Automatic shop"], "alternative": ["Weeknummer 63-47", "Week number 63-47"], "creator": ["Polygoon-Profilti (producent) / Nederlands Instituut voor Beeld en Geluid (beheerder)", "Polygoon-Profilti (producer) / Netherlands Institute for Sound and Vision (curator)"], "subject": ["automaten", "winkels", "automatieken", "shops", "automatons"], "description": ["Bioscoopjournaals waarin Nederlandse onderwerpen van een bepaalde week worden gepresenteerd.", "Newsreels in which Dutch subjects of a certain week are presented."], "abstract": ["Automaten voor sigaretten, snoep en broodjes. In Boxtel is een automatische winkel geopend, waar mensen op een lijst het nummer van het gewenste product opzoeken, intoetsen in een automaat, geld inwerpen en het product met wisselgeld krijgen. Achter de schermen wordt het product via een technisch systeem op een lopende band gelegd en naar de ontvangbak gebracht.", "Slot machines for cigarettes, candy and sandwiches. An automatic store has opened in Boxtel, where people look up the number of the desired item, enter it in a machine, insert the money and receive the item with their change. Behind the scenes the item is put on a conveyor belt with a technical system and is transported to the receiving bin."], "publisher": ["Nederlands Instituut voor Beeld en Geluid", "https://www.openbeelden.nl/users/beeldengeluid"], "contributor": ["Bloemendal, Philip (commentaar)"], "date": ["1963-11-01"], "type": ["Moving Image"], "extent": ["PT1M27S"], "medium": ["https://www.openbeelden.nl/files/06/79/679236.679137.WEEKNUMMER634-HRE0001B19E_597000_685000.mp4", "https://www.openbeelden.nl/files/06/79/679238.679137.WEEKNUMMER634-HRE0001B19E_597000_685000.mp4", "https://www.openbeelden.nl/files/06/79/679137.WEEKNUMMER634-HRE0001B19E_597000_685000.mp4", "https://www.openbeelden.nl/files/06/79/679240.679137.WEEKNUMMER634-HRE0001B19E_597000_685000.webm", "https://www.openbeelden.nl/files/06/79/679232.679137.WEEKNUMMER634-HRE0001B19E_597000_685000.ogv", "https://www.openbeelden.nl/files/06/79/679234.679137.WEEKNUMMER634-HRE0001B19E_597000_685000.ogv", "https://www.openbeelden.nl/files/06/79/679295.679137.WEEKNUMMER634_HRE0001B19E_597000_685000.m3u8", "https://www.openbeelden.nl/files/06/79/679242.679137.WEEKNUMMER634-HRE0001B19E_597000_685000.ts", "https://www.openbeelden.nl/files/06/79/679191.679137.WEEKNUMMER634-HRE0001B19E_597000_685000.mpeg", "https://www.openbeelden.nl/images/679850/Automatische_winkel_%280_43%29.png"], "identifier": ["510706"], "source": ["WEEKNUMMER634-HRE0001B19E"], "language": ["nl"], "references": [null], "mediator": ["Wikimedia Commons"], "spatial": ["Boxtel", "Nederland"], "attributionName": ["Polygoon-Profilti (producent) / Nederlands Instituut voor Beeld en Geluid (beheerder)"], "attributionURL": ["https://www.openbeelden.nl/media/679138"], "license": ["https://creativecommons.org/licenses/by-sa/3.0/nl/"], "hasformat": ["film"]}