{"title": ["100-jarig stoomgemaal in Genemuiden"], "alternative": ["Weeknummer 56-48"], "creator": ["Polygoon-Profilti (producent) / Nederlands Instituut voor Beeld en Geluid (beheerder)"], "subject": ["gemalen", "openingen", "stoomgemalen", "Schueren, J.B.G.M. de van der"], "description": ["Bioscoopjournaals waarin Nederlandse onderwerpen van een bepaalde week worden gepresenteerd."], "abstract": ["Opening van het nieuwe elektrische vijzelgemaal Lutterzijl aan het Zwarte Water bij Genemuiden door ir. J.B.G.M. de van der Schueren, commissaris der Koningin van Overijssel. Verder beelden van o.a. machinist Kroes bij de stoommachine en de schepraderen van het 100 jaar oude stoomgemaal aan het Zwarte Water bij Genemuiden, dat door het vijzelgemaal wordt vervangen."], "publisher": ["Nederlands Instituut voor Beeld en Geluid", "https://www.openbeelden.nl/users/beeldengeluid"], "contributor": ["Bloemendal, Philip (commentaar)"], "date": ["1956-11-08"], "type": ["Moving Image"], "extent": ["PT1M37S"], "medium": ["https://www.openbeelden.nl/files/06/81/681251.681090.WEEKNUMMER564-HRE0000E88C_1757000_1855000.mp4", "https://www.openbeelden.nl/files/06/81/681253.681090.WEEKNUMMER564-HRE0000E88C_1757000_1855000.mp4", "https://www.openbeelden.nl/files/06/81/681090.WEEKNUMMER564-HRE0000E88C_1757000_1855000.mp4", "https://www.openbeelden.nl/files/06/81/681255.681090.WEEKNUMMER564-HRE0000E88C_1757000_1855000.webm", "https://www.openbeelden.nl/files/06/81/681247.681090.WEEKNUMMER564-HRE0000E88C_1757000_1855000.ogv", "https://www.openbeelden.nl/files/06/81/681249.681090.WEEKNUMMER564-HRE0000E88C_1757000_1855000.ogv", "https://www.openbeelden.nl/files/06/81/681324.681090.WEEKNUMMER564_HRE0000E88C_1757000_1855000.m3u8", "https://www.openbeelden.nl/files/06/81/681257.681090.WEEKNUMMER564-HRE0000E88C_1757000_1855000.ts", "https://www.openbeelden.nl/files/06/81/681192.681090.WEEKNUMMER564-HRE0000E88C_1757000_1855000.mpeg", "https://www.openbeelden.nl/images/681869/100-jarig_stoomgemaal_in_Genemuiden_%280_48%29.png"], "identifier": ["517836"], "source": ["WEEKNUMMER564-HRE0000E88C"], "language": ["nl"], "references": [null], "mediator": ["Wikimedia Commons"], "spatial": ["Genemuiden", "Nederland", "Zwarte Water"], "attributionName": ["Polygoon-Profilti (producent) / Nederlands Instituut voor Beeld en Geluid (beheerder)"], "attributionURL": ["https://www.openbeelden.nl/media/681091"], "license": ["https://creativecommons.org/licenses/by-sa/3.0/nl/"], "hasformat": ["film"]}