{"title": ["Het broeden en seksen van kuikens"], "alternative": ["Weeknummer 39-13"], "creator": ["Polygoon-Profilti (producent) / Nederlands Instituut voor Beeld en Geluid (beheerder)"], "subject": ["eieren", "keuringen", "kuikens"], "description": ["Bioscoopjournaals waarin Nederlandse onderwerpen van een bepaalde week worden gepresenteerd."], "abstract": ["Het uitbroeden van kuikens mbv een broedmachine en het sorteren van de diertjes op geslacht. SHOTS: - mannen plaatsen eieren in bakken; - eieren worden in broedmachine geplaatst; - (21 dagen later:) man haalt bakken met kuikens uit de machine; - kuikens worden in dozen gezet en vervolgens op geslacht gesorteerd; - man verft kopjes van een der twee groepen om ze duidelijker van elkaar te kunnen onderscheiden."], "publisher": ["Nederlands Instituut voor Beeld en Geluid", "https://www.openbeelden.nl/users/beeldengeluid"], "date": ["1939-03-25"], "type": ["Moving Image"], "extent": ["PT1M16S"], "medium": ["https://www.openbeelden.nl/files/06/82/682160.682057.WEEKNUMMER391-HRE0000DDFC_1226240_1302360.mp4", "https://www.openbeelden.nl/files/06/82/682162.682057.WEEKNUMMER391-HRE0000DDFC_1226240_1302360.mp4", "https://www.openbeelden.nl/files/06/82/682057.WEEKNUMMER391-HRE0000DDFC_1226240_1302360.mp4", "https://www.openbeelden.nl/files/06/82/682164.682057.WEEKNUMMER391-HRE0000DDFC_1226240_1302360.webm", "https://www.openbeelden.nl/files/06/82/682156.682057.WEEKNUMMER391-HRE0000DDFC_1226240_1302360.ogv", "https://www.openbeelden.nl/files/06/82/682158.682057.WEEKNUMMER391-HRE0000DDFC_1226240_1302360.ogv", "https://www.openbeelden.nl/files/06/82/682221.682057.WEEKNUMMER391_HRE0000DDFC_1226240_1302360.m3u8", "https://www.openbeelden.nl/files/06/82/682166.682057.WEEKNUMMER391-HRE0000DDFC_1226240_1302360.ts", "https://www.openbeelden.nl/files/06/82/682131.682057.WEEKNUMMER391-HRE0000DDFC_1226240_1302360.mpeg", "https://www.openbeelden.nl/images/682374/Het_broeden_en_seksen_van_kuikens_%280_38%29.png"], "identifier": ["514142"], "source": ["WEEKNUMMER391-HRE0000DDFC"], "language": ["nl"], "references": [null], "mediator": ["Wikimedia Commons"], "spatial": ["Nederland", "Otterlo"], "attributionName": ["Polygoon-Profilti (producent) / Nederlands Instituut voor Beeld en Geluid (beheerder)"], "attributionURL": ["https://www.openbeelden.nl/media/682058"], "license": ["https://creativecommons.org/publicdomain/mark/1.0/"], "hasformat": ["film"]}