{"title": ["Verkeersweg Rotterdam - Den Haag"], "alternative": ["Weeknummer 29-20"], "creator": ["Polygoon-Profilti (producent) / Nederlands Instituut voor Beeld en Geluid (beheerder)"], "subject": ["arbeid", "wegenbouw", "zand"], "description": ["Bioscoopjournaals waarin Nederlandse onderwerpen van een bepaalde week worden gepresenteerd."], "abstract": ["Een overzicht van de werkzaamheden bij de aanleg van de nieuwe verkeersweg Rotterdam - Den Haag. SHOTS: -Shots van de oude verkeersweg met smalle gescheiden ongelijkvloerse rijbanen; -div. shots van de aanleg van de nieuwe verkeersweg, oa een smalspoor met lorry's met zand (?), arbeiders die werken aan het verladen van zand op een werkschuit en het verwerken van zand mbv div. machines."], "publisher": ["Nederlands Instituut voor Beeld en Geluid", "https://www.openbeelden.nl/users/beeldengeluid"], "date": ["1929-01-01"], "type": ["Moving Image"], "extent": ["PT1M31S"], "medium": ["https://www.openbeelden.nl/files/06/82/682586.682346.WEEKNUMMER292-HRE00016A2C_1714520_1806480.mp4", "https://www.openbeelden.nl/files/06/82/682588.682346.WEEKNUMMER292-HRE00016A2C_1714520_1806480.mp4", "https://www.openbeelden.nl/files/06/82/682346.WEEKNUMMER292-HRE00016A2C_1714520_1806480.mp4", "https://www.openbeelden.nl/files/06/82/682590.682346.WEEKNUMMER292-HRE00016A2C_1714520_1806480.webm", "https://www.openbeelden.nl/files/06/82/682582.682346.WEEKNUMMER292-HRE00016A2C_1714520_1806480.ogv", "https://www.openbeelden.nl/files/06/82/682584.682346.WEEKNUMMER292-HRE00016A2C_1714520_1806480.ogv", "https://www.openbeelden.nl/files/06/82/682626.682346.WEEKNUMMER292_HRE00016A2C_1714520_1806480.m3u8", "https://www.openbeelden.nl/files/06/82/682592.682346.WEEKNUMMER292-HRE00016A2C_1714520_1806480.ts", "https://www.openbeelden.nl/files/06/82/682559.682346.WEEKNUMMER292-HRE00016A2C_1714520_1806480.mpeg", "https://www.openbeelden.nl/images/682929/Verkeersweg_Rotterdam_-_Den_Haag_%280_45%29.png"], "identifier": ["517190"], "source": ["WEEKNUMMER292-HRE00016A2C"], "language": ["nl"], "references": [null], "mediator": ["Wikimedia Commons"], "spatial": ["Den Haag", "Nederland", "Rotterdam"], "attributionName": ["Polygoon-Profilti (producent) / Nederlands Instituut voor Beeld en Geluid (beheerder)"], "attributionURL": ["https://www.openbeelden.nl/media/682347"], "license": ["https://creativecommons.org/publicdomain/mark/1.0/"], "hasformat": ["film"]}