{"title": ["Import sigaretten voor volksherstel"], "alternative": ["Weeknummer 47-07"], "creator": ["Polygoon-Profilti (producent) / Nederlands Instituut voor Beeld en Geluid (beheerder)"], "subject": ["sigaretten", "tabakswinkels"], "description": ["Bioscoopjournaals waarin Nederlandse onderwerpen van een bepaalde week worden gepresenteerd."], "abstract": ["De organisatie Volksherstel importeert in Den Haag sigaretten vanuit het buitenland. Deze zullen zonder bon worden verkocht. SHOTS: - mannen lossen een spoorwagon en stapelen pakken, kisten en dozen op in een loods; - een machine voorziet de pakjes sigaretten van banderollen; - een winkelier verkoopt een pakje aan een klant."], "publisher": ["Nederlands Instituut voor Beeld en Geluid", "https://www.openbeelden.nl/users/beeldengeluid"], "date": ["1947-02-07"], "type": ["Moving Image"], "extent": ["PT1M9S"], "medium": ["https://www.openbeelden.nl/files/06/82/682677.682431.WEEKNUMMER470-HRE00016AE3_119000_188680.mp4", "https://www.openbeelden.nl/files/06/82/682679.682431.WEEKNUMMER470-HRE00016AE3_119000_188680.mp4", "https://www.openbeelden.nl/files/06/82/682431.WEEKNUMMER470-HRE00016AE3_119000_188680.mp4", "https://www.openbeelden.nl/files/06/82/682681.682431.WEEKNUMMER470-HRE00016AE3_119000_188680.webm", "https://www.openbeelden.nl/files/06/82/682673.682431.WEEKNUMMER470-HRE00016AE3_119000_188680.ogv", "https://www.openbeelden.nl/files/06/82/682675.682431.WEEKNUMMER470-HRE00016AE3_119000_188680.ogv", "https://www.openbeelden.nl/files/06/82/682698.682431.WEEKNUMMER470_HRE00016AE3_119000_188680.m3u8", "https://www.openbeelden.nl/files/06/82/682683.682431.WEEKNUMMER470-HRE00016AE3_119000_188680.ts", "https://www.openbeelden.nl/files/06/82/682633.682431.WEEKNUMMER470-HRE00016AE3_119000_188680.mpeg", "https://www.openbeelden.nl/images/682926/Import_sigaretten_voor_volksherstel_%280_34%29.png"], "identifier": ["508284"], "source": ["WEEKNUMMER470-HRE00016AE3"], "language": ["nl"], "references": [null], "mediator": ["Wikimedia Commons"], "spatial": ["Den Haag", "Nederland"], "attributionName": ["Polygoon-Profilti (producent) / Nederlands Instituut voor Beeld en Geluid (beheerder)"], "attributionURL": ["https://www.openbeelden.nl/media/682432"], "license": ["https://creativecommons.org/publicdomain/mark/1.0/"], "hasformat": ["film"]}