{"title": ["SS Plancius"], "alternative": ["Weeknummer 24-04"], "creator": ["Polygoon-Profilti (producent) / Nederlands Instituut voor Beeld en Geluid (beheerder)"], "subject": ["passagiersschepen", "scheepvaart", "stoomschepen", "Koninklijke Pakketvaart", "NSM", "Plancius"], "description": ["Bioscoopjournaals waarin Nederlandse onderwerpen van een bepaalde week worden gepresenteerd."], "abstract": ["Vooraanzicht van het splinternieuwe passagiersschip Plancius. De 6000 ton wegende Plancius, een schip van de Koninklijke Pakketvaart, is gebouwd bij de Nederlandse Scheepsbouw Maatschappij en ligt klaar voor het proefstomen op de Noordzee."], "publisher": ["Nederlands Instituut voor Beeld en Geluid", "https://www.openbeelden.nl/users/beeldengeluid"], "date": ["1924-02-01"], "type": ["Moving Image"], "extent": ["PT14S"], "medium": ["https://www.openbeelden.nl/files/06/84/684890.684820.WEEKNUMMER240-HRE00005F86_2064000_2079000.mp4", "https://www.openbeelden.nl/files/06/84/684892.684820.WEEKNUMMER240-HRE00005F86_2064000_2079000.mp4", "https://www.openbeelden.nl/files/06/84/684820.WEEKNUMMER240-HRE00005F86_2064000_2079000.mp4", "https://www.openbeelden.nl/files/06/84/684894.684820.WEEKNUMMER240-HRE00005F86_2064000_2079000.webm", "https://www.openbeelden.nl/files/06/84/684886.684820.WEEKNUMMER240-HRE00005F86_2064000_2079000.ogv", "https://www.openbeelden.nl/files/06/84/684888.684820.WEEKNUMMER240-HRE00005F86_2064000_2079000.ogv", "https://www.openbeelden.nl/files/06/84/684914.684820.WEEKNUMMER240_HRE00005F86_2064000_2079000.m3u8", "https://www.openbeelden.nl/files/06/84/684896.684820.WEEKNUMMER240-HRE00005F86_2064000_2079000.ts", "https://www.openbeelden.nl/files/06/84/684860.684820.WEEKNUMMER240-HRE00005F86_2064000_2079000.mpeg", "https://www.openbeelden.nl/images/685058/SS_Plancius_%280_07%29.png"], "identifier": ["30123"], "source": ["WEEKNUMMER240-HRE00005F86"], "language": ["nl"], "references": [null], "mediator": ["Wikimedia Commons"], "spatial": ["Amsterdam", "Nederland"], "attributionName": ["Polygoon-Profilti (producent) / Nederlands Instituut voor Beeld en Geluid (beheerder)"], "attributionURL": ["https://www.openbeelden.nl/media/684821"], "license": ["https://creativecommons.org/publicdomain/mark/1.0/"], "hasformat": ["film"]}