{"title": ["Fokker bouwt nieuw verkeersvliegtuig"], "alternative": ["Weeknummer 55-08"], "creator": ["Polygoon-Profilti (producent) / Nederlands Instituut voor Beeld en Geluid (beheerder)"], "subject": ["schaalmodellen", "vliegtuigen", "vliegtuigindustrie", "Fokker", "Fokker F-27 Friendship"], "description": ["Bioscoopjournaals waarin Nederlandse onderwerpen van een bepaalde week worden gepresenteerd."], "abstract": ["Bij Fokker is men begonnen met de voorbereidingen voor de serieproductie van het nieuwe verkeersvliegtuig F-27 Friendship. De Friendship is een toestel voor middellange afstand met een kruissnelheid van 450 kilometer per uur. SHOTS: fabriekshal Fokker in Amsterdam; ext. en int. houten model op ware grootte van Friendship; bouw van de romp en motorgondels Friendship; ingenieur toont in schaalmodel Friendship de mogelijkheid om aantal zitplaatsen uit te breiden."], "publisher": ["Nederlands Instituut voor Beeld en Geluid", "https://www.openbeelden.nl/users/beeldengeluid"], "contributor": ["Bloemendal, Philip (commentaar)"], "date": ["1955-01-01"], "type": ["Moving Image"], "extent": ["PT1M24S"], "medium": ["https://www.openbeelden.nl/files/06/84/685049.684898.WEEKNUMMER550-HRE0000D8F0_2899480_2984040.mp4", "https://www.openbeelden.nl/files/06/84/685051.684898.WEEKNUMMER550-HRE0000D8F0_2899480_2984040.mp4", "https://www.openbeelden.nl/files/06/84/684898.WEEKNUMMER550-HRE0000D8F0_2899480_2984040.mp4", "https://www.openbeelden.nl/files/06/84/685053.684898.WEEKNUMMER550-HRE0000D8F0_2899480_2984040.webm", "https://www.openbeelden.nl/files/06/84/685045.684898.WEEKNUMMER550-HRE0000D8F0_2899480_2984040.ogv", "https://www.openbeelden.nl/files/06/84/685047.684898.WEEKNUMMER550-HRE0000D8F0_2899480_2984040.ogv", "https://www.openbeelden.nl/files/06/84/685083.684898.WEEKNUMMER550_HRE0000D8F0_2899480_2984040.m3u8", "https://www.openbeelden.nl/files/06/84/685055.684898.WEEKNUMMER550-HRE0000D8F0_2899480_2984040.ts", "https://www.openbeelden.nl/files/06/84/685020.684898.WEEKNUMMER550-HRE0000D8F0_2899480_2984040.mpeg", "https://www.openbeelden.nl/images/685223/Fokker_bouwt_nieuw_verkeersvliegtuig_%280_42%29.png"], "identifier": ["524033"], "source": ["WEEKNUMMER550-HRE0000D8F0"], "language": ["nl"], "references": [null], "mediator": ["Wikimedia Commons"], "spatial": ["Amsterdam", "Nederland"], "attributionName": ["Polygoon-Profilti (producent) / Nederlands Instituut voor Beeld en Geluid (beheerder)"], "attributionURL": ["https://www.openbeelden.nl/media/684899"], "license": ["https://creativecommons.org/licenses/by-sa/3.0/nl/"], "hasformat": ["film"]}