{"title": ["Hurdle Jumping by Trained Dogs"], "alternative": [null], "creator": ["Unknown (director) / American Mutoscope and Biograph  (producer)"], "subject": ["dressage", "pets", "circuses", "variety entertainment", "United States (Production Country)"], "description": ["Vaudeville act with dog and cat dressage."], "abstract": ["Vaudeville act with dog and cat dressage. Dog and cat dressage by the vaudeville artist Professor Leonidas. A cat stretches out between two chairs so that it creates a living obstacle, which a number of dogs jump over."], "publisher": ["EYE Filmmuseum", "https://www.openbeelden.nl/users/eye film instituut nederland"], "contributor": ["Professor Leonidas"], "date": ["1899-01-01"], "type": ["Moving Image"], "extent": ["PT1M6S"], "medium": ["https://www.openbeelden.nl/files/06/85/685532.685440.75062_14157030_s01_Hurdle_Jumping_by_Trained_Dogs.mp4", "https://www.openbeelden.nl/files/06/85/685534.685440.75062_14157030_s01_Hurdle_Jumping_by_Trained_Dogs.webm", "https://www.openbeelden.nl/files/06/85/685526.685440.75062_14157030_s01_Hurdle_Jumping_by_Trained_Dogs.ogv", "https://www.openbeelden.nl/files/06/85/685528.685440.75062_14157030_s01_Hurdle_Jumping_by_Trained_Dogs.ogv", "https://www.openbeelden.nl/files/06/85/685769.685440.75062_14157030_s01_Hurdle_Jumping_by_Trained_Dogs.m3u8", "https://www.openbeelden.nl/files/06/85/685536.685440.75062_14157030_s01_Hurdle_Jumping_by_Trained_Dogs.ts", "https://www.openbeelden.nl/files/06/85/685461.685440.75062_14157030_s01_Hurdle_Jumping_by_Trained_Dogs.mpeg", "https://www.openbeelden.nl/images/690779/Hurdle_Jumping_by_Trained_Dogs_%280_33%29.png"], "identifier": ["75062"], "language": ["en"], "references": [null], "mediator": [null], "attributionName": ["Unknown (director) / American Mutoscope and Biograph  (producer)"], "attributionURL": ["https://www.openbeelden.nl/media/685436"], "license": ["https://creativecommons.org/publicdomain/mark/1.0/"], "hasformat": ["film"]}