{"title": ["Lighthouse by the Sea, The"], "alternative": [null], "creator": ["Porter, Edwin S. (director) / Edison Manufacturing Company  (producer)"], "subject": ["disasters", "love", "rescue", "sea", "United States (Production Country)"], "description": ["Two fellow sailors narrowly escape death during a hurricane."], "abstract": ["Two fellow sailors narrowly escape death during a hurricane. Two sisters get engaged to two sailors, who are friends with each other. The men go out fishing on the \u201cThomas S. Corton\u201d. Just as the women are notified of the sailors\u2019 safe return, a raging hurricane breaks out. During the night, the sisters\u2019 father receives a telegram indicating that the ship is sinking. The brother of the two women is only able to save one of the men, but fortunately a fishing boat manages to save the other."], "publisher": ["EYE Filmmuseum", "https://www.openbeelden.nl/users/eye film instituut nederland"], "contributor": ["Neill, Richard (actor)", "Sawyer, Laura (actor)", "Gordon, James (actor)", "Prior, Herbert (actor)", "Sutton, Charles (actor)", "Trunelle, Mabel (actor)"], "date": ["1911-01-01"], "type": ["Moving Image"], "extent": ["PT14M46S"], "medium": ["https://www.openbeelden.nl/files/06/85/705878.685486.38670_1411112674_s01_The_Lighthouse_by_the_Sea.mp4", "https://www.openbeelden.nl/files/06/85/705880.685486.38670_1411112674_s01_The_Lighthouse_by_the_Sea.webm", "https://www.openbeelden.nl/files/06/85/705872.685486.38670_1411112674_s01_The_Lighthouse_by_the_Sea.ogv", "https://www.openbeelden.nl/files/06/85/705874.685486.38670_1411112674_s01_The_Lighthouse_by_the_Sea.ogv", "https://www.openbeelden.nl/files/06/85/705927.685486.38670_1411112674_s01_The_Lighthouse_by_the_Sea.m3u8", "https://www.openbeelden.nl/files/06/85/705882.685486.38670_1411112674_s01_The_Lighthouse_by_the_Sea.ts", "https://www.openbeelden.nl/files/06/85/686406.685486.38670_1411112674_s01_The_Lighthouse_by_the_Sea.mpeg", "https://www.openbeelden.nl/images/690785/Lighthouse_by_the_Sea%2C_The_%287_23%29.png"], "identifier": ["38670"], "language": ["en"], "references": [null], "mediator": [null], "attributionName": ["Porter, Edwin S. (director) / Edison Manufacturing Company  (producer)"], "attributionURL": ["https://www.openbeelden.nl/media/685482"], "license": ["https://creativecommons.org/publicdomain/mark/1.0/"], "hasformat": ["film"]}