{"title": ["Laird of McGillicuddy, The"], "alternative": [null], "creator": ["Unknown (director) / Essanay Film Manufacturing  (producer)"], "subject": ["engagements", "relationships", "United States (Production Country)"], "description": ["Comedy in which Charles retaliates when Louise breaks off their engagement."], "abstract": ["Comedy in which Charles retaliates when Louise breaks off their engagement. Louise breaks off her engagement to Charles. Out of revenge, Charles and his friends turn Kees the milkman into a Scottish lord, who is meant to make a big impression at the ball. He dances very rudely with Louise, and out of nervousness admits that he is only a milkman. Charles responds angrily, and pretends that this was a joke that his friends had arranged; he then tries to hit Kees and his friends. Louise stops him, and they kiss, once again in love."], "publisher": ["EYE Filmmuseum", "https://www.openbeelden.nl/users/eye film instituut nederland"], "contributor": ["Carney, Augustus (actor)", "Mason, Billy (actor)", "Stonehouse, Ruth (actor)"], "date": ["1913-01-01"], "type": ["Moving Image"], "extent": ["PT15M34S"], "medium": ["https://www.openbeelden.nl/files/06/85/686665.685512.37134_1411112349_s01_The_Laird_of_McGillicuddy.mp4", "https://www.openbeelden.nl/files/06/85/686667.685512.37134_1411112349_s01_The_Laird_of_McGillicuddy.webm", "https://www.openbeelden.nl/files/06/85/686659.685512.37134_1411112349_s01_The_Laird_of_McGillicuddy.ogv", "https://www.openbeelden.nl/files/06/85/686661.685512.37134_1411112349_s01_The_Laird_of_McGillicuddy.ogv", "https://www.openbeelden.nl/files/06/85/686689.685512.37134_1411112349_s01_The_Laird_of_McGillicuddy.m3u8", "https://www.openbeelden.nl/files/06/85/686669.685512.37134_1411112349_s01_The_Laird_of_McGillicuddy.ts", "https://www.openbeelden.nl/files/06/85/686579.685512.37134_1411112349_s01_The_Laird_of_McGillicuddy.mpeg", "https://www.openbeelden.nl/images/690789/Laird_of_McGillicuddy%2C_The_%287_47%29.png"], "identifier": ["37134"], "language": ["en"], "references": [null], "mediator": [null], "attributionName": ["Unknown (director) / Essanay Film Manufacturing  (producer)"], "attributionURL": ["https://www.openbeelden.nl/media/685508"], "license": ["https://creativecommons.org/publicdomain/mark/1.0/"], "hasformat": ["film"]}