{"title": ["Oorlog"], "alternative": [null], "creator": ["Unknown (director) / Unknown (producer)"], "subject": ["war", "United States (Production Country)"], "description": ["Short parody of the war, with adult men who play \u201cwar games\u201d."], "abstract": ["Short parody of the war, with adult men who play \u201cwar games\u201d. General Rempipabelsneuseland, at the office of Senkema, sends the war department a telegram asking for reinforcements. Men are then recruited, preferably men who are married and not afraid of their mothers-in-law. A motley army is assembled, and their battle against the equally ridiculous enemy army begins. Parodies of European warlords, from Napoleon to Tsar Peter, are called back by their wives, but are held back by the Show-of-Solidarity union of soldiers. The war is called off on Saturday at noon."], "publisher": ["EYE Filmmuseum", "https://www.openbeelden.nl/users/eye film instituut nederland"], "date": ["1915-01-01"], "type": ["Moving Image"], "extent": ["PT14M29S"], "medium": ["https://www.openbeelden.nl/files/06/85/686608.685641.49178_1411112260_s01_Oorlog.mp4", "https://www.openbeelden.nl/files/06/85/686610.685641.49178_1411112260_s01_Oorlog.webm", "https://www.openbeelden.nl/files/06/85/686602.685641.49178_1411112260_s01_Oorlog.ogv", "https://www.openbeelden.nl/files/06/85/686604.685641.49178_1411112260_s01_Oorlog.ogv", "https://www.openbeelden.nl/files/06/85/686635.685641.49178_1411112260_s01_Oorlog.m3u8", "https://www.openbeelden.nl/files/06/85/686612.685641.49178_1411112260_s01_Oorlog.ts", "https://www.openbeelden.nl/files/06/85/686525.685641.49178_1411112260_s01_Oorlog.mpeg", "https://www.openbeelden.nl/images/690804/Oorlog_%287_14%29.png"], "identifier": ["49178"], "language": ["en"], "references": [null], "mediator": [null], "attributionName": ["Unknown (director) / Unknown (producer)"], "attributionURL": ["https://www.openbeelden.nl/media/685637"], "license": ["https://creativecommons.org/publicdomain/mark/1.0/"], "hasformat": ["film"]}