{"title": ["Gaby's Gasoline Glide"], "alternative": [null], "creator": ["Frazee, Edwin (director) / L-Ko Kompany  (producer)"], "subject": ["chases", "vehicles", "police", "United States (Production Country)"], "description": ["Comic action film in which two men pursue the same woman."], "abstract": ["Comic action film in which two men pursue the same woman. Two men are vying for the favours of Gaby. One of them takes her for a motorcycle ride, the other in his car. When the second man manages to marry her, the first takes his revenge. He calls the police, and takes the newlyweds along on a kamikaze ride in his car, chased by the police."], "publisher": ["EYE Filmmuseum", "https://www.openbeelden.nl/users/eye film instituut nederland"], "contributor": ["Armstrong, Billy (actor)", "Selby, Gertrude (actor)", "Dunham, Phil (actor)", "Morris, Dave (actor)", "Bevan, Billy (actor)"], "date": ["1915-01-01"], "type": ["Moving Image"], "extent": ["PT18M4S"], "medium": ["https://www.openbeelden.nl/files/06/85/686571.685605.23095_1411112294_s01_Gabys_Gasoline_Glide.mp4", "https://www.openbeelden.nl/files/06/85/686573.685605.23095_1411112294_s01_Gabys_Gasoline_Glide.webm", "https://www.openbeelden.nl/files/06/85/686565.685605.23095_1411112294_s01_Gabys_Gasoline_Glide.ogv", "https://www.openbeelden.nl/files/06/85/686567.685605.23095_1411112294_s01_Gabys_Gasoline_Glide.ogv", "https://www.openbeelden.nl/files/06/85/686597.685605.23095_1411112294_s01_Gabys_Gasoline_Glide.m3u8", "https://www.openbeelden.nl/files/06/85/686575.685605.23095_1411112294_s01_Gabys_Gasoline_Glide.ts", "https://www.openbeelden.nl/files/06/85/686488.685605.23095_1411112294_s01_Gabys_Gasoline_Glide.mpeg", "https://www.openbeelden.nl/images/690800/Gaby%27s_Gasoline_Glide_%289_02%29.png"], "identifier": ["23095"], "language": ["en"], "references": [null], "mediator": [null], "spatial": ["United States", "California", "Los Angeles"], "attributionName": ["Frazee, Edwin (director) / L-Ko Kompany  (producer)"], "attributionURL": ["https://www.openbeelden.nl/media/685601"], "license": ["https://creativecommons.org/publicdomain/mark/1.0/"], "hasformat": ["film"]}