{"title": ["Mucki op verboden wegen"], "alternative": [null], "creator": ["Unknown (director) / Unknown (producer)"], "subject": ["monkeys", "Netherlands (Production Country)"], "description": ["A nature film about the captive monkey named Mucki, who eats from a pot of wheat."], "abstract": ["A nature film about the captive monkey named Mucki, who eats from a pot of wheat."], "publisher": ["EYE Filmmuseum", "https://www.openbeelden.nl/users/eye film instituut nederland"], "date": ["1920-01-01"], "type": ["Moving Image"], "extent": ["PT58S"], "medium": ["https://www.openbeelden.nl/files/06/85/685791.685737.44341_1411107060_s01_Mucki_op_verboden_wegen.webm", "https://www.openbeelden.nl/files/06/85/685783.685737.44341_1411107060_s01_Mucki_op_verboden_wegen.ogv", "https://www.openbeelden.nl/files/06/85/685785.685737.44341_1411107060_s01_Mucki_op_verboden_wegen.ogv", "https://www.openbeelden.nl/files/06/85/685793.685737.44341_1411107060_s01_Mucki_op_verboden_wegen.ts", "https://www.openbeelden.nl/files/06/85/685764.685737.44341_1411107060_s01_Mucki_op_verboden_wegen.mpeg", "https://www.openbeelden.nl/images/690820/Mucki_op_verboden_wegen_%280_29%29.png"], "identifier": ["44341"], "language": ["en"], "references": [null], "mediator": [null], "attributionName": ["Unknown (director) / Unknown (producer)"], "attributionURL": ["https://www.openbeelden.nl/media/685733"], "license": ["https://creativecommons.org/publicdomain/mark/1.0/"], "hasformat": ["film"]}