{"title": ["End of the game, The"], "alternative": [null], "creator": ["Hampton, Jesse D. (director) / Jesse D. Hampton Productions  (producer)"], "subject": ["gold", "gold prospectors", "United States (Production Country)"], "description": ["A silent Western about a love story that takes place during the gold rush."], "abstract": ["A silent Western about a love story that takes place during the gold rush. The gold prospector Burke Allister falls in love with Mary, who believes the slanderous lies that have been spread about Burke by his competitor. When Mary desperately wants to plunge into the abyss, Burke is there just in time to save her. Frank Miller and his sister arrive in the California gold town of Brazo, where Frank is \u201cundressed\u201d in the gambling den of his arch-villain Dan Middleton. The gentleman gambler Burke Allister wins Frank's money back, but Frank is shot by Faro Ed, who is then shot by Burke. Burke and Mary flee, and start panning for gold, until one of Middleton\u2019s henchmen makes false accusation about Burke to Mary. Mary believes the lies. When she gets imjured, Burke drives back to Brazo to find a doctor, but is put in prison, while Middleton convinces Mary to sell her claim to him and leave town. Burke escapes, and is just in time to prevent Mary from having to choose between Middleton and the abyss. Eventually, it is the villain himself who falls into the depths."], "publisher": ["EYE Filmmuseum", "https://www.openbeelden.nl/users/eye film instituut nederland"], "contributor": ["Kerrigan, J. Warren (actor)", "Wilson, Lois (actor)", "Whitman, Alfred (actor)", "Richardson, Jack (actor)", "Field, George (actor)", "Ross, Milton (actor)", "Perry, Walter (actor)", "Fair, Eleanor (actor)", "Appling, Bert (actor)", "Franz, Joseph (actor)"], "date": ["1919-01-01"], "type": ["Moving Image"], "extent": ["PT54M18S"], "medium": ["https://www.openbeelden.nl/files/06/85/686699.685713.18665_14153766_s01_The_End_of_the_game.mp4", "https://www.openbeelden.nl/files/06/85/686701.685713.18665_14153766_s01_The_End_of_the_game.webm", "https://www.openbeelden.nl/files/06/85/686693.685713.18665_14153766_s01_The_End_of_the_game.ogv", "https://www.openbeelden.nl/files/06/85/686695.685713.18665_14153766_s01_The_End_of_the_game.ogv", "https://www.openbeelden.nl/files/06/85/686742.685713.18665_14153766_s01_The_End_of_the_game.m3u8", "https://www.openbeelden.nl/files/06/85/686703.685713.18665_14153766_s01_The_End_of_the_game.ts", "https://www.openbeelden.nl/files/06/85/686618.685713.18665_14153766_s01_The_End_of_the_game.mpeg", "https://www.openbeelden.nl/images/690816/End_of_the_game%2C_The_%2827_09%29.png"], "identifier": ["18665"], "language": ["en"], "references": [null], "mediator": [null], "spatial": ["California", "United States"], "attributionName": ["Hampton, Jesse D. (director) / Jesse D. Hampton Productions  (producer)"], "attributionURL": ["https://www.openbeelden.nl/media/685709"], "license": ["https://creativecommons.org/publicdomain/mark/1.0/"], "hasformat": ["film"]}