{"title": ["Gomets battelen"], "alternative": ["Weeknummer 24-09"], "creator": ["Polygoon-Profilti (producent) / Nederlands Instituut voor Beeld en Geluid (beheerder)"], "subject": ["paard-en-wagen", "platteland", "volkscultuur", "Pasen"], "description": ["Bioscoopjournaals waarin Nederlandse onderwerpen van een bepaalde week worden gepresenteerd."], "abstract": ["Voorbereidingen en aansteken van het Paasvuur: beelden volkse kinderen rondom twee vuurtjes; aankomst in bos van meerdere paard-en-wagens beladen met mannen en jongens en opladen van bomen en takken; volgeladen wagens, omstuwd door publiek, komen aan bij groot pand met Nederlandse vlag aan de gevel; mooie silhouetbeelden karavaan met takken beladen wagens in de schemering; het afladen van het hout en aansteken van het Paasvuur. Aantekening: Betekenis titel duister: vermoedelijk ooit verkeerd overgenomen. Locatie Amsterdam onwaarschijnlijk: zeer landelijke ambiance."], "publisher": ["Nederlands Instituut voor Beeld en Geluid", "https://www.openbeelden.nl/users/beeldengeluid"], "date": ["1924-04-01"], "type": ["Moving Image"], "extent": ["PT2M29S"], "medium": ["https://www.openbeelden.nl/files/06/86/686850.686075.WEEKNUMMER240-HRE0000420C_2849840_2999720.mp4", "https://www.openbeelden.nl/files/06/86/686852.686075.WEEKNUMMER240-HRE0000420C_2849840_2999720.mp4", "https://www.openbeelden.nl/files/06/86/686075.WEEKNUMMER240-HRE0000420C_2849840_2999720.mp4", "https://www.openbeelden.nl/files/06/86/686854.686075.WEEKNUMMER240-HRE0000420C_2849840_2999720.webm", "https://www.openbeelden.nl/files/06/86/686846.686075.WEEKNUMMER240-HRE0000420C_2849840_2999720.ogv", "https://www.openbeelden.nl/files/06/86/686848.686075.WEEKNUMMER240-HRE0000420C_2849840_2999720.ogv", "https://www.openbeelden.nl/files/06/86/686859.686075.WEEKNUMMER240_HRE0000420C_2849840_2999720.m3u8", "https://www.openbeelden.nl/files/06/86/686856.686075.WEEKNUMMER240-HRE0000420C_2849840_2999720.ts", "https://www.openbeelden.nl/files/06/86/686744.686075.WEEKNUMMER240-HRE0000420C_2849840_2999720.mpeg", "https://www.openbeelden.nl/images/686946/Gomets_battelen_%281_14%29.png"], "identifier": ["29466"], "source": ["WEEKNUMMER240-HRE0000420C"], "language": ["nl"], "references": [null], "mediator": ["Wikimedia Commons"], "spatial": ["Amsterdam", "Nederland"], "attributionName": ["Polygoon-Profilti (producent) / Nederlands Instituut voor Beeld en Geluid (beheerder)"], "attributionURL": ["https://www.openbeelden.nl/media/686076"], "license": ["https://creativecommons.org/publicdomain/mark/1.0/"], "hasformat": ["film"]}