{"title": ["Hoe men filmster wordt"], "alternative": [null], "creator": ["Unknown (director) / Paramount  (producer)"], "subject": ["film", "actors", "United States (Production Country)"], "description": ["A one-act film about a woman who gets offered a movie role."], "abstract": ["A one-act film about a woman who gets offered a movie role. A woman receives a letter that fills her with joy, causing her husband to suspect that she has a lover. When the woman practices acting with a dressed mannequin, her husband catches her and tackles the doll. When the truth turns out to be the letter from the \u201cBunkham Film School\u201d in Boston and her textbook \u201cHow to be a movie star\u201d, everything is forgiven and forgotten."], "publisher": ["EYE Filmmuseum", "https://www.openbeelden.nl/users/eye film instituut nederland"], "date": ["1920-01-01"], "type": ["Moving Image"], "extent": ["PT5M21S"], "medium": ["https://www.openbeelden.nl/files/06/87/687855.687149.28531_1411112332_s01_Hoe_men_filmster_wordt.mp4", "https://www.openbeelden.nl/files/06/87/687857.687149.28531_1411112332_s01_Hoe_men_filmster_wordt.webm", "https://www.openbeelden.nl/files/06/87/687849.687149.28531_1411112332_s01_Hoe_men_filmster_wordt.ogv", "https://www.openbeelden.nl/files/06/87/687851.687149.28531_1411112332_s01_Hoe_men_filmster_wordt.ogv", "https://www.openbeelden.nl/files/06/87/687864.687149.28531_1411112332_s01_Hoe_men_filmster_wordt.m3u8", "https://www.openbeelden.nl/files/06/87/687859.687149.28531_1411112332_s01_Hoe_men_filmster_wordt.ts", "https://www.openbeelden.nl/files/06/87/687435.687149.28531_1411112332_s01_Hoe_men_filmster_wordt.mpeg", "https://www.openbeelden.nl/images/690833/Hoe_men_filmster_wordt_%282_40%29.png"], "identifier": ["28531"], "language": ["en"], "references": [null], "mediator": [null], "attributionName": ["Unknown (director) / Paramount  (producer)"], "attributionURL": ["https://www.openbeelden.nl/media/687145"], "license": ["https://creativecommons.org/publicdomain/mark/1.0/"], "hasformat": ["film"]}