{"title": ["Nederlandsche Basalt Maatschappij"], "alternative": [null], "creator": ["Mullens, Willy (director) / Haghe Film  (producer)"], "subject": ["pavement work", "cars", "cityscapes", "trips", "Netherlands (Production Country)"], "description": ["Corporate film about the Dutch asphalt industry."], "abstract": ["Corporate film about the Dutch asphalt industry. With the expansion of the number of automobiles, and the increasing popularity of the bicycle, the so-called called Wegenkwestie (\u201cRoads Issue\u201d) arose at the beginning of the twentieth century. The roads in the Netherlands turned out to be very outdated: they were too narrow, bumpy, and dusty. Moreover, there were far too few roads. From 1920 onwards, the Netherlands seriously began to develop a local, regional, and national road network. Asphalt, a relatively new product at the time, would play a major role in this effort. Asphalt is strong, smooth, and easy to use. And paved roads are not dusty, which was also a major advantage in terms of national health. This corporate film shows the work of Dutch asphalt companies such as the Nederlandsche Basalt Maatschappij, NV Bitumenweg, and H.P. Vale Arnhem. We see the raw materials arriving by barge, the processing of these materials into the final product, and the different stages involved in paving the roads. Amid the footage depicting the roads, we see the Vereeniging het Nederlandsche Wegencongres (Dutch Road Congress Association) paying a visit to the Nederlandsche Basalt Maatschappij in Zaandam. This association, a lobbying group that was composed of industrialists, car enthusiasts, engineers, and cyclists, would play an important role in the debate on the road network in the Netherlands. The association met annually in Scheveningen."], "publisher": ["EYE Filmmuseum", "https://www.openbeelden.nl/users/eye film instituut nederland"], "date": ["1925-01-01"], "type": ["Moving Image"], "extent": ["PT50M11S"], "medium": ["https://www.openbeelden.nl/files/06/87/688248.687287.5677_1411110511_s01_Nederlandsche_Basalt_Maatschappij.ogv", "https://www.openbeelden.nl/files/06/87/688250.687287.5677_1411110511_s01_Nederlandsche_Basalt_Maatschappij.ogv", "https://www.openbeelden.nl/files/06/87/688230.687287.5677_1411110511_s01_Nederlandsche_Basalt_Maatschappij.mpeg", "https://www.openbeelden.nl/images/690856/Nederlandsche_Basalt_Maatschappij_%2825_05%29.png"], "identifier": ["5677"], "language": ["en"], "references": [null], "mediator": [null], "spatial": ["Netherlands", "Zaanstad", "Amsterdam", "Scheveningen", "Arnhem", "Utrecht", "Wassenaar"], "attributionName": ["Mullens, Willy (director) / Haghe Film  (producer)"], "attributionURL": ["https://www.openbeelden.nl/media/687283"], "license": ["https://creativecommons.org/licenses/by-nc-sa/3.0/nl/"], "hasformat": ["film"]}