{"title": ["Koninklijke Stearine Kaarsenfabriek Gouda"], "alternative": [null], "creator": ["Mullens, Willy (director) / s-Gravenhaagsche Filmfabriek  (producer)"], "subject": ["candles", "machinery", "industry", "female labour", "automation", "workers", "factories", "raw materials", "foundries", "propaganda", "pumps", "mechanization", "child labour", "Netherlands (Production Country)"], "description": ["Corporate film for the Stearine Candle Factory in Gouda, with shots of the building complex and the production process."], "abstract": ["Corporate film for the Stearine Candle Factory in Gouda, with shots of the building complex and the production process. The film ends with a shot of workers leaving the factory, which at the time was a familiar fixture of corporate films. This film, made by Willy Mullens in 1918, is illustrative of the many corporate films that Mullens produced for his companies 's-Gravenhaagsche Filmfabriek and Haghe Film. Royal Stearine Candle Factory in Gouda was one of the few films released by the production company Commerci\u00eble en Industri\u00eble Film (CIF), which after World War One focused on making corporate films to promote Dutch industries. Haghe Film was to produce the films, while the CIF would bring in the assignments and distribute the films. But little came of these efforts. After the release of The Royal Stearine Candle Factory in Gouda, the CIF died a quick and quiet death."], "publisher": ["EYE Filmmuseum", "https://www.openbeelden.nl/users/eye film instituut nederland"], "date": ["1918-01-01"], "type": ["Moving Image"], "extent": ["PT23M43S"], "medium": ["https://www.openbeelden.nl/files/06/87/687923.687329.36209_14160694_s01_Koninklijke_Stearine_Kaarsenfabriek_Gouda.mp4", "https://www.openbeelden.nl/files/06/87/687925.687329.36209_14160694_s01_Koninklijke_Stearine_Kaarsenfabriek_Gouda.webm", "https://www.openbeelden.nl/files/06/87/687917.687329.36209_14160694_s01_Koninklijke_Stearine_Kaarsenfabriek_Gouda.ogv", "https://www.openbeelden.nl/files/06/87/687919.687329.36209_14160694_s01_Koninklijke_Stearine_Kaarsenfabriek_Gouda.ogv", "https://www.openbeelden.nl/files/06/87/688044.687329.36209_14160694_s01_Koninklijke_Stearine_Kaarsenfabriek_Gouda.m3u8", "https://www.openbeelden.nl/files/06/87/687927.687329.36209_14160694_s01_Koninklijke_Stearine_Kaarsenfabriek_Gouda.ts", "https://www.openbeelden.nl/files/06/87/687899.687329.36209_14160694_s01_Koninklijke_Stearine_Kaarsenfabriek_Gouda.mpeg", "https://www.openbeelden.nl/images/690863/Koninklijke_Stearine_Kaarsenfabriek_Gouda_%2811_51%29.png"], "identifier": ["36209"], "language": ["en"], "references": [null], "mediator": [null], "spatial": ["Gouda", "Netherlands"], "attributionName": ["Mullens, Willy (director) / s-Gravenhaagsche Filmfabriek  (producer)"], "attributionURL": ["https://www.openbeelden.nl/media/687325"], "license": ["https://creativecommons.org/licenses/by-nc-sa/3.0/nl/"], "hasformat": ["film"]}