{"title": ["Spiegel van Nederland No. 5"], "alternative": [null], "creator": ["Unknown (director) / Haghe Film (producer)"], "subject": ["money", "printing", "floods", "cycling", "cars", "exhibitions", "Netherlands (Production Country)"], "description": ["A Dutch news film with sound, including items about a printing company in Haarlem that manufactures coins and banknotes for the domestic and foreign markets, and about flooded areas along the Vecht river in Overijssel."], "abstract": ["A Dutch news film with sound, including items about a printing company in Haarlem that manufactures coins and banknotes for the domestic and foreign markets, and about flooded areas along the Vecht river in Overijssel."], "publisher": ["EYE Filmmuseum", "https://www.openbeelden.nl/users/eye film instituut nederland"], "date": ["1959-01-01"], "type": ["Moving Image"], "extent": ["PT6M25S"], "medium": ["https://www.openbeelden.nl/files/06/88/689325.688619.62818_1411105286_s01_Spiegel_van_Nederland_No_5.mp4", "https://www.openbeelden.nl/files/06/88/689327.688619.62818_1411105286_s01_Spiegel_van_Nederland_No_5.webm", "https://www.openbeelden.nl/files/06/88/689319.688619.62818_1411105286_s01_Spiegel_van_Nederland_No_5.ogv", "https://www.openbeelden.nl/files/06/88/689321.688619.62818_1411105286_s01_Spiegel_van_Nederland_No_5.ogv", "https://www.openbeelden.nl/files/06/88/689353.688619.62818_1411105286_s01_Spiegel_van_Nederland_No_5.m3u8", "https://www.openbeelden.nl/files/06/88/689329.688619.62818_1411105286_s01_Spiegel_van_Nederland_No_5.ts", "https://www.openbeelden.nl/files/06/88/689301.688619.62818_1411105286_s01_Spiegel_van_Nederland_No_5.mpeg", "https://www.openbeelden.nl/images/690465/Spiegel_van_Nederland_No._5_%283_12%29.png"], "identifier": ["62818"], "language": ["en"], "references": [null], "mediator": [null], "spatial": ["Netherlands", "Haarlem", "Overijssel", "Wassenaar", "The Hague"], "attributionName": ["Unknown (director) / Haghe Film (producer)"], "attributionURL": ["https://www.openbeelden.nl/media/688615"], "license": ["https://creativecommons.org/licenses/by-nc-sa/3.0/nl/"], "hasformat": ["film"]}