{"title": ["Spiegel van Nederland No. 50"], "alternative": [null], "creator": ["Unknown (director) / Haghe Film (producer)"], "subject": ["Saint Nicholas Day festivities", "youth", "meetings", "castles", "water works", "flood barriers", "delta works", "demonstrations (marches)", "glass industry", "Netherlands (Production Country)"], "description": ["A Dutch news film with sound, including items about Sinterklaas, and about the construction and opening of the Dutch IJssel storm surge barrier."], "abstract": ["A Dutch news film with sound, including items about Sinterklaas, and about the construction and opening of the Dutch IJssel storm surge barrier."], "publisher": ["EYE Filmmuseum", "https://www.openbeelden.nl/users/eye film instituut nederland"], "date": ["1958-01-01"], "type": ["Moving Image"], "extent": ["PT5M35S"], "medium": ["https://www.openbeelden.nl/files/06/88/688926.688607.62820_1411105281_s01_Spiegel_van_Nederland_No_50.mp4", "https://www.openbeelden.nl/files/06/88/688928.688607.62820_1411105281_s01_Spiegel_van_Nederland_No_50.webm", "https://www.openbeelden.nl/files/06/88/688920.688607.62820_1411105281_s01_Spiegel_van_Nederland_No_50.ogv", "https://www.openbeelden.nl/files/06/88/688922.688607.62820_1411105281_s01_Spiegel_van_Nederland_No_50.ogv", "https://www.openbeelden.nl/files/06/88/688950.688607.62820_1411105281_s01_Spiegel_van_Nederland_No_50.m3u8", "https://www.openbeelden.nl/files/06/88/688930.688607.62820_1411105281_s01_Spiegel_van_Nederland_No_50.ts", "https://www.openbeelden.nl/files/06/88/688901.688607.62820_1411105281_s01_Spiegel_van_Nederland_No_50.mpeg", "https://www.openbeelden.nl/images/690463/Spiegel_van_Nederland_No._50_%282_47%29.png"], "identifier": ["62820"], "language": ["en"], "references": [null], "mediator": [null], "spatial": ["Netherlands", "South Holland", "Hollandse Ijssel", "North Holland", "Amsterdam"], "attributionName": ["Unknown (director) / Haghe Film (producer)"], "attributionURL": ["https://www.openbeelden.nl/media/688603"], "license": ["https://creativecommons.org/licenses/by-nc-sa/3.0/nl/"], "hasformat": ["film"]}