{"title": ["Herfst en wintermode"], "alternative": ["Weeknummer 63-35"], "creator": ["Polygoon-Profilti (producent) / Nederlands Instituut voor Beeld en Geluid (beheerder)"], "subject": ["modeshows"], "description": ["Bioscoopjournaals waarin Nederlandse onderwerpen van een bepaalde week worden gepresenteerd."], "abstract": ["Modeshow in het vondelpark-paviljoen te Amsterdam met herfst- en winterkleding, oa wollen truien, een nylon avondjapon, een wollen mohair poncho, een mantel van imitatiebont, een mantel van ruittweed, een poplin-regencombinatie met bijpassende muts en laarzen en een nylon deux-pi\u00e8ces."], "publisher": ["Nederlands Instituut voor Beeld en Geluid", "https://www.openbeelden.nl/users/beeldengeluid"], "contributor": ["Bloemendal, Philip (commentaar)"], "date": ["1963-08-01"], "type": ["Moving Image"], "extent": ["PT1M45S"], "medium": ["https://www.openbeelden.nl/files/06/97/697030.697019.WEEKNUMMER633-HRE0000D206_1902200_2007320.mp4", "https://www.openbeelden.nl/files/06/97/697032.697019.WEEKNUMMER633-HRE0000D206_1902200_2007320.mp4", "https://www.openbeelden.nl/files/06/97/697019.WEEKNUMMER633-HRE0000D206_1902200_2007320.mp4", "https://www.openbeelden.nl/files/06/97/697034.697019.WEEKNUMMER633-HRE0000D206_1902200_2007320.webm", "https://www.openbeelden.nl/files/06/97/697026.697019.WEEKNUMMER633-HRE0000D206_1902200_2007320.ogv", "https://www.openbeelden.nl/files/06/97/697028.697019.WEEKNUMMER633-HRE0000D206_1902200_2007320.ogv", "https://www.openbeelden.nl/files/06/97/697140.697019.WEEKNUMMER633_HRE0000D206_1902200_2007320.m3u8", "https://www.openbeelden.nl/files/06/97/697036.697019.WEEKNUMMER633-HRE0000D206_1902200_2007320.ts", "https://www.openbeelden.nl/files/06/97/697022.697019.WEEKNUMMER633-HRE0000D206_1902200_2007320.mpeg", "https://www.openbeelden.nl/images/697302/Herfst_en_wintermode_%280_52%29.png"], "identifier": ["517754"], "source": ["WEEKNUMMER633-HRE0000D206"], "language": ["nl"], "references": [null], "mediator": ["Wikimedia Commons"], "spatial": ["Amsterdam", "Nederland"], "attributionName": ["Polygoon-Profilti (producent) / Nederlands Instituut voor Beeld en Geluid (beheerder)"], "attributionURL": ["https://www.openbeelden.nl/media/697020"], "license": ["https://creativecommons.org/licenses/by-sa/3.0/nl/"], "hasformat": ["film"]}