{"title": ["Nederland maakt kennis met nieuwe herenmode"], "alternative": ["Weeknummer 56-38"], "creator": ["Polygoon-Profilti (producent) / Nederlands Instituut voor Beeld en Geluid (beheerder)"], "subject": ["modeshows", "RAI (tentoonstellingsgebouw)"], "description": ["Bioscoopjournaals waarin Nederlandse onderwerpen van een bepaalde week worden gepresenteerd."], "abstract": ["Elfde herenmodebeurs \"Heer in Holland\" in de RAI te Amsterdam, met oa jasjes van dubbele corduroy, een colbert in Schotse ruit van kamgaren, Italiaanse sporttruien, een overhemdvest van imitatie-su\u00e8de, autojekkers, dassen en een nylon regenjas verpakt in een pet."], "publisher": ["Nederlands Instituut voor Beeld en Geluid", "https://www.openbeelden.nl/users/beeldengeluid"], "contributor": ["Bloemendal, Philip (commentaar)"], "date": ["1956-09-10"], "type": ["Moving Image"], "extent": ["PT1M37S"], "medium": ["https://www.openbeelden.nl/files/06/99/699777.699766.WEEKNUMMER563-HRE0000D648_2734560_2832000.mp4", "https://www.openbeelden.nl/files/06/99/699779.699766.WEEKNUMMER563-HRE0000D648_2734560_2832000.mp4", "https://www.openbeelden.nl/files/06/99/699766.WEEKNUMMER563-HRE0000D648_2734560_2832000.mp4", "https://www.openbeelden.nl/files/06/99/699781.699766.WEEKNUMMER563-HRE0000D648_2734560_2832000.webm", "https://www.openbeelden.nl/files/06/99/699773.699766.WEEKNUMMER563-HRE0000D648_2734560_2832000.ogv", "https://www.openbeelden.nl/files/06/99/699775.699766.WEEKNUMMER563-HRE0000D648_2734560_2832000.ogv", "https://www.openbeelden.nl/files/06/99/699830.699766.WEEKNUMMER563_HRE0000D648_2734560_2832000.m3u8", "https://www.openbeelden.nl/files/06/99/699783.699766.WEEKNUMMER563-HRE0000D648_2734560_2832000.ts", "https://www.openbeelden.nl/files/06/99/699769.699766.WEEKNUMMER563-HRE0000D648_2734560_2832000.mpeg", "https://www.openbeelden.nl/images/699849/Nederland_maakt_kennis_met_nieuwe_herenmode_%280_48%29.png"], "identifier": ["522817"], "source": ["WEEKNUMMER563-HRE0000D648"], "language": ["nl"], "references": [null], "mediator": ["Wikimedia Commons"], "spatial": ["Amsterdam", "Nederland"], "attributionName": ["Polygoon-Profilti (producent) / Nederlands Instituut voor Beeld en Geluid (beheerder)"], "attributionURL": ["https://www.openbeelden.nl/media/699767"], "license": ["https://creativecommons.org/licenses/by-sa/3.0/nl/"], "hasformat": ["film"]}