{"title": ["Bezoek van het Engelse muziekkorps van het Leger des Heils"], "alternative": ["Weeknummer 24-35"], "creator": ["Polygoon-Profilti (producent) / Nederlands Instituut voor Beeld en Geluid (beheerder)"], "subject": ["fietsen", "muziekkorpsen", "optochten", "publiek", "Leger des Heils"], "description": ["Bioscoopjournaals waarin Nederlandse onderwerpen van een bepaalde week worden gepresenteerd."], "abstract": ["Hoog totaalshot muziekkorps vh Leger des Heils uit Engeland loopt onder de camera door. Ervoor en erachter meelopend en fietsend publiek."], "publisher": ["Nederlands Instituut voor Beeld en Geluid", "https://www.openbeelden.nl/users/beeldengeluid"], "date": ["1925-08-04"], "type": ["Moving Image"], "extent": ["PT28S"], "medium": ["https://www.openbeelden.nl/files/07/00/700555.700544.WEEKNUMMER243-HRE00015755_895520_923760.mp4", "https://www.openbeelden.nl/files/07/00/700557.700544.WEEKNUMMER243-HRE00015755_895520_923760.mp4", "https://www.openbeelden.nl/files/07/00/700544.WEEKNUMMER243-HRE00015755_895520_923760.mp4", "https://www.openbeelden.nl/files/07/00/700559.700544.WEEKNUMMER243-HRE00015755_895520_923760.webm", "https://www.openbeelden.nl/files/07/00/700551.700544.WEEKNUMMER243-HRE00015755_895520_923760.ogv", "https://www.openbeelden.nl/files/07/00/700553.700544.WEEKNUMMER243-HRE00015755_895520_923760.ogv", "https://www.openbeelden.nl/files/07/00/700619.700544.WEEKNUMMER243_HRE00015755_895520_923760.m3u8", "https://www.openbeelden.nl/files/07/00/700561.700544.WEEKNUMMER243-HRE00015755_895520_923760.ts", "https://www.openbeelden.nl/files/07/00/700547.700544.WEEKNUMMER243-HRE00015755_895520_923760.mpeg", "https://www.openbeelden.nl/images/700853/Bezoek_van_het_Engelse_muziekkorps_van_het_Leger_des_Heils_%280_14%29.png"], "identifier": ["512210"], "source": ["WEEKNUMMER243-HRE00015755."], "language": ["nl"], "references": [null], "mediator": ["Wikimedia Commons"], "spatial": ["Baarn", "Nederland"], "attributionName": ["Polygoon-Profilti (producent) / Nederlands Instituut voor Beeld en Geluid (beheerder)"], "attributionURL": ["https://www.openbeelden.nl/media/700545"], "license": ["https://creativecommons.org/publicdomain/mark/1.0/"], "hasformat": ["film"]}