{"title": ["Overdracht aan Nederland en Belgi\u00eb van de Nederlandse Gloster Meteor straaljagers op Schiphol "], "alternative": ["Weeknummer 50-42"], "creator": ["Polygoon-Profilti (producent) / Nederlands Instituut voor Beeld en Geluid (beheerder)"], "subject": ["militairen", "ministers", "vliegtuigindustrie", "straaljagers", "Fokker", "Gloster Meteor"], "description": ["Bioscoopjournaals waarin Nederlandse onderwerpen van een bepaalde week worden gepresenteerd."], "abstract": ["De Fokker-vliegtuigfabrieken zullen in licentie 300 Gloster Meteor straaljagers gaan bouwen. Van dit Engelse toestel zijn er 150 bedoeld voor de Belgische luchtmacht en 150 voor de Nederlandse. Bij Fokker op Schiphol is een gezelschap hoge Belgische en Nederlandse burgerlijke en militaire autoriteiten bijeengekomen om het contract te tekenen. Voor Nederland tekent de minister van Oorlog, mr. H.L. s' Jacob, voor Belgi\u00eb generaal De Bock(?). SHOTS: Het gezelschap staat en loopt wat rond in een grote hal en onderhoudt zich informeel met elkaar en bezichtigen daarna in een andere hal een aantal Fokker S-11 lesvliegtuigen en een aantal Meteors, gevolgd door de ondertekening van het contract."], "publisher": ["Nederlands Instituut voor Beeld en Geluid", "https://www.openbeelden.nl/users/beeldengeluid"], "date": ["1950-10-17"], "type": ["Moving Image"], "extent": ["PT1M9S"], "medium": ["https://www.openbeelden.nl/files/07/00/700900.700815.WEEKNUMMER504-HRE00016B82_825360_894720.mp4", "https://www.openbeelden.nl/files/07/00/700902.700815.WEEKNUMMER504-HRE00016B82_825360_894720.mp4", "https://www.openbeelden.nl/files/07/00/700815.WEEKNUMMER504-HRE00016B82_825360_894720.mp4", "https://www.openbeelden.nl/files/07/00/700904.700815.WEEKNUMMER504-HRE00016B82_825360_894720.webm", "https://www.openbeelden.nl/files/07/00/700896.700815.WEEKNUMMER504-HRE00016B82_825360_894720.ogv", "https://www.openbeelden.nl/files/07/00/700898.700815.WEEKNUMMER504-HRE00016B82_825360_894720.ogv", "https://www.openbeelden.nl/files/07/00/701001.700815.WEEKNUMMER504_HRE00016B82_825360_894720.m3u8", "https://www.openbeelden.nl/files/07/00/700906.700815.WEEKNUMMER504-HRE00016B82_825360_894720.ts", "https://www.openbeelden.nl/files/07/00/700818.700815.WEEKNUMMER504-HRE00016B82_825360_894720.mpeg", "https://www.openbeelden.nl/images/702823/Overdracht_aan_Nederland_en_Belgi%C3%AB_van_de_Nederlandse_Gloster_Meteor_straaljagers_op_Schiphol_%280_34%29.png"], "identifier": ["512498"], "source": ["WEEKNUMMER504-HRE00016B82"], "language": ["nl"], "references": [null], "mediator": ["Wikimedia Commons"], "spatial": ["Amsterdam", "Belgi\u00eb", "Nederland"], "attributionName": ["Polygoon-Profilti (producent) / Nederlands Instituut voor Beeld en Geluid (beheerder)"], "attributionURL": ["https://www.openbeelden.nl/media/700816"], "license": ["https://creativecommons.org/licenses/by-sa/3.0/nl/"], "hasformat": ["film"]}