{"title": ["Orkaan over Nederland"], "alternative": ["Weeknummer 49-09"], "creator": ["Polygoon-Profilti (producent) / Nederlands Instituut voor Beeld en Geluid (beheerder)"], "subject": ["bergingen", "orkanen", "reddingsboten", "schepen", "strandingen"], "description": ["Bioscoopjournaals waarin Nederlandse onderwerpen van een bepaalde week worden gepresenteerd."], "abstract": ["Door een vliegende storm is de Zweedse koopvaarder \"C.A. Banck\" gestrand op het Bloemendaalse strand. \u00a0SHOTS: - hoge golven met schuimkoppen aan de kust; sleepboot worstelt met de golven; - div. ext. van het op het strand vastzittende Zweedse schip; - bemanning verlaat het schip via touwladder en gaat aan boord van de Zandvoortse reddingsboot die hen naar het strand brengt; - veel publieke belangstelling voor de redding en later, bij eb, voor het op het droge liggende schip; - div. shots van pogingen tot berging bij hoog water: het zand om het schip heen wordt met slangen weggezogen; sleepboten op zee trekken aan het schip; publiek op het strand zwaait ernaar."], "publisher": ["Nederlands Instituut voor Beeld en Geluid", "https://www.openbeelden.nl/users/beeldengeluid"], "date": ["1949-03-01"], "type": ["Moving Image"], "extent": ["PT1M39S"], "medium": ["https://www.openbeelden.nl/files/07/00/701012.700856.WEEKNUMMER490-HRE0001B7C0_955680_1055640.mp4", "https://www.openbeelden.nl/files/07/00/701014.700856.WEEKNUMMER490-HRE0001B7C0_955680_1055640.mp4", "https://www.openbeelden.nl/files/07/00/700856.WEEKNUMMER490-HRE0001B7C0_955680_1055640.mp4", "https://www.openbeelden.nl/files/07/00/701016.700856.WEEKNUMMER490-HRE0001B7C0_955680_1055640.webm", "https://www.openbeelden.nl/files/07/00/701008.700856.WEEKNUMMER490-HRE0001B7C0_955680_1055640.ogv", "https://www.openbeelden.nl/files/07/00/701010.700856.WEEKNUMMER490-HRE0001B7C0_955680_1055640.ogv", "https://www.openbeelden.nl/files/07/00/701153.700856.WEEKNUMMER490_HRE0001B7C0_955680_1055640.m3u8", "https://www.openbeelden.nl/files/07/00/701018.700856.WEEKNUMMER490-HRE0001B7C0_955680_1055640.ts", "https://www.openbeelden.nl/files/07/00/700938.700856.WEEKNUMMER490-HRE0001B7C0_955680_1055640.mpeg", "https://www.openbeelden.nl/images/702820/Orkaan_over_Nederland_%280_49%29.png"], "identifier": ["513220"], "source": ["WEEKNUMMER490-HRE0001B7C0"], "language": ["nl"], "references": [null], "mediator": ["Wikimedia Commons"], "spatial": ["Bloemendaal", "Nederland"], "attributionName": ["Polygoon-Profilti (producent) / Nederlands Instituut voor Beeld en Geluid (beheerder)"], "attributionURL": ["https://www.openbeelden.nl/media/700857"], "license": ["https://creativecommons.org/licenses/by-sa/3.0/nl/"], "hasformat": ["film"]}