{"title": ["Modeshow van leerlingen der Rotterdamse Academie voor Beeldende Kunst"], "alternative": ["Weeknummer 60-19"], "creator": ["Polygoon-Profilti (producent) / Nederlands Instituut voor Beeld en Geluid (beheerder)"], "subject": ["modeshows", "modevakscholen"], "description": ["Bioscoopjournaals waarin Nederlandse onderwerpen van een bepaalde week worden gepresenteerd."], "abstract": ["Modeshow van derdejaars leerlingen van de faculteit Mode van de Rotterdamse Academie voor Beeldende Kunsten. Met beelden van het ontwerpen en fabriceren van de kleding."], "publisher": ["Nederlands Instituut voor Beeld en Geluid", "https://www.openbeelden.nl/users/beeldengeluid"], "contributor": ["Bloemendal, Philip (commentaar)"], "date": ["1960-04-21"], "type": ["Moving Image"], "extent": ["PT1M18S"], "medium": ["https://www.openbeelden.nl/files/07/00/701309.700968.WEEKNUMMER601-HRE00013642_1559960_1638600.mp4", "https://www.openbeelden.nl/files/07/00/701311.700968.WEEKNUMMER601-HRE00013642_1559960_1638600.mp4", "https://www.openbeelden.nl/files/07/00/700968.WEEKNUMMER601-HRE00013642_1559960_1638600.mp4", "https://www.openbeelden.nl/files/07/00/701313.700968.WEEKNUMMER601-HRE00013642_1559960_1638600.webm", "https://www.openbeelden.nl/files/07/00/701305.700968.WEEKNUMMER601-HRE00013642_1559960_1638600.ogv", "https://www.openbeelden.nl/files/07/00/701307.700968.WEEKNUMMER601-HRE00013642_1559960_1638600.ogv", "https://www.openbeelden.nl/files/07/00/701361.700968.WEEKNUMMER601_HRE00013642_1559960_1638600.m3u8", "https://www.openbeelden.nl/files/07/00/701315.700968.WEEKNUMMER601-HRE00013642_1559960_1638600.ts", "https://www.openbeelden.nl/files/07/00/701239.700968.WEEKNUMMER601-HRE00013642_1559960_1638600.mpeg", "https://www.openbeelden.nl/images/702812/Modeshow_van_leerlingen_der_Rotterdamse_Academie_voor_Beeldende_Kunst_%280_39%29.png"], "identifier": ["515770"], "source": ["WEEKNUMMER601-HRE00013642"], "language": ["nl"], "references": [null], "mediator": ["Wikimedia Commons"], "spatial": ["Nederland", "Rotterdam"], "attributionName": ["Polygoon-Profilti (producent) / Nederlands Instituut voor Beeld en Geluid (beheerder)"], "attributionURL": ["https://www.openbeelden.nl/media/700969"], "license": ["https://creativecommons.org/licenses/by-sa/3.0/nl/"], "hasformat": ["film"]}