{"title": ["Staatsbosbeheer jubileert"], "alternative": ["Weeknummer 49-35"], "creator": ["Polygoon-Profilti (producent) / Nederlands Instituut voor Beeld en Geluid (beheerder)"], "subject": ["bomen", "bosbouw", "bossen", "jubilea", "Staatsbosbeheer"], "description": ["Bioscoopjournaals waarin Nederlandse onderwerpen van een bepaalde week worden gepresenteerd."], "abstract": ["Tgv het vijftigjarig bestaan van Staatsbosbeheer aandacht voor enkele activiteiten van deze instelling. SHOTS: - sfeershots van div. bossen; - medewerker raapt in een bos sparappels van de grond en verzamelt ze;\u00a0- in een kwekerij worden de sparappels geplant in kweekbedden; - op een ander stok grond in dezelfde kwekerij zijn de daar twee jaar geleden geplante sparappels uitgegroeid tot kleine sparreboompjes; - in een bos wordt een stuk grond omgeploegd; - in de kwekerij worden de jonge boompjes uitgestoken en daarna op het omgeploegde stuk grond opnieuw geplant; - houthakkers vellen, villen en verzagen bomen en stapelen de stammen op; - een brandtoren steekt hoog boven de bomen uit; hoog shot en pan vanaf de brandtoren over de kruinen van de omringende bomen."], "publisher": ["Nederlands Instituut voor Beeld en Geluid", "https://www.openbeelden.nl/users/beeldengeluid"], "date": ["1949-08-14"], "type": ["Moving Image"], "extent": ["PT1M51S"], "medium": ["https://www.openbeelden.nl/files/07/01/702674.701284.WEEKNUMMER493-HRE0000DF34_1416160_1527360.mp4", "https://www.openbeelden.nl/files/07/01/702676.701284.WEEKNUMMER493-HRE0000DF34_1416160_1527360.mp4", "https://www.openbeelden.nl/files/07/01/701284.WEEKNUMMER493-HRE0000DF34_1416160_1527360.mp4", "https://www.openbeelden.nl/files/07/01/702678.701284.WEEKNUMMER493-HRE0000DF34_1416160_1527360.webm", "https://www.openbeelden.nl/files/07/01/702670.701284.WEEKNUMMER493-HRE0000DF34_1416160_1527360.ogv", "https://www.openbeelden.nl/files/07/01/702672.701284.WEEKNUMMER493-HRE0000DF34_1416160_1527360.ogv", "https://www.openbeelden.nl/files/07/01/702729.701284.WEEKNUMMER493_HRE0000DF34_1416160_1527360.m3u8", "https://www.openbeelden.nl/files/07/01/702680.701284.WEEKNUMMER493-HRE0000DF34_1416160_1527360.ts", "https://www.openbeelden.nl/files/07/01/702643.701284.WEEKNUMMER493-HRE0000DF34_1416160_1527360.mpeg", "https://www.openbeelden.nl/images/702830/Staatsbosbeheer_jubileert_%280_55%29.png"], "identifier": ["516431"], "source": ["WEEKNUMMER493-HRE0000DF34"], "language": ["nl"], "references": [null], "mediator": ["Wikimedia Commons"], "spatial": ["Nederland", "Veluwe"], "attributionName": ["Polygoon-Profilti (producent) / Nederlands Instituut voor Beeld en Geluid (beheerder)"], "attributionURL": ["https://www.openbeelden.nl/media/701285"], "license": ["https://creativecommons.org/licenses/by-sa/3.0/nl/"], "hasformat": ["film"]}