{"title": ["Vertrek van de ''Hertog Hendrik''"], "alternative": ["Weeknummer 37-03"], "creator": ["Polygoon-Profilti (producent) / Nederlands Instituut voor Beeld en Geluid (beheerder)"], "subject": ["onderzee\u00ebrs", "schepen", "oorlogsschepen", "Koninklijke Marine", "Vening Meinesz, Felix Andries"], "description": ["Bioscoopjournaals waarin Nederlandse onderwerpen van een bepaalde week worden gepresenteerd."], "abstract": ["Het vertrek van het motorschip de \"Hertog Hendrik\" en de duikboot \"O16\" uit de haven van Den Helder voor een reis van drie maanden. Onder de aanwezigen op de onderzee\u00ebr professor F.A. Vening Meinesz, die reeds met de onderzee\u00ebr K18 een reis maakte van acht maanden. SHOTS: - onderzee\u00ebr wordt gereedgemaakt. Mediumshots onderzee\u00ebr (met opschrift \"16\"); - F.A. Vening Meinesz stapt aan boord van de onderzee\u00ebr en wordt begroet door de kapitein. Cu Vening Meinesz; - kapitein neemt afscheid van zijn gezin; - de bemanning in gelid op onderzee\u00ebr; - vertrek onderzeeboot uit haven, uitgezwaaid door mensen aan wal; - vertrek \"Hertog Hendrik\" uit de haven."], "publisher": ["Nederlands Instituut voor Beeld en Geluid", "https://www.openbeelden.nl/users/beeldengeluid"], "date": ["1937-01-01"], "type": ["Moving Image"], "extent": ["PT1M44S"], "medium": ["https://www.openbeelden.nl/files/07/03/703812.703796.WEEKNUMMER370-HRE0001DC08_2417520_2522000.mp4", "https://www.openbeelden.nl/files/07/03/703814.703796.WEEKNUMMER370-HRE0001DC08_2417520_2522000.mp4", "https://www.openbeelden.nl/files/07/03/703796.WEEKNUMMER370-HRE0001DC08_2417520_2522000.mp4", "https://www.openbeelden.nl/files/07/03/703816.703796.WEEKNUMMER370-HRE0001DC08_2417520_2522000.webm", "https://www.openbeelden.nl/files/07/03/703808.703796.WEEKNUMMER370-HRE0001DC08_2417520_2522000.ogv", "https://www.openbeelden.nl/files/07/03/703810.703796.WEEKNUMMER370-HRE0001DC08_2417520_2522000.ogv", "https://www.openbeelden.nl/files/07/03/703914.703796.WEEKNUMMER370_HRE0001DC08_2417520_2522000.m3u8", "https://www.openbeelden.nl/files/07/03/703818.703796.WEEKNUMMER370-HRE0001DC08_2417520_2522000.ts", "https://www.openbeelden.nl/files/07/03/703799.703796.WEEKNUMMER370-HRE0001DC08_2417520_2522000.mpeg", "https://www.openbeelden.nl/images/703865/Vertrek_van_de_%27%27Hertog_Hendrik%27%27_%280_52%29.png"], "identifier": ["521948"], "source": ["WEEKNUMMER370-HRE0001DC08"], "language": ["nl"], "references": [null], "mediator": ["Wikimedia Commons"], "spatial": ["Den Helder", "Nederland"], "attributionName": ["Polygoon-Profilti (producent) / Nederlands Instituut voor Beeld en Geluid (beheerder)"], "attributionURL": ["https://www.openbeelden.nl/media/703797"], "license": ["https://creativecommons.org/publicdomain/mark/1.0/"], "hasformat": ["film"]}