{"title": ["G\u00fclers Travels 5"], "alternative": ["Interview met Mevlut en Bilal \u00c7aki"], "creator": ["Imagine IC "], "description": ["In 2012 vieren Nederland en Turkije dat zij 400 jaar geleden handelsbetrekkingen met elkaar aanknoopten. Vooral in de laatste vijftig jaar hiervan, kwamen er veel Turken naar Nederland. Om hier te werken en vooral: te ondernemen. De Turkse bakker, de Turkse groenteboer en het Turkse restaurant werden populair. Turks ondernemerschap is intussen in Nederland getalsmatig het belangrijkste 'etnisch' ondernemerschap. Daarbij hebben de ondernemers een groeiend aandeel in sectoren en markten die niet als \u2018etnisch\u2019 worden gezien. Zij hebben restaurants en nagelstudio\u2019s, maar ook ict-bedrijven en luchtvaartmaatschappijen. Samen genereren zij stevige opbrengsten en leveren zij, in tijden van crisis, een frisse bijdrage aan het actuele debat over de kosten van migratie."], "abstract": ["Het interview met Mevlut en Bilal \u00c7aki die samen eigenaar zijn van Bilal Chicken Centre BV. Vader en zoon runnen samen het bedrijf dat is gespecialiseerd in het verwerken en produceren van Halal pluimveeproducten."], "publisher": ["Imagine IC  ", "https://www.openbeelden.nl/users/imagineic"], "date": ["2014-04-17"], "type": ["Moving Image"], "extent": ["PT4M43S"], "medium": ["https://www.openbeelden.nl/files/07/07/707459.707444.BILAL_CHICKEN.mp4", "https://www.openbeelden.nl/files/07/07/707461.707444.BILAL_CHICKEN.mp4", "https://www.openbeelden.nl/files/07/07/707463.707444.BILAL_CHICKEN.webm", "https://www.openbeelden.nl/files/07/07/707455.707444.BILAL_CHICKEN.ogv", "https://www.openbeelden.nl/files/07/07/707457.707444.BILAL_CHICKEN.ogv", "https://www.openbeelden.nl/files/07/07/707499.707444.BILAL_CHICKEN.m3u8", "https://www.openbeelden.nl/files/07/07/707465.707444.BILAL_CHICKEN.ts", "https://www.openbeelden.nl/files/07/07/707447.707444.BILAL_CHICKEN.mpeg", "https://www.openbeelden.nl/images/707467/G%C3%BClers_Travels_5_%282_21%29.png"], "language": ["nl"], "references": [null], "mediator": [null], "attributionName": ["Imagine IC "], "attributionURL": ["https://www.openbeelden.nl/media/707445"], "license": ["https://creativecommons.org/licenses/by-nc-nd/3.0/nl/"]}