{"title": ["Grote sterns op de Hollumer Kwelder en Vogelpolle"], "alternative": [null], "creator": ["Natuur Digitaal (Marc Plomp); Stichting Natuurbeelden"], "subject": ["Larus ridibundus", "Sterna sandvicensis", "bewolkt", "broeden", "buitenopname", "close", "dag", "eb", "getijdengebieden", "grote sterns", "kokmeeuwen", "landschappen", "natuurbeleving", "natuurgebied", "totaal", "varen", "vliegen", "zitten", "zomer"], "description": ["Clip gemaakt in de Nederlandse natuur uit de collectie van Stichting Natuurbeelden (www.natuurbeelden.nl)."], "abstract": ["Zeilboot en rondvaartboot achter de grote sternkolonie van de Vogelpolle."], "publisher": ["Stichting  Natuurbeelden", "https://www.openbeelden.nl/users/stichting_natuurbeelden"], "contributor": ["Plomp, Marc (camera)"], "date": ["2012-06-03"], "type": ["Moving Image"], "extent": ["PT5M45S"], "medium": ["https://www.openbeelden.nl/files/07/12/712918.712850.000011AMELAND-NAT00Z02Y9N.mp4", "https://www.openbeelden.nl/files/07/12/712920.712850.000011AMELAND-NAT00Z02Y9N.mp4", "https://www.openbeelden.nl/files/07/12/712850.000011AMELAND-NAT00Z02Y9N.mp4", "https://www.openbeelden.nl/files/07/12/712922.712850.000011AMELAND-NAT00Z02Y9N.webm", "https://www.openbeelden.nl/files/07/12/712914.712850.000011AMELAND-NAT00Z02Y9N.ogv", "https://www.openbeelden.nl/files/07/12/712916.712850.000011AMELAND-NAT00Z02Y9N.ogv", "https://www.openbeelden.nl/files/07/12/712939.712850.000011AMELAND_NAT00Z02Y9N.m3u8", "https://www.openbeelden.nl/files/07/12/712924.712850.000011AMELAND-NAT00Z02Y9N.ts", "https://www.openbeelden.nl/files/07/12/712880.712850.000011AMELAND-NAT00Z02Y9N.mpeg", "https://www.openbeelden.nl/images/713000/Grote_sterns_op_de_Hollumer_Kwelder_en_Vogelpolle_%282_52%29.png"], "identifier": ["4804246"], "source": ["000011AMELAND-NAT00Z02Y9N"], "language": ["nl"], "references": [null], "mediator": [null], "spatial": ["Waddenzee", "Nederland", "Ameland", "Hollumer Kwelder", "Friesland"], "attributionName": ["Natuur Digitaal (Marc Plomp); Stichting Natuurbeelden"], "attributionURL": ["https://www.openbeelden.nl/media/712846"], "license": ["https://creativecommons.org/licenses/by-sa/3.0/nl/"], "hasformat": ["magnetictape"]}