{"title": ["Gele kwikstaart op de bollen"], "alternative": [null], "creator": ["Natuur Digitaal (Marc Plomp); Stichting Natuurbeelden"], "subject": ["bloembollenveld", "buitenopname", "close", "cultuurlandschappen", "dag", "fauna", "gele kwikstaarten", "grasland", "keukenhof", "motacilla flava", "totaal", "tulpenbollen", "vogels", "voorjaar", "wegvliegen", "weidevogel", "wijd", "zitten", "zonnig"], "description": ["Clip gemaakt in de Nederlandse natuur uit de collectie van Stichting Natuurbeelden (www.natuurbeelden.nl)."], "abstract": ["Gele kwikstaart in het weiland en op de bloembollen."], "publisher": ["Stichting  Natuurbeelden", "https://www.openbeelden.nl/users/stichting_natuurbeelden"], "contributor": ["Plomp, Marc (camera)"], "date": ["2013-05-16"], "type": ["Moving Image"], "extent": ["PT4M0S"], "medium": ["https://www.openbeelden.nl/files/07/13/713731.713615.0001GELEKWIKS-NAT00Z03NVU.mp4", "https://www.openbeelden.nl/files/07/13/713733.713615.0001GELEKWIKS-NAT00Z03NVU.mp4", "https://www.openbeelden.nl/files/07/13/713615.0001GELEKWIKS-NAT00Z03NVU.mp4", "https://www.openbeelden.nl/files/07/13/713735.713615.0001GELEKWIKS-NAT00Z03NVU.webm", "https://www.openbeelden.nl/files/07/13/713727.713615.0001GELEKWIKS-NAT00Z03NVU.ogv", "https://www.openbeelden.nl/files/07/13/713729.713615.0001GELEKWIKS-NAT00Z03NVU.ogv", "https://www.openbeelden.nl/files/07/13/713811.713615.0001GELEKWIKS_NAT00Z03NVU.m3u8", "https://www.openbeelden.nl/files/07/13/713737.713615.0001GELEKWIKS-NAT00Z03NVU.ts", "https://www.openbeelden.nl/files/07/13/713645.713615.0001GELEKWIKS-NAT00Z03NVU.mpeg", "https://www.openbeelden.nl/images/714151/Gele_kwikstaart_op_de_bollen_%282_00%29.png"], "identifier": ["4961574"], "source": ["0001GELEKWIKS-NAT00Z03NVU"], "language": ["nl"], "references": [null], "mediator": [null], "spatial": ["Nederland", "Texel", "Eierland", "Noord-Holland"], "attributionName": ["Natuur Digitaal (Marc Plomp); Stichting Natuurbeelden"], "attributionURL": ["https://www.openbeelden.nl/media/713611"], "license": ["https://creativecommons.org/licenses/by-sa/3.0/nl/"], "hasformat": ["magnetictape"]}