{"title": ["Efficiencydag voor kleermakers", "Efficiency day for tailors"], "alternative": ["Weeknummer 52-13", "Week number 52-13"], "creator": ["Polygoon-Profilti (producent) / Nederlands Instituut voor Beeld en Geluid (beheerder)", "Polygoon-Profilti (producer) / Netherlands Institute for Sound and Vision (curator)"], "subject": ["demonstraties", "kleding", "kleermakers", "demonstrations", "clothing", "tailors"], "description": ["Bioscoopjournaals waarin Nederlandse onderwerpen van een bepaalde week worden gepresenteerd.", "Newsreels in which Dutch subjects of a certain week are presented."], "abstract": ["In een zaal vol collega's in de Haagse dierentuin demonstreert een Nederlandse kleermaker, bijgestaan door een assistente, een nieuwe, meer economische werkwijze om een maatkostuum goedkoper en sneller te kunnen maken.", "A Dutch tailor demonstrates a new, more economical way to make a fitted costume in the zoo in the Hague. In a room full of colleagues and helped by his assistent he shows how to make the costume cheaper and quicker."], "publisher": ["Nederlands Instituut voor Beeld en Geluid", "https://www.openbeelden.nl/users/beeldengeluid"], "date": ["1952-03-01"], "type": ["Moving Image"], "extent": ["PT1M27S"], "medium": ["https://www.openbeelden.nl/files/71/71389.71376.WEEKNUMMER521-HRE0001D388.mp4", "https://www.openbeelden.nl/files/71/71391.71376.WEEKNUMMER521-HRE0001D388.mp4", "https://www.openbeelden.nl/files/71/71393.71376.WEEKNUMMER521-HRE0001D388.webm", "https://www.openbeelden.nl/files/71/71385.71376.WEEKNUMMER521-HRE0001D388.ogv", "https://www.openbeelden.nl/files/71/71387.71376.WEEKNUMMER521-HRE0001D388.ogv", "https://www.openbeelden.nl/files/71/71426.71376.WEEKNUMMER521_HRE0001D388.m3u8", "https://www.openbeelden.nl/files/71/71395.71376.WEEKNUMMER521-HRE0001D388.ts", "https://www.openbeelden.nl/files/71/71379.71376.WEEKNUMMER521-HRE0001D388.mpeg", "https://www.openbeelden.nl/files/71/71376.WEEKNUMMER521-HRE0001D388.mpg", "https://www.openbeelden.nl/images/604136/Efficiencydag_voor_kleermakers_%280_43%29.png"], "identifier": ["508320"], "source": ["WEEKNUMMER521-HRE0001D388"], "language": ["nl"], "references": [null], "mediator": ["Wikimedia Commons"], "spatial": ["Den Haag", "Nederland", "The Hague", "Netherlands"], "attributionName": ["Polygoon-Profilti (producent) / Nederlands Instituut voor Beeld en Geluid (beheerder)"], "attributionURL": ["https://www.openbeelden.nl/media/71377"], "license": ["https://creativecommons.org/licenses/by-sa/3.0/nl/"]}