{"title": ["Eiders met jongen"], "alternative": [null], "creator": ["Natuur Digitaal (Marc Plomp); Stichting Natuurbeelden"], "subject": ["bewaken", "bewolkt", "buitenopname", "close", "creche", "cultuurlandschappen", "dag", "donsjong", "duiken", "eiders", "fauna", "lief", "somateria mollissima", "totaal", "vogels", "voorjaar", "zwemmen"], "description": ["Clip gemaakt in de Nederlandse natuur uit de collectie van Stichting Natuurbeelden (www.natuurbeelden.nl)."], "abstract": ["Eiders met jongen."], "publisher": ["Stichting  Natuurbeelden", "https://www.openbeelden.nl/users/stichting_natuurbeelden"], "contributor": ["Plomp, Marc (camera)"], "date": ["2012-06-04"], "type": ["Moving Image"], "extent": ["PT3M21S"], "medium": ["https://www.openbeelden.nl/files/07/13/713958.713888.0001EIDEREEND-NAT00Z03NVP.mp4", "https://www.openbeelden.nl/files/07/13/713960.713888.0001EIDEREEND-NAT00Z03NVP.mp4", "https://www.openbeelden.nl/files/07/13/713888.0001EIDEREEND-NAT00Z03NVP.mp4", "https://www.openbeelden.nl/files/07/13/713962.713888.0001EIDEREEND-NAT00Z03NVP.webm", "https://www.openbeelden.nl/files/07/13/713954.713888.0001EIDEREEND-NAT00Z03NVP.ogv", "https://www.openbeelden.nl/files/07/13/713956.713888.0001EIDEREEND-NAT00Z03NVP.ogv", "https://www.openbeelden.nl/files/07/13/713994.713888.0001EIDEREEND_NAT00Z03NVP.m3u8", "https://www.openbeelden.nl/files/07/13/713964.713888.0001EIDEREEND-NAT00Z03NVP.ts", "https://www.openbeelden.nl/files/07/13/713922.713888.0001EIDEREEND-NAT00Z03NVP.mpeg", "https://www.openbeelden.nl/images/713992/Eiders_met_jongen_%281_40%29.png"], "identifier": ["4961579"], "source": ["0001EIDEREEND-NAT00Z03NVP"], "language": ["nl"], "references": [null], "mediator": [null], "spatial": ["Nederland", "Texel", "Noord-Holland", "De Bol"], "attributionName": ["Natuur Digitaal (Marc Plomp); Stichting Natuurbeelden"], "attributionURL": ["https://www.openbeelden.nl/media/713884"], "license": ["https://creativecommons.org/licenses/by-sa/3.0/nl/"], "hasformat": ["magnetictape"]}