{"title": ["Lopende, zingende en zittende graspieper"], "alternative": [null], "creator": ["Natuur Digitaal (Marc Plomp); Stichting Natuurbeelden"], "subject": ["anthus pratensis", "buitenopname", "close", "cultuurlandschappen", "dag", "duinen", "eten", "fauna", "gebiedsaanduiding", "getijdengebieden", "graspiepers", "lopen", "najaar", "natuurmonumenten", "paal", "spinnenweb", "totaal", "verbodsbord", "vogels", "voorjaar", "zingen", "zonnig"], "description": ["Clip gemaakt in de Nederlandse natuur uit de collectie van Stichting Natuurbeelden (www.natuurbeelden.nl)."], "abstract": ["Lopende, zingende en zittende graspieper."], "publisher": ["Stichting  Natuurbeelden", "https://www.openbeelden.nl/users/stichting_natuurbeelden"], "contributor": ["Plomp, Marc (camera)"], "date": ["2009-04-24"], "type": ["Moving Image"], "extent": ["PT5M26S"], "medium": ["https://www.openbeelden.nl/files/07/14/714762.714701.0000GRASPIEPE-NAT00Z03NPM.mp4", "https://www.openbeelden.nl/files/07/14/714764.714701.0000GRASPIEPE-NAT00Z03NPM.mp4", "https://www.openbeelden.nl/files/07/14/714701.0000GRASPIEPE-NAT00Z03NPM.mp4", "https://www.openbeelden.nl/files/07/14/714766.714701.0000GRASPIEPE-NAT00Z03NPM.webm", "https://www.openbeelden.nl/files/07/14/714758.714701.0000GRASPIEPE-NAT00Z03NPM.ogv", "https://www.openbeelden.nl/files/07/14/714760.714701.0000GRASPIEPE-NAT00Z03NPM.ogv", "https://www.openbeelden.nl/files/07/14/714792.714701.0000GRASPIEPE_NAT00Z03NPM.m3u8", "https://www.openbeelden.nl/files/07/14/714768.714701.0000GRASPIEPE-NAT00Z03NPM.ts", "https://www.openbeelden.nl/files/07/14/714719.714701.0000GRASPIEPE-NAT00Z03NPM.mpeg", "https://www.openbeelden.nl/images/718480/Lopende%2C_zingende_en_zittende_graspieper_%282_43%29.png"], "identifier": ["4961602"], "source": ["0000GRASPIEPE-NAT00Z03NPM"], "language": ["nl"], "references": [null], "mediator": [null], "spatial": ["Nederland", "Texel", "De Schorren", "Noord-Holland", "De Cocksdorp"], "attributionName": ["Natuur Digitaal (Marc Plomp); Stichting Natuurbeelden"], "attributionURL": ["https://www.openbeelden.nl/media/714697"], "license": ["https://creativecommons.org/licenses/by-sa/3.0/nl/"], "hasformat": ["magnetictape"]}