{"title": ["Dodaars"], "alternative": [null], "creator": ["Natuur Digitaal (Marc Plomp); Stichting Natuurbeelden"], "subject": ["broedpaar", "buitenopname", "close", "dag", "dodaars", "duiken", "duinen", "fauna", "jong", "meertje", "moeras", "poetsen", "tachyhaptus ruficollis", "totaal", "voeren", "vogels", "zomer", "zonnig"], "description": ["Clip gemaakt in de Nederlandse natuur uit de collectie van Stichting Natuurbeelden (www.natuurbeelden.nl)."], "abstract": ["Dodaars poetsend en jong voerend."], "publisher": ["Stichting  Natuurbeelden", "https://www.openbeelden.nl/users/stichting_natuurbeelden"], "contributor": ["Plomp, Marc (camera)"], "date": ["2012-08-21"], "type": ["Moving Image"], "extent": ["PT3M39S"], "medium": ["https://www.openbeelden.nl/files/07/15/715560.715485.0000DODAARS00-NAT00Z03NOU.mp4", "https://www.openbeelden.nl/files/07/15/715562.715485.0000DODAARS00-NAT00Z03NOU.mp4", "https://www.openbeelden.nl/files/07/15/715485.0000DODAARS00-NAT00Z03NOU.mp4", "https://www.openbeelden.nl/files/07/15/715564.715485.0000DODAARS00-NAT00Z03NOU.webm", "https://www.openbeelden.nl/files/07/15/715556.715485.0000DODAARS00-NAT00Z03NOU.ogv", "https://www.openbeelden.nl/files/07/15/715558.715485.0000DODAARS00-NAT00Z03NOU.ogv", "https://www.openbeelden.nl/files/07/15/715614.715485.0000DODAARS00_NAT00Z03NOU.m3u8", "https://www.openbeelden.nl/files/07/15/715566.715485.0000DODAARS00-NAT00Z03NOU.ts", "https://www.openbeelden.nl/files/07/15/715508.715485.0000DODAARS00-NAT00Z03NOU.mpeg", "https://www.openbeelden.nl/images/716589/Dodaars_%281_49%29.png"], "identifier": ["4961626"], "source": ["0000DODAARS00-NAT00Z03NOU"], "language": ["nl"], "references": [null], "mediator": [null], "spatial": ["Nederland", "Texel", "Noord-Holland", "De Cocksdorp"], "attributionName": ["Natuur Digitaal (Marc Plomp); Stichting Natuurbeelden"], "attributionURL": ["https://www.openbeelden.nl/media/715481"], "license": ["https://creativecommons.org/licenses/by-sa/3.0/nl/"], "hasformat": ["magnetictape"]}