{"title": ["Vliegende kievitten"], "alternative": [null], "creator": ["Natuur Digitaal (Marc Plomp); Stichting Natuurbeelden"], "subject": ["bewolkt", "buitenopname", "close", "cultuurlandschappen", "dag", "fauna", "kievitten", "totaal", "trekken", "vanellus vanellus", "vliegen", "vogels", "vogeltrek", "vorsttrek", "weidevogel", "winter"], "description": ["Clip gemaakt in de Nederlandse natuur uit de collectie van Stichting Natuurbeelden (www.natuurbeelden.nl)."], "abstract": ["Vliegende kievitten."], "publisher": ["Stichting  Natuurbeelden", "https://www.openbeelden.nl/users/stichting_natuurbeelden"], "contributor": ["Plomp, Marc (camera)"], "date": ["2011-01-20"], "type": ["Moving Image"], "extent": ["PT2M45S"], "medium": ["https://www.openbeelden.nl/files/07/16/716903.716833.0004KIEVIT000-NAT00Z03O1K.mp4", "https://www.openbeelden.nl/files/07/16/716905.716833.0004KIEVIT000-NAT00Z03O1K.mp4", "https://www.openbeelden.nl/files/07/16/716833.0004KIEVIT000-NAT00Z03O1K.mp4", "https://www.openbeelden.nl/files/07/16/716907.716833.0004KIEVIT000-NAT00Z03O1K.webm", "https://www.openbeelden.nl/files/07/16/716899.716833.0004KIEVIT000-NAT00Z03O1K.ogv", "https://www.openbeelden.nl/files/07/16/716901.716833.0004KIEVIT000-NAT00Z03O1K.ogv", "https://www.openbeelden.nl/files/07/16/716963.716833.0004KIEVIT000_NAT00Z03O1K.m3u8", "https://www.openbeelden.nl/files/07/16/716909.716833.0004KIEVIT000-NAT00Z03O1K.ts", "https://www.openbeelden.nl/files/07/16/716859.716833.0004KIEVIT000-NAT00Z03O1K.mpeg", "https://www.openbeelden.nl/images/717170/Vliegende_kievitten_%281_22%29.png"], "identifier": ["4961658"], "source": ["0004KIEVIT000-NAT00Z03O1K"], "language": ["nl"], "references": [null], "mediator": [null], "spatial": ["Waal en Burg", "Nederland", "Texel", "Noord-Holland"], "attributionName": ["Natuur Digitaal (Marc Plomp); Stichting Natuurbeelden"], "attributionURL": ["https://www.openbeelden.nl/media/716829"], "license": ["https://creativecommons.org/licenses/by-sa/3.0/nl/"], "hasformat": ["magnetictape"]}