{"title": ["Kievit met donsjongen"], "alternative": [null], "creator": ["Natuur Digitaal (Marc Plomp); Stichting Natuurbeelden"], "subject": ["beschermen", "buitenopname", "close", "cultuurlandschappen", "dag", "donsjong", "extreem close", "fauna", "hoeden", "kievitten", "nestvlieder", "omarmen", "totaal", "vanellus vanellus", "verkennen", "vogels", "voorjaar", "weidevogel", "zonnig"], "description": ["Clip gemaakt in de Nederlandse natuur uit de collectie van Stichting Natuurbeelden (www.natuurbeelden.nl)."], "abstract": ["Kievit met donsjongen."], "publisher": ["Stichting  Natuurbeelden", "https://www.openbeelden.nl/users/stichting_natuurbeelden"], "contributor": ["Plomp, Marc (camera)"], "date": ["2009-04-30"], "type": ["Moving Image"], "extent": ["PT3M45S"], "medium": ["https://www.openbeelden.nl/files/07/17/717108.717043.0003KIEVIT000-NAT00Z03O0P.mp4", "https://www.openbeelden.nl/files/07/17/717110.717043.0003KIEVIT000-NAT00Z03O0P.mp4", "https://www.openbeelden.nl/files/07/17/717043.0003KIEVIT000-NAT00Z03O0P.mp4", "https://www.openbeelden.nl/files/07/17/717112.717043.0003KIEVIT000-NAT00Z03O0P.webm", "https://www.openbeelden.nl/files/07/17/717104.717043.0003KIEVIT000-NAT00Z03O0P.ogv", "https://www.openbeelden.nl/files/07/17/717106.717043.0003KIEVIT000-NAT00Z03O0P.ogv", "https://www.openbeelden.nl/files/07/17/717238.717043.0003KIEVIT000_NAT00Z03O0P.m3u8", "https://www.openbeelden.nl/files/07/17/717114.717043.0003KIEVIT000-NAT00Z03O0P.ts", "https://www.openbeelden.nl/files/07/17/717067.717043.0003KIEVIT000-NAT00Z03O0P.mpeg", "https://www.openbeelden.nl/images/717165/Kievit_met_donsjongen_%281_52%29.png"], "identifier": ["4961664"], "source": ["0003KIEVIT000-NAT00Z03O0P"], "language": ["nl"], "references": [null], "mediator": [null], "spatial": ["Waal en Burg", "Nederland", "Texel", "Noord-Holland"], "attributionName": ["Natuur Digitaal (Marc Plomp); Stichting Natuurbeelden"], "attributionURL": ["https://www.openbeelden.nl/media/717039"], "license": ["https://creativecommons.org/licenses/by-sa/3.0/nl/"], "hasformat": ["magnetictape"]}