{"title": ["Foeragerende houtsnip"], "alternative": [null], "creator": ["Natuur Digitaal (Marc Plomp); Stichting Natuurbeelden"], "subject": ["bewolkt", "buitenopname", "close", "cultuurlandschappen", "dag", "dreigen", "eten", "extreem close", "fauna", "gallinago gallinago", "honger", "houtsnippen", "koud", "scolopax rusticola", "sneeuw", "soortgenoot", "steltloper", "totaal", "vogels", "watersnippen", "winter", "wroeten"], "description": ["Clip gemaakt in de Nederlandse natuur uit de collectie van Stichting Natuurbeelden (www.natuurbeelden.nl)."], "abstract": ["Foeragerende houtsnip in de sneeuw."], "publisher": ["Stichting  Natuurbeelden", "https://www.openbeelden.nl/users/stichting_natuurbeelden"], "contributor": ["Plomp, Marc (camera)"], "date": ["2010-01-13"], "type": ["Moving Image"], "extent": ["PT3M54S"], "medium": ["https://www.openbeelden.nl/files/07/17/717394.717310.0003HOUTSNIP0-NAT00Z03O0L.mp4", "https://www.openbeelden.nl/files/07/17/717396.717310.0003HOUTSNIP0-NAT00Z03O0L.mp4", "https://www.openbeelden.nl/files/07/17/717310.0003HOUTSNIP0-NAT00Z03O0L.mp4", "https://www.openbeelden.nl/files/07/17/717398.717310.0003HOUTSNIP0-NAT00Z03O0L.webm", "https://www.openbeelden.nl/files/07/17/717390.717310.0003HOUTSNIP0-NAT00Z03O0L.ogv", "https://www.openbeelden.nl/files/07/17/717392.717310.0003HOUTSNIP0-NAT00Z03O0L.ogv", "https://www.openbeelden.nl/files/07/17/717458.717310.0003HOUTSNIP0_NAT00Z03O0L.m3u8", "https://www.openbeelden.nl/files/07/17/717400.717310.0003HOUTSNIP0-NAT00Z03O0L.ts", "https://www.openbeelden.nl/files/07/17/717341.717310.0003HOUTSNIP0-NAT00Z03O0L.mpeg", "https://www.openbeelden.nl/images/717447/Foeragerende_houtsnip_%281_57%29.png"], "identifier": ["4961668"], "source": ["0003HOUTSNIP0-NAT00Z03O0L"], "language": ["nl"], "references": [null], "mediator": [null], "spatial": ["Nederland", "Texel", "Stuifweg", "Noord-Holland"], "attributionName": ["Natuur Digitaal (Marc Plomp); Stichting Natuurbeelden"], "attributionURL": ["https://www.openbeelden.nl/media/717306"], "license": ["https://creativecommons.org/licenses/by-sa/3.0/nl/"], "hasformat": ["magnetictape"]}