{"title": ["Houtduif in de regen"], "alternative": [null], "creator": ["Natuur Digitaal (Marc Plomp); Stichting Natuurbeelden"], "subject": ["bad", "badderen", "bewolkt", "buitenopname", "close", "colomba palumbus", "cultuurlandschappen", "dag", "douchen", "fauna", "houtduiven", "natregenen", "poetsen", "regen", "totaal", "vogels", "voorjaar", "wassen"], "description": ["Clip gemaakt in de Nederlandse natuur uit de collectie van Stichting Natuurbeelden (www.natuurbeelden.nl)."], "abstract": ["Houtduif poetsend in de regen."], "publisher": ["Stichting  Natuurbeelden", "https://www.openbeelden.nl/users/stichting_natuurbeelden"], "contributor": ["Plomp, Marc (camera)"], "date": ["2010-04-03"], "type": ["Moving Image"], "extent": ["PT2M10S"], "medium": ["https://www.openbeelden.nl/files/07/17/717745.717695.0002HOUTDUIF0-NAT00Z03NZ6.mp4", "https://www.openbeelden.nl/files/07/17/717747.717695.0002HOUTDUIF0-NAT00Z03NZ6.mp4", "https://www.openbeelden.nl/files/07/17/717695.0002HOUTDUIF0-NAT00Z03NZ6.mp4", "https://www.openbeelden.nl/files/07/17/717749.717695.0002HOUTDUIF0-NAT00Z03NZ6.webm", "https://www.openbeelden.nl/files/07/17/717741.717695.0002HOUTDUIF0-NAT00Z03NZ6.ogv", "https://www.openbeelden.nl/files/07/17/717743.717695.0002HOUTDUIF0-NAT00Z03NZ6.ogv", "https://www.openbeelden.nl/files/07/17/717801.717695.0002HOUTDUIF0_NAT00Z03NZ6.m3u8", "https://www.openbeelden.nl/files/07/17/717751.717695.0002HOUTDUIF0-NAT00Z03NZ6.ts", "https://www.openbeelden.nl/files/07/17/717704.717695.0002HOUTDUIF0-NAT00Z03NZ6.mpeg", "https://www.openbeelden.nl/images/717809/Houtduif_in_de_regen_%281_05%29.png"], "identifier": ["4961683"], "source": ["0002HOUTDUIF0-NAT00Z03NZ6"], "language": ["nl"], "references": [null], "mediator": [null], "spatial": ["Waal en Burg", "Nederland", "Texel", "Noord-Holland"], "attributionName": ["Natuur Digitaal (Marc Plomp); Stichting Natuurbeelden"], "attributionURL": ["https://www.openbeelden.nl/media/717691"], "license": ["https://creativecommons.org/licenses/by-sa/3.0/nl/"], "hasformat": ["magnetictape"]}