{"title": ["Grote sterns en voeren van donsjongen"], "alternative": [null], "creator": ["Natuur Digitaal (Marc Plomp); Stichting Natuurbeelden"], "subject": ["bewolkt", "buitenopname", "close", "dag", "fauna", "getijdengebieden", "grote sterns", "kolonie", "krijsen", "rode lijst", "schelpenstrandjes", "sterna sandvicensis", "totaal", "vis", "voeren", "vogels", "voorjaar", "zeezwaluw", "zonnig"], "description": ["Clip gemaakt in de Nederlandse natuur uit de collectie van Stichting Natuurbeelden (www.natuurbeelden.nl)."], "abstract": ["Grote stern en voeren van donsjongen."], "publisher": ["Stichting  Natuurbeelden", "https://www.openbeelden.nl/users/stichting_natuurbeelden"], "contributor": ["Plomp, Marc (camera)"], "date": ["2013-06-04"], "type": ["Moving Image"], "extent": ["PT8M20S"], "medium": ["https://www.openbeelden.nl/files/07/17/717984.717857.0002GROTESTER-NAT00Z03NZ4.mp4", "https://www.openbeelden.nl/files/07/17/717986.717857.0002GROTESTER-NAT00Z03NZ4.mp4", "https://www.openbeelden.nl/files/07/17/717857.0002GROTESTER-NAT00Z03NZ4.mp4", "https://www.openbeelden.nl/files/07/17/717988.717857.0002GROTESTER-NAT00Z03NZ4.webm", "https://www.openbeelden.nl/files/07/17/717980.717857.0002GROTESTER-NAT00Z03NZ4.ogv", "https://www.openbeelden.nl/files/07/17/717982.717857.0002GROTESTER-NAT00Z03NZ4.ogv", "https://www.openbeelden.nl/files/07/17/718005.717857.0002GROTESTER_NAT00Z03NZ4.m3u8", "https://www.openbeelden.nl/files/07/17/717990.717857.0002GROTESTER-NAT00Z03NZ4.ts", "https://www.openbeelden.nl/files/07/17/717898.717857.0002GROTESTER-NAT00Z03NZ4.mpeg", "https://www.openbeelden.nl/images/717971/Grote_sterns_en_voeren_van_donsjongen_%284_10%29.png"], "identifier": ["4961685"], "source": ["0002GROTESTER-NAT00Z03NZ4"], "language": ["nl"], "references": [null], "mediator": [null], "spatial": ["Oudeschild", "Nederland", "Texel", "Ottersaat", "Noord-Holland"], "attributionName": ["Natuur Digitaal (Marc Plomp); Stichting Natuurbeelden"], "attributionURL": ["https://www.openbeelden.nl/media/717853"], "license": ["https://creativecommons.org/licenses/by-sa/3.0/nl/"], "hasformat": ["magnetictape"]}