{"title": ["Zittende en vliegende kerkuil overdag"], "alternative": [null], "creator": ["Natuur Digitaal (Marc Plomp); Stichting Natuurbeelden"], "subject": ["avond", "buitenopname", "close", "cultuurlandschappen", "extreem close", "fauna", "geruisloos", "golfbaan", "jachttechniek", "jagen", "kerkuilen", "totaal", "tyto alba", "verkeersbord", "vliegen", "vogelring", "vogels", "voorjaar", "wijd", "zitten", "zonnig"], "description": ["Clip gemaakt in de Nederlandse natuur uit de collectie van Stichting Natuurbeelden (www.natuurbeelden.nl)."], "abstract": ["Zittende en vliegende kerkuil overdag."], "publisher": ["Stichting  Natuurbeelden", "https://www.openbeelden.nl/users/stichting_natuurbeelden"], "contributor": ["Plomp, Marc (camera)"], "date": ["2008-04-20"], "type": ["Moving Image"], "extent": ["PT7M37S"], "medium": ["https://www.openbeelden.nl/files/07/18/718123.718034.0001KERKUIL00-NAT00Z03NWG.mp4", "https://www.openbeelden.nl/files/07/18/718125.718034.0001KERKUIL00-NAT00Z03NWG.mp4", "https://www.openbeelden.nl/files/07/18/718034.0001KERKUIL00-NAT00Z03NWG.mp4", "https://www.openbeelden.nl/files/07/18/718127.718034.0001KERKUIL00-NAT00Z03NWG.webm", "https://www.openbeelden.nl/files/07/18/718119.718034.0001KERKUIL00-NAT00Z03NWG.ogv", "https://www.openbeelden.nl/files/07/18/718121.718034.0001KERKUIL00-NAT00Z03NWG.ogv", "https://www.openbeelden.nl/files/07/18/718163.718034.0001KERKUIL00_NAT00Z03NWG.m3u8", "https://www.openbeelden.nl/files/07/18/718129.718034.0001KERKUIL00-NAT00Z03NWG.ts", "https://www.openbeelden.nl/files/07/18/718058.718034.0001KERKUIL00-NAT00Z03NWG.mpeg", "https://www.openbeelden.nl/images/718158/Zittende_en_vliegende_kerkuil_overdag_%283_48%29.png"], "identifier": ["4961692"], "source": ["0001KERKUIL00-NAT00Z03NWG"], "language": ["nl"], "references": [null], "mediator": [null], "spatial": ["Zuid-Holland", "Nederland", "Alphen aan den Rijn"], "attributionName": ["Natuur Digitaal (Marc Plomp); Stichting Natuurbeelden"], "attributionURL": ["https://www.openbeelden.nl/media/718030"], "license": ["https://creativecommons.org/licenses/by-sa/3.0/nl/"], "hasformat": ["magnetictape"]}