{"title": ["Kleine bonte specht"], "alternative": [null], "creator": ["Natuur Digitaal (Marc Plomp); Stichting Natuurbeelden"], "subject": ["bossen", "buitenopname", "close", "dag", "dendrocopos minor", "fauna", "hameren", "holenbroeder", "kleine bonte spechten", "mini", "petje", "tikken", "totaal", "vogels", "voorjaar", "zebra", "zonnig"], "description": ["Clip gemaakt in de Nederlandse natuur uit de collectie van Stichting Natuurbeelden (www.natuurbeelden.nl)."], "abstract": ["Kleine bonte specht tegen bomen."], "publisher": ["Stichting  Natuurbeelden", "https://www.openbeelden.nl/users/stichting_natuurbeelden"], "contributor": ["Plomp, Marc (camera)"], "date": ["2012-03-02"], "type": ["Moving Image"], "extent": ["PT1M3S"], "medium": ["https://www.openbeelden.nl/files/07/18/718918.718880.0000KLBONTSPE-NAT00Z03NQV.mp4", "https://www.openbeelden.nl/files/07/18/718921.718880.0000KLBONTSPE-NAT00Z03NQV.mp4", "https://www.openbeelden.nl/files/07/18/718880.0000KLBONTSPE-NAT00Z03NQV.mp4", "https://www.openbeelden.nl/files/07/18/718925.718880.0000KLBONTSPE-NAT00Z03NQV.webm", "https://www.openbeelden.nl/files/07/18/718914.718880.0000KLBONTSPE-NAT00Z03NQV.ogv", "https://www.openbeelden.nl/files/07/18/718916.718880.0000KLBONTSPE-NAT00Z03NQV.ogv", "https://www.openbeelden.nl/files/07/18/718984.718880.0000KLBONTSPE_NAT00Z03NQV.m3u8", "https://www.openbeelden.nl/files/07/18/718929.718880.0000KLBONTSPE-NAT00Z03NQV.ts", "https://www.openbeelden.nl/files/07/18/718898.718880.0000KLBONTSPE-NAT00Z03NQV.mpeg", "https://www.openbeelden.nl/images/718980/Kleine_bonte_specht_%280_31%29.png"], "identifier": ["4961717"], "source": ["0000KLBONTSPE-NAT00Z03NQV"], "language": ["nl"], "references": [null], "mediator": [null], "spatial": ["Bilthoven", "Utrecht", "Nederland"], "attributionName": ["Natuur Digitaal (Marc Plomp); Stichting Natuurbeelden"], "attributionURL": ["https://www.openbeelden.nl/media/718876"], "license": ["https://creativecommons.org/licenses/by-sa/3.0/nl/"], "hasformat": ["magnetictape"]}