{"title": ["Kerkuil in oude stalraam"], "alternative": [null], "creator": ["Natuur Digitaal (Marc Plomp); Stichting Natuurbeelden"], "subject": ["akkerbouw", "bewolkt", "boerderij", "buitenopname", "close", "cultuurlandschappen", "fauna", "jagen", "kerkuilen", "kijken", "muizen", "nacht", "ondersoort", "poetsen", "prooi", "totaal", "tyto alba", "vogels", "wijd", "zomer"], "description": ["Clip gemaakt in de Nederlandse natuur uit de collectie van Stichting Natuurbeelden (www.natuurbeelden.nl)."], "abstract": ["Kerkuil met muis in oude stalraam."], "publisher": ["Stichting  Natuurbeelden", "https://www.openbeelden.nl/users/stichting_natuurbeelden"], "contributor": ["Plomp, Marc (camera)"], "date": ["2007-07-11"], "type": ["Moving Image"], "extent": ["PT7M29S"], "medium": ["https://www.openbeelden.nl/files/07/19/719152.719031.0000KERKUIL00-NAT00Z03NQR.mp4", "https://www.openbeelden.nl/files/07/19/719154.719031.0000KERKUIL00-NAT00Z03NQR.mp4", "https://www.openbeelden.nl/files/07/19/719031.0000KERKUIL00-NAT00Z03NQR.mp4", "https://www.openbeelden.nl/files/07/19/719156.719031.0000KERKUIL00-NAT00Z03NQR.webm", "https://www.openbeelden.nl/files/07/19/719148.719031.0000KERKUIL00-NAT00Z03NQR.ogv", "https://www.openbeelden.nl/files/07/19/719150.719031.0000KERKUIL00-NAT00Z03NQR.ogv", "https://www.openbeelden.nl/files/07/19/719166.719031.0000KERKUIL00_NAT00Z03NQR.m3u8", "https://www.openbeelden.nl/files/07/19/719158.719031.0000KERKUIL00-NAT00Z03NQR.ts", "https://www.openbeelden.nl/files/07/19/719070.719031.0000KERKUIL00-NAT00Z03NQR.mpeg", "https://www.openbeelden.nl/images/719143/Kerkuil_in_oude_stalraam_%283_44%29.png"], "identifier": ["4961720"], "source": ["0000KERKUIL00-NAT00Z03NQR"], "language": ["nl"], "references": [null], "mediator": [null], "spatial": ["Zuid-Holland", "Nederland", "Zuid-Beijerland"], "attributionName": ["Natuur Digitaal (Marc Plomp); Stichting Natuurbeelden"], "attributionURL": ["https://www.openbeelden.nl/media/719027"], "license": ["https://creativecommons.org/licenses/by-sa/3.0/nl/"], "hasformat": ["magnetictape"]}