{"title": ["Grote burgemeester tweede winter"], "alternative": [null], "creator": ["Natuur Digitaal (Marc Plomp); Stichting Natuurbeelden"], "subject": ["bewolkt", "buitenopname", "close", "cultuurlandschappen", "dag", "eten", "extreem close", "fauna", "grote burgemeesters", "haven", "ijs", "larus hyperboreus", "scholletje", "sneeuw", "totaal", "vis", "vogels", "winter"], "description": ["Clip gemaakt in de Nederlandse natuur uit de collectie van Stichting Natuurbeelden (www.natuurbeelden.nl)."], "abstract": ["Grote burgemeester tweede winter."], "publisher": ["Stichting  Natuurbeelden", "https://www.openbeelden.nl/users/stichting_natuurbeelden"], "contributor": ["Plomp, Marc (camera)"], "date": ["2012-01-24"], "type": ["Moving Image"], "extent": ["PT2M22S"], "medium": ["https://www.openbeelden.nl/files/07/19/719919.719840.0000GRBURGEME-NAT00Z03NPU.mp4", "https://www.openbeelden.nl/files/07/19/719921.719840.0000GRBURGEME-NAT00Z03NPU.mp4", "https://www.openbeelden.nl/files/07/19/719840.0000GRBURGEME-NAT00Z03NPU.mp4", "https://www.openbeelden.nl/files/07/19/719923.719840.0000GRBURGEME-NAT00Z03NPU.webm", "https://www.openbeelden.nl/files/07/19/719915.719840.0000GRBURGEME-NAT00Z03NPU.ogv", "https://www.openbeelden.nl/files/07/19/719917.719840.0000GRBURGEME-NAT00Z03NPU.ogv", "https://www.openbeelden.nl/files/07/19/719950.719840.0000GRBURGEME_NAT00Z03NPU.m3u8", "https://www.openbeelden.nl/files/07/19/719925.719840.0000GRBURGEME-NAT00Z03NPU.ts", "https://www.openbeelden.nl/files/07/19/719855.719840.0000GRBURGEME-NAT00Z03NPU.mpeg", "https://www.openbeelden.nl/images/720102/Grote_burgemeester_tweede_winter_%281_11%29.png"], "identifier": ["4961751"], "source": ["0000GRBURGEME-NAT00Z03NPU"], "language": ["nl"], "references": [null], "mediator": [null], "spatial": ["Den Oever", "Nederland", "Noord-Holland"], "attributionName": ["Natuur Digitaal (Marc Plomp); Stichting Natuurbeelden"], "attributionURL": ["https://www.openbeelden.nl/media/719836"], "license": ["https://creativecommons.org/licenses/by-sa/3.0/nl/"], "hasformat": ["magnetictape"]}