{"title": ["Spittende koperwiek"], "alternative": [null], "creator": ["Natuur Digitaal (Marc Plomp); Stichting Natuurbeelden"], "subject": ["bossen", "buitenopname", "close", "dag", "dode bladeren", "dorre bladeren", "fauna", "foerageren", "graven", "koperwieken", "spitten", "totaal", "turdus ilacus", "vogels", "winter", "zoeken", "zonnig"], "description": ["Clip gemaakt in de Nederlandse natuur uit de collectie van Stichting Natuurbeelden (www.natuurbeelden.nl)."], "abstract": ["Spittende koperwiek."], "publisher": ["Stichting  Natuurbeelden", "https://www.openbeelden.nl/users/stichting_natuurbeelden"], "contributor": ["Plomp, Marc (camera)"], "date": ["2012-02-07"], "type": ["Moving Image"], "extent": ["PT2M11S"], "medium": ["https://www.openbeelden.nl/files/07/20/720449.720393.0003KOPERWIEK-NAT00Z03O0U.mp4", "https://www.openbeelden.nl/files/07/20/720451.720393.0003KOPERWIEK-NAT00Z03O0U.mp4", "https://www.openbeelden.nl/files/07/20/720393.0003KOPERWIEK-NAT00Z03O0U.mp4", "https://www.openbeelden.nl/files/07/20/720453.720393.0003KOPERWIEK-NAT00Z03O0U.webm", "https://www.openbeelden.nl/files/07/20/720445.720393.0003KOPERWIEK-NAT00Z03O0U.ogv", "https://www.openbeelden.nl/files/07/20/720447.720393.0003KOPERWIEK-NAT00Z03O0U.ogv", "https://www.openbeelden.nl/files/07/20/720501.720393.0003KOPERWIEK_NAT00Z03O0U.m3u8", "https://www.openbeelden.nl/files/07/20/720455.720393.0003KOPERWIEK-NAT00Z03O0U.ts", "https://www.openbeelden.nl/files/07/20/720417.720393.0003KOPERWIEK-NAT00Z03O0U.mpeg", "https://www.openbeelden.nl/images/720521/Spittende_koperwiek_%281_05%29.png"], "identifier": ["4961769"], "source": ["0003KOPERWIEK-NAT00Z03O0U"], "language": ["nl"], "references": [null], "mediator": [null], "spatial": ["Nederland", "Texel", "Krimbos", "Noord-Holland", "De Cocksdorp"], "attributionName": ["Natuur Digitaal (Marc Plomp); Stichting Natuurbeelden"], "attributionURL": ["https://www.openbeelden.nl/media/720389"], "license": ["https://creativecommons.org/licenses/by-sa/3.0/nl/"], "hasformat": ["magnetictape"]}