{"title": ["Vechtende koolmezen"], "alternative": [null], "creator": ["Natuur Digitaal (Marc Plomp); Stichting Natuurbeelden"], "subject": ["bewolkt", "buitenopname", "close", "dag", "fauna", "gemeen", "koolmezen", "krijsen", "passer major", "stedelijk gebied", "territoria", "tuinvogel", "vechten", "vogels", "voorjaar"], "description": ["Clip gemaakt in de Nederlandse natuur uit de collectie van Stichting Natuurbeelden (www.natuurbeelden.nl)."], "abstract": ["Vechtende koolmezen."], "publisher": ["Stichting  Natuurbeelden", "https://www.openbeelden.nl/users/stichting_natuurbeelden"], "contributor": ["Plomp, Marc (camera)"], "date": ["2010-03-03"], "type": ["Moving Image"], "extent": ["PT2M39S"], "medium": ["https://www.openbeelden.nl/files/07/20/720911.720837.0002KOOLMEES0-NAT00Z03NZK.mp4", "https://www.openbeelden.nl/files/07/20/720913.720837.0002KOOLMEES0-NAT00Z03NZK.mp4", "https://www.openbeelden.nl/files/07/20/720837.0002KOOLMEES0-NAT00Z03NZK.mp4", "https://www.openbeelden.nl/files/07/20/720915.720837.0002KOOLMEES0-NAT00Z03NZK.webm", "https://www.openbeelden.nl/files/07/20/720907.720837.0002KOOLMEES0-NAT00Z03NZK.ogv", "https://www.openbeelden.nl/files/07/20/720909.720837.0002KOOLMEES0-NAT00Z03NZK.ogv", "https://www.openbeelden.nl/files/07/20/720947.720837.0002KOOLMEES0_NAT00Z03NZK.m3u8", "https://www.openbeelden.nl/files/07/20/720917.720837.0002KOOLMEES0-NAT00Z03NZK.ts", "https://www.openbeelden.nl/files/07/20/720866.720837.0002KOOLMEES0-NAT00Z03NZK.mpeg", "https://www.openbeelden.nl/images/720963/Vechtende_koolmezen_%281_19%29.png"], "identifier": ["4961783"], "source": ["0002KOOLMEES0-NAT00Z03NZK"], "language": ["nl"], "references": [null], "mediator": [null], "spatial": ["Nederland", "Texel", "Noord-Holland", "De Cocksdorp"], "attributionName": ["Natuur Digitaal (Marc Plomp); Stichting Natuurbeelden"], "attributionURL": ["https://www.openbeelden.nl/media/720833"], "license": ["https://creativecommons.org/licenses/by-sa/3.0/nl/"], "hasformat": ["magnetictape"]}