{"title": ["Nachtzwaluw op tak of prikkeldraad"], "alternative": [null], "creator": ["Natuur Digitaal (Marc Plomp); Stichting Natuurbeelden"], "subject": ["avond", "bewolkt", "buitenopname", "caprimulgrus europaeus", "close", "dag", "duinen", "extreem close", "fauna", "kijken", "nachtvogel", "nachtzwaluwen", "rode lijst", "schutkleur", "snorharen", "totaal", "vogels", "voorjaar", "wijd", "zitten", "zomervogel", "zonnig"], "description": ["Clip gemaakt in de Nederlandse natuur uit de collectie van Stichting Natuurbeelden (www.natuurbeelden.nl)."], "abstract": ["Nachtzwaluw op tak of prikkeldraad."], "publisher": ["Stichting  Natuurbeelden", "https://www.openbeelden.nl/users/stichting_natuurbeelden"], "contributor": ["Plomp, Marc (camera)"], "date": ["2011-06-23"], "type": ["Moving Image"], "extent": ["PT8M42S"], "medium": ["https://www.openbeelden.nl/files/07/21/721084.721003.0001NACHTZWAL-NAT00Z03NX2.mp4", "https://www.openbeelden.nl/files/07/21/721086.721003.0001NACHTZWAL-NAT00Z03NX2.mp4", "https://www.openbeelden.nl/files/07/21/721003.0001NACHTZWAL-NAT00Z03NX2.mp4", "https://www.openbeelden.nl/files/07/21/721088.721003.0001NACHTZWAL-NAT00Z03NX2.webm", "https://www.openbeelden.nl/files/07/21/721080.721003.0001NACHTZWAL-NAT00Z03NX2.ogv", "https://www.openbeelden.nl/files/07/21/721082.721003.0001NACHTZWAL-NAT00Z03NX2.ogv", "https://www.openbeelden.nl/files/07/21/721121.721003.0001NACHTZWAL_NAT00Z03NX2.m3u8", "https://www.openbeelden.nl/files/07/21/721090.721003.0001NACHTZWAL-NAT00Z03NX2.ts", "https://www.openbeelden.nl/files/07/21/721018.721003.0001NACHTZWAL-NAT00Z03NX2.mpeg", "https://www.openbeelden.nl/images/721110/Nachtzwaluw_op_tak_of_prikkeldraad_%284_21%29.png"], "identifier": ["4961792"], "source": ["0001NACHTZWAL-NAT00Z03NX2"], "language": ["nl"], "references": [null], "mediator": [null], "spatial": ["Westerduinen", "Nederland", "Texel", "Noord-Holland"], "attributionName": ["Natuur Digitaal (Marc Plomp); Stichting Natuurbeelden"], "attributionURL": ["https://www.openbeelden.nl/media/720999"], "license": ["https://creativecommons.org/licenses/by-sa/3.0/nl/"], "hasformat": ["magnetictape"]}