{"title": ["Paapje in struik"], "alternative": [null], "creator": ["Natuur Digitaal (Marc Plomp); Stichting Natuurbeelden"], "subject": ["buitenopname", "close", "dag", "doortrekker", "duinen", "fauna", "juveniel", "najaar", "najaarstrek", "papen", "saxicola rubertra", "vliegen", "vogels", "zitten", "zonnig"], "description": ["Clip gemaakt in de Nederlandse natuur uit de collectie van Stichting Natuurbeelden (www.natuurbeelden.nl)."], "abstract": ["Paapje in struik zittend."], "publisher": ["Stichting  Natuurbeelden", "https://www.openbeelden.nl/users/stichting_natuurbeelden"], "contributor": ["Plomp, Marc (camera)"], "date": ["2012-09-05"], "type": ["Moving Image"], "extent": ["PT1M1S"], "medium": ["https://www.openbeelden.nl/files/07/21/721640.721613.0000PAAPJE000-NAT00Z03NSF.mp4", "https://www.openbeelden.nl/files/07/21/721642.721613.0000PAAPJE000-NAT00Z03NSF.mp4", "https://www.openbeelden.nl/files/07/21/721613.0000PAAPJE000-NAT00Z03NSF.mp4", "https://www.openbeelden.nl/files/07/21/721644.721613.0000PAAPJE000-NAT00Z03NSF.webm", "https://www.openbeelden.nl/files/07/21/721636.721613.0000PAAPJE000-NAT00Z03NSF.ogv", "https://www.openbeelden.nl/files/07/21/721638.721613.0000PAAPJE000-NAT00Z03NSF.ogv", "https://www.openbeelden.nl/files/07/21/721666.721613.0000PAAPJE000_NAT00Z03NSF.m3u8", "https://www.openbeelden.nl/files/07/21/721646.721613.0000PAAPJE000-NAT00Z03NSF.ts", "https://www.openbeelden.nl/files/07/21/721622.721613.0000PAAPJE000-NAT00Z03NSF.mpeg", "https://www.openbeelden.nl/images/721696/Paapje_in_struik_%280_30%29.png"], "identifier": ["4961812"], "source": ["0000PAAPJE000-NAT00Z03NSF"], "language": ["nl"], "references": [null], "mediator": [null], "spatial": ["Nederland", "Texel", "Noord-Holland", "De Cocksdorp"], "attributionName": ["Natuur Digitaal (Marc Plomp); Stichting Natuurbeelden"], "attributionURL": ["https://www.openbeelden.nl/media/721609"], "license": ["https://creativecommons.org/licenses/by-sa/3.0/nl/"], "hasformat": ["magnetictape"]}