{"title": ["Middelste bonte specht aan de vetbollen"], "alternative": [null], "creator": ["Natuur Digitaal (Marc Plomp); Stichting Natuurbeelden"], "subject": ["bewolkt", "buitenopname", "close", "dag", "dendrocopus medius", "eten", "fauna", "feeder", "middelste bonte spechten", "stedelijk gebied", "tuinvogel", "vetbol", "vivara", "vogelbescherming", "vogels", "winter"], "description": ["Clip gemaakt in de Nederlandse natuur uit de collectie van Stichting Natuurbeelden (www.natuurbeelden.nl)."], "abstract": ["Middelste bonte specht aan de vetbollen."], "publisher": ["Stichting  Natuurbeelden", "https://www.openbeelden.nl/users/stichting_natuurbeelden"], "contributor": ["Plomp, Marc (camera)"], "date": ["2009-02-15"], "type": ["Moving Image"], "extent": ["PT1M24S"], "medium": ["https://www.openbeelden.nl/files/07/22/722101.722068.0000MIBOSPECH-NAT00Z03NS0.mp4", "https://www.openbeelden.nl/files/07/22/722103.722068.0000MIBOSPECH-NAT00Z03NS0.mp4", "https://www.openbeelden.nl/files/07/22/722068.0000MIBOSPECH-NAT00Z03NS0.mp4", "https://www.openbeelden.nl/files/07/22/722105.722068.0000MIBOSPECH-NAT00Z03NS0.webm", "https://www.openbeelden.nl/files/07/22/722097.722068.0000MIBOSPECH-NAT00Z03NS0.ogv", "https://www.openbeelden.nl/files/07/22/722099.722068.0000MIBOSPECH-NAT00Z03NS0.ogv", "https://www.openbeelden.nl/files/07/22/722126.722068.0000MIBOSPECH_NAT00Z03NS0.m3u8", "https://www.openbeelden.nl/files/07/22/722107.722068.0000MIBOSPECH-NAT00Z03NS0.ts", "https://www.openbeelden.nl/files/07/22/722085.722068.0000MIBOSPECH-NAT00Z03NS0.mpeg", "https://www.openbeelden.nl/images/722276/Middelste_bonte_specht_aan_de_vetbollen_%280_42%29.png"], "identifier": ["4961827"], "source": ["0000MIBOSPECH-NAT00Z03NS0"], "language": ["nl"], "references": [null], "mediator": [null], "spatial": ["Barendrecht", "Zuid-Holland", "Nederland"], "attributionName": ["Natuur Digitaal (Marc Plomp); Stichting Natuurbeelden"], "attributionURL": ["https://www.openbeelden.nl/media/722064"], "license": ["https://creativecommons.org/licenses/by-sa/3.0/nl/"], "hasformat": ["magnetictape"]}