{"title": ["Poetsende en vliegende lachtstern"], "alternative": [null], "creator": ["Natuur Digitaal (Marc Plomp); Stichting Natuurbeelden"], "subject": ["bollenveld", "buitenopname", "cultuurlandschappen", "dag", "fauna", "gelochelidon niloctica", "kokmeeuwen", "lachsterns", "larus ridubundes", "onder water", "ongediertebestijding", "poetsen", "rode lijst", "totaal", "vliegen", "vogels", "wijd", "zomer", "zonnig"], "description": ["Clip gemaakt in de Nederlandse natuur uit de collectie van Stichting Natuurbeelden (www.natuurbeelden.nl)."], "abstract": ["Poetsende en vliegende lachtstern."], "publisher": ["Stichting  Natuurbeelden", "https://www.openbeelden.nl/users/stichting_natuurbeelden"], "contributor": ["Plomp, Marc (camera)"], "date": ["2009-07-29"], "type": ["Moving Image"], "extent": ["PT2M43S"], "medium": ["https://www.openbeelden.nl/files/07/22/722325.722203.0000LACHSTERN-NAT00Z03NRV.mp4", "https://www.openbeelden.nl/files/07/22/722327.722203.0000LACHSTERN-NAT00Z03NRV.mp4", "https://www.openbeelden.nl/files/07/22/722203.0000LACHSTERN-NAT00Z03NRV.mp4", "https://www.openbeelden.nl/files/07/22/722329.722203.0000LACHSTERN-NAT00Z03NRV.webm", "https://www.openbeelden.nl/files/07/22/722321.722203.0000LACHSTERN-NAT00Z03NRV.ogv", "https://www.openbeelden.nl/files/07/22/722323.722203.0000LACHSTERN-NAT00Z03NRV.ogv", "https://www.openbeelden.nl/files/07/22/722340.722203.0000LACHSTERN_NAT00Z03NRV.m3u8", "https://www.openbeelden.nl/files/07/22/722331.722203.0000LACHSTERN-NAT00Z03NRV.ts", "https://www.openbeelden.nl/files/07/22/722232.722203.0000LACHSTERN-NAT00Z03NRV.mpeg", "https://www.openbeelden.nl/images/722501/Poetsende_en_vliegende_lachtstern_%281_21%29.png"], "identifier": ["4961831"], "source": ["0000LACHSTERN-NAT00Z03NRV"], "language": ["nl"], "references": [null], "mediator": [null], "spatial": ["Nederland", "t Zand", "Noord-Holland"], "attributionName": ["Natuur Digitaal (Marc Plomp); Stichting Natuurbeelden"], "attributionURL": ["https://www.openbeelden.nl/media/722199"], "license": ["https://creativecommons.org/licenses/by-sa/3.0/nl/"], "hasformat": ["magnetictape"]}