{"title": ["Baltsende korhoen"], "alternative": [null], "creator": ["Natuur Digitaal (Marc Plomp); Stichting Natuurbeelden"], "subject": ["baltsen", "bedreigd", "bewolkt", "blazen", "bolderen", "buitenopname", "close", "dag", "extreem close", "fauna", "heide", "korhaan", "korhoenders", "ochtend", "tertao tertrix", "totaal", "uitgestorven", "uitsterven", "vogels", "voorjaar", "wijd", "zeldzaam"], "description": ["Clip gemaakt in de Nederlandse natuur uit de collectie van Stichting Natuurbeelden (www.natuurbeelden.nl)."], "abstract": ["Baltsende korhoen."], "publisher": ["Stichting  Natuurbeelden", "https://www.openbeelden.nl/users/stichting_natuurbeelden"], "contributor": ["Plomp, Marc (camera)"], "date": ["2010-04-09"], "type": ["Moving Image"], "extent": ["PT9M31S"], "medium": ["https://www.openbeelden.nl/files/07/22/722602.722530.0000KORHOEN00-NAT00Z03NRH.mp4", "https://www.openbeelden.nl/files/07/22/722604.722530.0000KORHOEN00-NAT00Z03NRH.mp4", "https://www.openbeelden.nl/files/07/22/722530.0000KORHOEN00-NAT00Z03NRH.mp4", "https://www.openbeelden.nl/files/07/22/722606.722530.0000KORHOEN00-NAT00Z03NRH.webm", "https://www.openbeelden.nl/files/07/22/722598.722530.0000KORHOEN00-NAT00Z03NRH.ogv", "https://www.openbeelden.nl/files/07/22/722600.722530.0000KORHOEN00-NAT00Z03NRH.ogv", "https://www.openbeelden.nl/files/07/22/722631.722530.0000KORHOEN00_NAT00Z03NRH.m3u8", "https://www.openbeelden.nl/files/07/22/722608.722530.0000KORHOEN00-NAT00Z03NRH.ts", "https://www.openbeelden.nl/files/07/22/722574.722530.0000KORHOEN00-NAT00Z03NRH.mpeg", "https://www.openbeelden.nl/images/722720/Baltsende_korhoen_%284_45%29.png"], "identifier": ["4961843"], "source": ["0000KORHOEN00-NAT00Z03NRH"], "language": ["nl"], "references": [null], "mediator": [null], "spatial": ["Nederland", "Overijssel", "Nijverdal", "Sallandse Heuvelrug"], "attributionName": ["Natuur Digitaal (Marc Plomp); Stichting Natuurbeelden"], "attributionURL": ["https://www.openbeelden.nl/media/722526"], "license": ["https://creativecommons.org/licenses/by-sa/3.0/nl/"], "hasformat": ["magnetictape"]}