{"title": ["Grote groep scholeksters op het ijs op het wad"], "alternative": [null], "creator": ["Natuur Digitaal (Marc Plomp); Stichting Natuurbeelden"], "subject": ["buitenopname", "close", "dag", "fauna", "getijdengebieden", "haematopus ostralegus", "honger", "hoogwatervluchtplaats", "ijs", "ijsgang", "koud", "scholeksters", "staan", "totaal", "vogels", "wijd", "winter", "zonnig"], "description": ["Clip gemaakt in de Nederlandse natuur uit de collectie van Stichting Natuurbeelden (www.natuurbeelden.nl)."], "abstract": ["Grote groep scholeksters op het ijs op het wad."], "publisher": ["Stichting  Natuurbeelden", "https://www.openbeelden.nl/users/stichting_natuurbeelden"], "contributor": ["Plomp, Marc (camera)"], "date": ["2012-02-10"], "type": ["Moving Image"], "extent": ["PT2M6S"], "medium": ["https://www.openbeelden.nl/files/07/22/723125.722992.0005SCHOLEKST-NAT00Z03O24.mp4", "https://www.openbeelden.nl/files/07/22/723127.722992.0005SCHOLEKST-NAT00Z03O24.mp4", "https://www.openbeelden.nl/files/07/22/722992.0005SCHOLEKST-NAT00Z03O24.mp4", "https://www.openbeelden.nl/files/07/22/723129.722992.0005SCHOLEKST-NAT00Z03O24.webm", "https://www.openbeelden.nl/files/07/22/723121.722992.0005SCHOLEKST-NAT00Z03O24.ogv", "https://www.openbeelden.nl/files/07/22/723123.722992.0005SCHOLEKST-NAT00Z03O24.ogv", "https://www.openbeelden.nl/files/07/22/723133.722992.0005SCHOLEKST_NAT00Z03O24.m3u8", "https://www.openbeelden.nl/files/07/22/723131.722992.0005SCHOLEKST-NAT00Z03O24.ts", "https://www.openbeelden.nl/files/07/22/723012.722992.0005SCHOLEKST-NAT00Z03O24.mpeg", "https://www.openbeelden.nl/images/723093/Grote_groep_scholeksters_op_het_ijs_op_het_wad_%281_03%29.png"], "identifier": ["4961858"], "source": ["0005SCHOLEKST-NAT00Z03O24"], "language": ["nl"], "references": [null], "mediator": [null], "spatial": ["Nederland", "Texel", "De Cocskdorp", "Noord-Holland", "De Volharding"], "attributionName": ["Natuur Digitaal (Marc Plomp); Stichting Natuurbeelden"], "attributionURL": ["https://www.openbeelden.nl/media/722988"], "license": ["https://creativecommons.org/licenses/by-sa/3.0/nl/"], "hasformat": ["magnetictape"]}