{"title": ["Car Race Mashup"], "alternative": [null], "creator": ["Wilco van Gog"], "subject": ["race", "cars", "audience", "mashup"], "description": ["Video remix made during a workshop at Video Vortex #6 in Amsterdam, 11-12 March 2011."], "abstract": ["Different videos of audience and cars mixed together to make a video of a race through the city."], "publisher": ["Instituut voor Netwerkcultuur", "https://www.openbeelden.nl/users/instituut_voor_netwerkcultuur"], "date": ["2011-04-20"], "type": ["Moving Image"], "extent": ["PT1M14S"], "medium": ["https://www.openbeelden.nl/files/72/72383.72370.CarMashup.mp4", "https://www.openbeelden.nl/files/72/72385.72370.CarMashup.mp4", "https://www.openbeelden.nl/files/72/72370.CarMashup.mp4", "https://www.openbeelden.nl/files/72/72387.72370.CarMashup.webm", "https://www.openbeelden.nl/files/72/72379.72370.CarMashup.ogv", "https://www.openbeelden.nl/files/72/72381.72370.CarMashup.ogv", "https://www.openbeelden.nl/files/72/72418.72370.CarMashup.m3u8", "https://www.openbeelden.nl/files/72/72389.72370.CarMashup.ts", "https://www.openbeelden.nl/files/72/72373.72370.CarMashup.mpeg", "https://www.openbeelden.nl/images/604117/Car_Race_Mashup_%280_37%29.png"], "language": ["en"], "references": ["Video: Nederlands Instituut voor Beeld en Geluid / Eye Film Instituut Nederland"], "mediator": [null], "attributionName": ["Wilco van Gog"], "attributionURL": ["https://www.openbeelden.nl/media/72371"], "license": ["https://creativecommons.org/licenses/by-sa/3.0/nl/"]}