{"title": ["Zittende en badderende sperwer"], "alternative": [null], "creator": ["Natuur Digitaal (Marc Plomp); Stichting Natuurbeelden"], "subject": ["accipiter nisus", "bad", "bedderen", "buitenopname", "close", "cultuurlandschappen", "dag", "drinken", "fauna", "kijken", "roofvogel", "sperwers", "totaal", "vogels", "wassen", "winter", "zitten", "zonnig"], "description": ["Clip gemaakt in de Nederlandse natuur uit de collectie van Stichting Natuurbeelden (www.natuurbeelden.nl)."], "abstract": ["Zittende en badderende sperwer."], "publisher": ["Stichting  Natuurbeelden", "https://www.openbeelden.nl/users/stichting_natuurbeelden"], "contributor": ["Plomp, Marc (camera)"], "date": ["2008-12-06"], "type": ["Moving Image"], "extent": ["PT6M19S"], "medium": ["https://www.openbeelden.nl/files/07/24/724889.724811.0000SPERWER00-NAT00Z03NTG.mp4", "https://www.openbeelden.nl/files/07/24/724891.724811.0000SPERWER00-NAT00Z03NTG.mp4", "https://www.openbeelden.nl/files/07/24/724811.0000SPERWER00-NAT00Z03NTG.mp4", "https://www.openbeelden.nl/files/07/24/724893.724811.0000SPERWER00-NAT00Z03NTG.webm", "https://www.openbeelden.nl/files/07/24/724885.724811.0000SPERWER00-NAT00Z03NTG.ogv", "https://www.openbeelden.nl/files/07/24/724887.724811.0000SPERWER00-NAT00Z03NTG.ogv", "https://www.openbeelden.nl/files/07/24/724949.724811.0000SPERWER00_NAT00Z03NTG.m3u8", "https://www.openbeelden.nl/files/07/24/724895.724811.0000SPERWER00-NAT00Z03NTG.ts", "https://www.openbeelden.nl/files/07/24/724854.724811.0000SPERWER00-NAT00Z03NTG.mpeg", "https://www.openbeelden.nl/images/746723/Zittende_en_badderende_sperwer_%283_09%29.png"], "identifier": ["4961919"], "source": ["0000SPERWER00-NAT00Z03NTG"], "language": ["nl"], "references": [null], "mediator": [null], "spatial": ["Nederland", "Texel", "De Koog", "Noord-Holland"], "attributionName": ["Natuur Digitaal (Marc Plomp); Stichting Natuurbeelden"], "attributionURL": ["https://www.openbeelden.nl/media/724807"], "license": ["https://creativecommons.org/licenses/by-sa/3.0/nl/"], "hasformat": ["magnetictape"]}