{"title": ["Foeragerende rouwkwikstaart"], "alternative": [null], "creator": ["Natuur Digitaal (Marc Plomp); Stichting Natuurbeelden"], "subject": ["akkerland", "bewolkt", "buitenopname", "close", "cultuurlandschappen", "dag", "doortrekker", "eten", "fauna", "foerageren", "motecilla yarrellii", "rouwkwikstaarten", "schaars", "slikranden", "totaal", "vogels", "voorjaar", "wormpje", "zonnig"], "description": ["Clip gemaakt in de Nederlandse natuur uit de collectie van Stichting Natuurbeelden (www.natuurbeelden.nl)."], "abstract": ["Foeragerende rouwkwikstaart."], "publisher": ["Stichting  Natuurbeelden", "https://www.openbeelden.nl/users/stichting_natuurbeelden"], "contributor": ["Plomp, Marc (camera)"], "date": ["2011-03-11"], "type": ["Moving Image"], "extent": ["PT1M50S"], "medium": ["https://www.openbeelden.nl/files/07/25/725202.725168.0000ROUWKWIKS-NAT00Z03NT7.mp4", "https://www.openbeelden.nl/files/07/25/725204.725168.0000ROUWKWIKS-NAT00Z03NT7.mp4", "https://www.openbeelden.nl/files/07/25/725168.0000ROUWKWIKS-NAT00Z03NT7.mp4", "https://www.openbeelden.nl/files/07/25/725206.725168.0000ROUWKWIKS-NAT00Z03NT7.webm", "https://www.openbeelden.nl/files/07/25/725197.725168.0000ROUWKWIKS-NAT00Z03NT7.ogv", "https://www.openbeelden.nl/files/07/25/725199.725168.0000ROUWKWIKS-NAT00Z03NT7.ogv", "https://www.openbeelden.nl/files/07/25/725211.725168.0000ROUWKWIKS_NAT00Z03NT7.m3u8", "https://www.openbeelden.nl/files/07/25/725208.725168.0000ROUWKWIKS-NAT00Z03NT7.ts", "https://www.openbeelden.nl/files/07/25/725183.725168.0000ROUWKWIKS-NAT00Z03NT7.mpeg", "https://www.openbeelden.nl/images/746715/Foeragerende_rouwkwikstaart_%280_55%29.png"], "identifier": ["4961928"], "source": ["0000ROUWKWIKS-NAT00Z03NT7"], "language": ["nl"], "references": [null], "mediator": [null], "spatial": ["Nederland", "Texel", "Noord-Holland", "De Cocksdorp"], "attributionName": ["Natuur Digitaal (Marc Plomp); Stichting Natuurbeelden"], "attributionURL": ["https://www.openbeelden.nl/media/725164"], "license": ["https://creativecommons.org/licenses/by-sa/3.0/nl/"], "hasformat": ["magnetictape"]}