{"title": ["Ringmus op takken en grond"], "alternative": [null], "creator": ["Natuur Digitaal (Marc Plomp); Stichting Natuurbeelden"], "subject": ["buitenopname", "close", "dag", "dennentak", "eten", "extreem close", "fauna", "gazon", "passer montanus", "ringmussen", "rusten", "stedelijke gebieden", "struik", "totaal", "tuinvogel", "vogels", "voorjaar", "zingen", "zonnig"], "description": ["Clip gemaakt in de Nederlandse natuur uit de collectie van Stichting Natuurbeelden (www.natuurbeelden.nl)."], "abstract": ["Ringmus op takken en op de grond."], "publisher": ["Stichting  Natuurbeelden", "https://www.openbeelden.nl/users/stichting_natuurbeelden"], "contributor": ["Plomp, Marc (camera)"], "date": ["2009-03-19"], "type": ["Moving Image"], "extent": ["PT2M54S"], "medium": ["https://www.openbeelden.nl/files/07/25/725677.725631.0000RINGMUS00-NAT00Z03NSU.mp4", "https://www.openbeelden.nl/files/07/25/725679.725631.0000RINGMUS00-NAT00Z03NSU.mp4", "https://www.openbeelden.nl/files/07/25/725631.0000RINGMUS00-NAT00Z03NSU.mp4", "https://www.openbeelden.nl/files/07/25/725681.725631.0000RINGMUS00-NAT00Z03NSU.webm", "https://www.openbeelden.nl/files/07/25/725673.725631.0000RINGMUS00-NAT00Z03NSU.ogv", "https://www.openbeelden.nl/files/07/25/725675.725631.0000RINGMUS00-NAT00Z03NSU.ogv", "https://www.openbeelden.nl/files/07/25/725688.725631.0000RINGMUS00_NAT00Z03NSU.m3u8", "https://www.openbeelden.nl/files/07/25/725683.725631.0000RINGMUS00-NAT00Z03NSU.ts", "https://www.openbeelden.nl/files/07/25/725658.725631.0000RINGMUS00-NAT00Z03NSU.mpeg", "https://www.openbeelden.nl/images/746700/Ringmus_op_takken_en_grond_%281_27%29.png"], "identifier": ["4961942"], "source": ["0000RINGMUS00-NAT00Z03NSU"], "language": ["nl"], "references": [null], "mediator": [null], "spatial": ["Nederland", "Texel", "Noord-Holland", "De Cocksdorp"], "attributionName": ["Natuur Digitaal (Marc Plomp); Stichting Natuurbeelden"], "attributionURL": ["https://www.openbeelden.nl/media/725627"], "license": ["https://creativecommons.org/licenses/by-sa/3.0/nl/"], "hasformat": ["magnetictape"]}