{"title": ["Nederlands Hockeykampioenschap eindigt met 0-0", "Dutch Hockey Championship ends in 0-0"], "alternative": ["Weeknummer 42-24", "Week number 42-24"], "creator": ["Polygoon-Profilti (producent) / Nederlands Instituut voor Beeld en Geluid (beheerder)", "Polygoon-Profilti (producer) / Netherlands Institute for Sound and Vision (curator)"], "subject": ["hockey", "NK", "hockey", "National Championships"], "description": ["Bioscoopjournaals waarin Nederlandse onderwerpen van een bepaalde week worden gepresenteerd.", "Newsreels in which Dutch subjects of a certain week are presented."], "abstract": ["In het hockeystadion te Amstelveen wordt door de verenigingen HDM en \"Venlo\" gespeeld om het kampioenschap van Nederland. Vanwege de einduitslag (0-0) worden beide ploegen uitgeroepen tot kampioen.   Tijdens de Tweede Wereldoorlog stonden de bioscoopjournaals van de filmfabrieken Polygoon en Profilti onder toezicht van de Duitse bezetter. Polygoon en Profilti moesten samenwerken met het Duitse filmverhuurkantoor Tobis. Vanaf 1 januari 1941 kreeg het bioscoopjournaal daarom de naam Tobis Nieuws. Tot in het najaar van 1944 werden onder deze naam door Polygoon en Profilti om de beurt journaals geproduceerd.", "The clubs HDM and \"Venlo\" play the match for the Dutch Chapionship in the hockey stadium in Amstelveen. Because of teh result (0-0) both teams are declared champion.   During World War II the newsreels by film producers Polygoon and Profilti were controlled by the German occupiers. Polygoon and Profilti had to work together with the German film rental office Tobis. From January 1, 1941 the newsreels were therefore called Tobis News. Until the fall of 1944 newsreels under this name were produced alternately by Polygoon and Profilti."], "publisher": ["Nederlands Instituut voor Beeld en Geluid", "https://www.openbeelden.nl/users/beeldengeluid"], "date": ["1942-06-01"], "type": ["Moving Image"], "extent": ["PT1M0S"], "medium": ["https://www.openbeelden.nl/files/72/72645.72632.WEEKNUMMER422-HRE0000D14D.mp4", "https://www.openbeelden.nl/files/72/72647.72632.WEEKNUMMER422-HRE0000D14D.mp4", "https://www.openbeelden.nl/files/72/72649.72632.WEEKNUMMER422-HRE0000D14D.webm", "https://www.openbeelden.nl/files/72/72641.72632.WEEKNUMMER422-HRE0000D14D.ogv", "https://www.openbeelden.nl/files/72/72643.72632.WEEKNUMMER422-HRE0000D14D.ogv", "https://www.openbeelden.nl/files/72/72682.72632.WEEKNUMMER422_HRE0000D14D.m3u8", "https://www.openbeelden.nl/files/72/72651.72632.WEEKNUMMER422-HRE0000D14D.ts", "https://www.openbeelden.nl/files/72/72635.72632.WEEKNUMMER422-HRE0000D14D.mpeg", "https://www.openbeelden.nl/files/72/72632.WEEKNUMMER422-HRE0000D14D.mpg", "https://www.openbeelden.nl/images/603407/Nederlands_Hockeykampioenschap_eindigt_met_0-0_%280_30%29.png"], "identifier": ["524249"], "source": ["WEEKNUMMER422-HRE0000D14D"], "language": ["nl"], "references": [null], "mediator": ["Wikimedia Commons"], "spatial": ["Amstelveen", "Nederland", "Amstelveen", "Netherlands"], "attributionName": ["Polygoon-Profilti (producent) / Nederlands Instituut voor Beeld en Geluid (beheerder)"], "attributionURL": ["https://www.openbeelden.nl/media/72633"], "license": ["https://creativecommons.org/publicdomain/mark/1.0/"]}