{"title": ["Zilvermeeuw als slokkop met diverse prooien"], "alternative": [null], "creator": ["Natuur Digitaal (Marc Plomp); Stichting Natuurbeelden"], "subject": ["aaseter", "bewolkt", "buitenopname", "close", "cultuurlandschappen", "dag", "doden", "duinen", "eten", "fauna", "gans", "larus argentatus", "prooi", "rat", "schrokken", "strand", "totaal", "trappelen", "vogels", "voorjaar", "worm", "zilvermeeuwen", "zonnig"], "description": ["Clip gemaakt in de Nederlandse natuur uit de collectie van Stichting Natuurbeelden (www.natuurbeelden.nl)."], "abstract": ["Adulte zilvermeeuw met verschillende soorten prooi."], "publisher": ["Stichting  Natuurbeelden", "https://www.openbeelden.nl/users/stichting_natuurbeelden"], "contributor": ["Plomp, Marc (camera)"], "date": ["2010-04-24"], "type": ["Moving Image"], "extent": ["PT6M31S"], "medium": ["https://www.openbeelden.nl/files/07/26/726700.726577.0001ZILVERMEE-NAT00Z03NYL.mp4", "https://www.openbeelden.nl/files/07/26/726702.726577.0001ZILVERMEE-NAT00Z03NYL.mp4", "https://www.openbeelden.nl/files/07/26/726577.0001ZILVERMEE-NAT00Z03NYL.mp4", "https://www.openbeelden.nl/files/07/26/726704.726577.0001ZILVERMEE-NAT00Z03NYL.webm", "https://www.openbeelden.nl/files/07/26/726696.726577.0001ZILVERMEE-NAT00Z03NYL.ogv", "https://www.openbeelden.nl/files/07/26/726698.726577.0001ZILVERMEE-NAT00Z03NYL.ogv", "https://www.openbeelden.nl/files/07/26/726782.726577.0001ZILVERMEE_NAT00Z03NYL.m3u8", "https://www.openbeelden.nl/files/07/26/726706.726577.0001ZILVERMEE-NAT00Z03NYL.ts", "https://www.openbeelden.nl/files/07/26/726636.726577.0001ZILVERMEE-NAT00Z03NYL.mpeg", "https://www.openbeelden.nl/images/726726/Zilvermeeuw_als_slokkop_met_diverse_prooien_%283_15%29.png"], "identifier": ["4961973"], "source": ["0001ZILVERMEE-NAT00Z03NYL"], "language": ["nl"], "references": [null], "mediator": [null], "spatial": ["Nederland", "Texel", "Noord-Holland", "De Mokbaai"], "attributionName": ["Natuur Digitaal (Marc Plomp); Stichting Natuurbeelden"], "attributionURL": ["https://www.openbeelden.nl/media/726573"], "license": ["https://creativecommons.org/licenses/by-sa/3.0/nl/"], "hasformat": ["magnetictape"]}