{"title": ["Foeragerende watersnip in sneeuw en ijs"], "alternative": [null], "creator": ["Natuur Digitaal (Marc Plomp); Stichting Natuurbeelden"], "subject": ["bevroren", "bewolkt", "buitenopname", "close", "cultuurlandschappen", "dag", "eten", "fauna", "foerageren", "gallinago gallinago", "honger", "koud", "kwel", "kwelsloot", "totaal", "vogels", "watersnippen", "winter"], "description": ["Clip gemaakt in de Nederlandse natuur uit de collectie van Stichting Natuurbeelden (www.natuurbeelden.nl)."], "abstract": ["Foeragerende watersnip in de sneeuw en tussen het ijs."], "publisher": ["Stichting  Natuurbeelden", "https://www.openbeelden.nl/users/stichting_natuurbeelden"], "contributor": ["Plomp, Marc (camera)"], "date": ["2010-01-10"], "type": ["Moving Image"], "extent": ["PT2M15S"], "medium": ["https://www.openbeelden.nl/files/07/26/727035.726840.0001WATERSNIP-NAT00Z03NYE.mp4", "https://www.openbeelden.nl/files/07/26/727037.726840.0001WATERSNIP-NAT00Z03NYE.mp4", "https://www.openbeelden.nl/files/07/26/726840.0001WATERSNIP-NAT00Z03NYE.mp4", "https://www.openbeelden.nl/files/07/26/727039.726840.0001WATERSNIP-NAT00Z03NYE.webm", "https://www.openbeelden.nl/files/07/26/727031.726840.0001WATERSNIP-NAT00Z03NYE.ogv", "https://www.openbeelden.nl/files/07/26/727033.726840.0001WATERSNIP-NAT00Z03NYE.ogv", "https://www.openbeelden.nl/files/07/26/727043.726840.0001WATERSNIP_NAT00Z03NYE.m3u8", "https://www.openbeelden.nl/files/07/26/727041.726840.0001WATERSNIP-NAT00Z03NYE.ts", "https://www.openbeelden.nl/files/07/26/726858.726840.0001WATERSNIP-NAT00Z03NYE.mpeg", "https://www.openbeelden.nl/images/727003/Foeragerende_watersnip_in_sneeuw_en_ijs_%281_07%29.png"], "identifier": ["4961980"], "source": ["0001WATERSNIP-NAT00Z03NYE"], "language": ["nl"], "references": [null], "mediator": [null], "spatial": ["Nederland", "Texel", "Noord-Holland", "De Cocksdorp"], "attributionName": ["Natuur Digitaal (Marc Plomp); Stichting Natuurbeelden"], "attributionURL": ["https://www.openbeelden.nl/media/726836"], "license": ["https://creativecommons.org/licenses/by-sa/3.0/nl/"], "hasformat": ["magnetictape"]}