{"title": ["Velduil met prooi en roepend in het duin"], "alternative": [null], "creator": ["Natuur Digitaal (Marc Plomp); Stichting Natuurbeelden"], "subject": ["asio flammeus", "bewolkt", "buitenopname", "close", "dag", "duinen", "fauna", "geluid", "microtus oeconomus", "muis", "noordse woelmuizen", "prooi", "regen", "rode lijst", "roepen", "totaal", "velduilen", "vogels", "voorjaar", "zeldzaam", "zitten", "zoogdieren"], "description": ["Clip gemaakt in de Nederlandse natuur uit de collectie van Stichting Natuurbeelden (www.natuurbeelden.nl)."], "abstract": ["Velduil met prooi en roepend in het duin."], "publisher": ["Stichting  Natuurbeelden", "https://www.openbeelden.nl/users/stichting_natuurbeelden"], "contributor": ["Plomp, Marc (camera)"], "date": ["2009-06-20"], "type": ["Moving Image"], "extent": ["PT5M7S"], "medium": ["https://www.openbeelden.nl/files/07/27/727130.727055.0001VELDUIL00-NAT00Z03NYA.mp4", "https://www.openbeelden.nl/files/07/27/727132.727055.0001VELDUIL00-NAT00Z03NYA.mp4", "https://www.openbeelden.nl/files/07/27/727055.0001VELDUIL00-NAT00Z03NYA.mp4", "https://www.openbeelden.nl/files/07/27/727134.727055.0001VELDUIL00-NAT00Z03NYA.webm", "https://www.openbeelden.nl/files/07/27/727126.727055.0001VELDUIL00-NAT00Z03NYA.ogv", "https://www.openbeelden.nl/files/07/27/727128.727055.0001VELDUIL00-NAT00Z03NYA.ogv", "https://www.openbeelden.nl/files/07/27/727143.727055.0001VELDUIL00_NAT00Z03NYA.m3u8", "https://www.openbeelden.nl/files/07/27/727136.727055.0001VELDUIL00-NAT00Z03NYA.ts", "https://www.openbeelden.nl/files/07/27/727103.727055.0001VELDUIL00-NAT00Z03NYA.mpeg", "https://www.openbeelden.nl/images/727242/Velduil_met_prooi_en_roepend_in_het_duin_%282_33%29.png"], "identifier": ["4961984"], "source": ["0001VELDUIL00-NAT00Z03NYA"], "language": ["nl"], "references": [null], "mediator": [null], "spatial": ["Nederland", "Texel", "Noord-Holland", "De Cocksdorp", "Hanenplas"], "attributionName": ["Natuur Digitaal (Marc Plomp); Stichting Natuurbeelden"], "attributionURL": ["https://www.openbeelden.nl/media/727051"], "license": ["https://creativecommons.org/licenses/by-sa/3.0/nl/"], "hasformat": ["magnetictape"]}