{"title": ["Broedproces zwarte stern"], "alternative": [null], "creator": ["Natuur Digitaal (Marc Plomp); Stichting Natuurbeelden"], "subject": ["baltsen", "beschermen", "bewolkt", "buitenopname", "chlydonia niger", "close", "dag", "extreem close", "fauna", "juveniel", "kikkerbladen", "kunstmatig", "nestvlotje", "paren", "poetsen", "totaal", "uiterwaarden", "voeren", "vogels", "voorjaar", "waterplanten", "zonnig", "zwarte sterns"], "description": ["Clip gemaakt in de Nederlandse natuur uit de collectie van Stichting Natuurbeelden (www.natuurbeelden.nl)."], "abstract": ["Broedende, baltsende en voerende zwarte stern."], "publisher": ["Stichting  Natuurbeelden", "https://www.openbeelden.nl/users/stichting_natuurbeelden"], "contributor": ["Plomp, Marc (camera)"], "date": ["2008-05-22"], "type": ["Moving Image"], "extent": ["PT4M44S"], "medium": ["https://www.openbeelden.nl/files/07/27/727592.727513.0000ZWARSTERN-NAT00Z03NUX.mp4", "https://www.openbeelden.nl/files/07/27/727596.727513.0000ZWARSTERN-NAT00Z03NUX.mp4", "https://www.openbeelden.nl/files/07/27/727513.0000ZWARSTERN-NAT00Z03NUX.mp4", "https://www.openbeelden.nl/files/07/27/727598.727513.0000ZWARSTERN-NAT00Z03NUX.webm", "https://www.openbeelden.nl/files/07/27/727588.727513.0000ZWARSTERN-NAT00Z03NUX.ogv", "https://www.openbeelden.nl/files/07/27/727590.727513.0000ZWARSTERN-NAT00Z03NUX.ogv", "https://www.openbeelden.nl/files/07/27/727669.727513.0000ZWARSTERN_NAT00Z03NUX.m3u8", "https://www.openbeelden.nl/files/07/27/727600.727513.0000ZWARSTERN-NAT00Z03NUX.ts", "https://www.openbeelden.nl/files/07/27/727564.727513.0000ZWARSTERN-NAT00Z03NUX.mpeg", "https://www.openbeelden.nl/images/727666/Broedproces_zwarte_stern_%282_22%29.png"], "identifier": ["4961999"], "source": ["0000ZWARSTERN-NAT00Z03NUX"], "language": ["nl"], "references": [null], "mediator": [null], "spatial": ["Nederland", "Spijk", "Gelderland"], "attributionName": ["Natuur Digitaal (Marc Plomp); Stichting Natuurbeelden"], "attributionURL": ["https://www.openbeelden.nl/media/727509"], "license": ["https://creativecommons.org/licenses/by-sa/3.0/nl/"], "hasformat": ["magnetictape"]}