{"title": ["Mannetje en vrouwtje zomertaling"], "alternative": [null], "creator": ["Natuur Digitaal (Marc Plomp); Stichting Natuurbeelden"], "subject": ["anas querquedula", "buitenopname", "close", "dag", "eend", "fauna", "moerassen", "poetsen", "totaal", "vogels", "voorjaar", "weidevogel", "wenkbrauwstreep", "woerd", "zomertalingen", "zonnig", "zwemmen"], "description": ["Clip gemaakt in de Nederlandse natuur uit de collectie van Stichting Natuurbeelden (www.natuurbeelden.nl)."], "abstract": ["Mannetje en vrouwtje zomertaling."], "publisher": ["Stichting  Natuurbeelden", "https://www.openbeelden.nl/users/stichting_natuurbeelden"], "contributor": ["Plomp, Marc (camera)"], "date": ["2011-04-10"], "type": ["Moving Image"], "extent": ["PT2M58S"], "medium": ["https://www.openbeelden.nl/files/07/27/727842.727712.0000ZOMERTALI-NAT00Z03NUT.mp4", "https://www.openbeelden.nl/files/07/27/727844.727712.0000ZOMERTALI-NAT00Z03NUT.mp4", "https://www.openbeelden.nl/files/07/27/727712.0000ZOMERTALI-NAT00Z03NUT.mp4", "https://www.openbeelden.nl/files/07/27/727846.727712.0000ZOMERTALI-NAT00Z03NUT.webm", "https://www.openbeelden.nl/files/07/27/727838.727712.0000ZOMERTALI-NAT00Z03NUT.ogv", "https://www.openbeelden.nl/files/07/27/727840.727712.0000ZOMERTALI-NAT00Z03NUT.ogv", "https://www.openbeelden.nl/files/07/27/727852.727712.0000ZOMERTALI_NAT00Z03NUT.m3u8", "https://www.openbeelden.nl/files/07/27/727848.727712.0000ZOMERTALI-NAT00Z03NUT.ts", "https://www.openbeelden.nl/files/07/27/727747.727712.0000ZOMERTALI-NAT00Z03NUT.mpeg", "https://www.openbeelden.nl/images/727936/Mannetje_en_vrouwtje_zomertaling_%281_29%29.png"], "identifier": ["4962003"], "source": ["0000ZOMERTALI-NAT00Z03NUT"], "language": ["nl"], "references": [null], "mediator": [null], "spatial": ["Nederland", "De Groene Jonker", "Nieuwkoop"], "attributionName": ["Natuur Digitaal (Marc Plomp); Stichting Natuurbeelden"], "attributionURL": ["https://www.openbeelden.nl/media/727708"], "license": ["https://creativecommons.org/licenses/by-sa/3.0/nl/"], "hasformat": ["magnetictape"]}