{"title": ["Wilde zwaan in de sneeuw en op het ijs"], "alternative": [null], "creator": ["Natuur Digitaal (Marc Plomp); Stichting Natuurbeelden"], "subject": ["bewolkt", "buitenopname", "close", "cultuurlandschappen", "cygnus cygnus", "dag", "eten", "extreem close", "fauna", "foerageren", "geel", "geluid", "landbouwgrond", "oogstresten", "totaal", "trompetteren", "vogels", "wilde zwanen", "winter", "zonnig"], "description": ["Clip gemaakt in de Nederlandse natuur uit de collectie van Stichting Natuurbeelden (www.natuurbeelden.nl)."], "abstract": ["Wilde zwaan in de sneeuw en op het ijs."], "publisher": ["Stichting  Natuurbeelden", "https://www.openbeelden.nl/users/stichting_natuurbeelden"], "contributor": ["Plomp, Marc (camera)"], "date": ["2010-01-16"], "type": ["Moving Image"], "extent": ["PT3M23S"], "medium": ["https://www.openbeelden.nl/files/07/28/728116.728058.0000WILDEZWAA-NAT00Z03NUF.mp4", "https://www.openbeelden.nl/files/07/28/728118.728058.0000WILDEZWAA-NAT00Z03NUF.mp4", "https://www.openbeelden.nl/files/07/28/728058.0000WILDEZWAA-NAT00Z03NUF.mp4", "https://www.openbeelden.nl/files/07/28/728120.728058.0000WILDEZWAA-NAT00Z03NUF.webm", "https://www.openbeelden.nl/files/07/28/728112.728058.0000WILDEZWAA-NAT00Z03NUF.ogv", "https://www.openbeelden.nl/files/07/28/728114.728058.0000WILDEZWAA-NAT00Z03NUF.ogv", "https://www.openbeelden.nl/files/07/28/728138.728058.0000WILDEZWAA_NAT00Z03NUF.m3u8", "https://www.openbeelden.nl/files/07/28/728122.728058.0000WILDEZWAA-NAT00Z03NUF.ts", "https://www.openbeelden.nl/files/07/28/728090.728058.0000WILDEZWAA-NAT00Z03NUF.mpeg", "https://www.openbeelden.nl/images/728280/Wilde_zwaan_in_de_sneeuw_en_op_het_ijs_%281_41%29.png"], "identifier": ["4962017"], "source": ["0000WILDEZWAA-NAT00Z03NUF"], "language": ["nl"], "references": [null], "mediator": [null], "spatial": ["Nederland", "Texel", "De Waal", "Noord-Holland"], "attributionName": ["Natuur Digitaal (Marc Plomp); Stichting Natuurbeelden"], "attributionURL": ["https://www.openbeelden.nl/media/728054"], "license": ["https://creativecommons.org/licenses/by-sa/3.0/nl/"], "hasformat": ["magnetictape"]}