{"title": ["Zingende veldleeuwerik in de lucht"], "alternative": [null], "creator": ["Natuur Digitaal (Marc Plomp); Stichting Natuurbeelden"], "subject": ["alauda arvensis", "buitenopname", "cultuurlandschappen", "dag", "fauna", "rode lijst", "totaal", "veldleeuwerikken", "vliegen", "vogels", "voorjaar", "weidevogel", "wijd", "zingen", "zonnig"], "description": ["Clip gemaakt in de Nederlandse natuur uit de collectie van Stichting Natuurbeelden (www.natuurbeelden.nl)."], "abstract": ["Zingende veldleeuwerik in de lucht."], "publisher": ["Stichting  Natuurbeelden", "https://www.openbeelden.nl/users/stichting_natuurbeelden"], "contributor": ["Plomp, Marc (camera)"], "date": ["2009-06-01"], "type": ["Moving Image"], "extent": ["PT1M33S"], "medium": ["https://www.openbeelden.nl/files/07/28/728525.728494.0000VELDLEEUW-NAT00Z03NU1.mp4", "https://www.openbeelden.nl/files/07/28/728527.728494.0000VELDLEEUW-NAT00Z03NU1.mp4", "https://www.openbeelden.nl/files/07/28/728494.0000VELDLEEUW-NAT00Z03NU1.mp4", "https://www.openbeelden.nl/files/07/28/728529.728494.0000VELDLEEUW-NAT00Z03NU1.webm", "https://www.openbeelden.nl/files/07/28/728521.728494.0000VELDLEEUW-NAT00Z03NU1.ogv", "https://www.openbeelden.nl/files/07/28/728523.728494.0000VELDLEEUW-NAT00Z03NU1.ogv", "https://www.openbeelden.nl/files/07/28/728538.728494.0000VELDLEEUW_NAT00Z03NU1.m3u8", "https://www.openbeelden.nl/files/07/28/728531.728494.0000VELDLEEUW-NAT00Z03NU1.ts", "https://www.openbeelden.nl/files/07/28/728504.728494.0000VELDLEEUW-NAT00Z03NU1.mpeg", "https://www.openbeelden.nl/images/728595/Zingende_veldleeuwerik_in_de_lucht_%280_46%29.png"], "identifier": ["4962031"], "source": ["0000VELDLEEUW-NAT00Z03NU1"], "language": ["nl"], "references": [null], "mediator": [null], "spatial": ["Nederland", "Texel", "Utopia", "Noord-Holland"], "attributionName": ["Natuur Digitaal (Marc Plomp); Stichting Natuurbeelden"], "attributionURL": ["https://www.openbeelden.nl/media/728490"], "license": ["https://creativecommons.org/licenses/by-sa/3.0/nl/"], "hasformat": ["magnetictape"]}