{"title": ["Zwemmende kuifaalscholver"], "alternative": [null], "creator": ["Natuur Digitaal (Marc Plomp); Stichting Natuurbeelden"], "subject": ["buitenopname", "close", "dag", "fauna", "getijdengebieden", "kuifaalscholvers", "nat", "onderwater", "stictocarbo aristotelis", "totaal", "viseter", "vogels", "winter", "zonnig", "zwemmen"], "description": ["Clip gemaakt in de Nederlandse natuur uit de collectie van Stichting Natuurbeelden (www.natuurbeelden.nl)."], "abstract": ["Zwemmende kuifaalscholver."], "publisher": ["Stichting  Natuurbeelden", "https://www.openbeelden.nl/users/stichting_natuurbeelden"], "contributor": ["Plomp, Marc (camera)"], "date": ["2013-12-10"], "type": ["Moving Image"], "extent": ["PT1M18S"], "medium": ["https://www.openbeelden.nl/files/07/28/728760.728656.0000KUIFAALSC-NAT00Z03NRO.mp4", "https://www.openbeelden.nl/files/07/28/728762.728656.0000KUIFAALSC-NAT00Z03NRO.mp4", "https://www.openbeelden.nl/files/07/28/728656.0000KUIFAALSC-NAT00Z03NRO.mp4", "https://www.openbeelden.nl/files/07/28/728764.728656.0000KUIFAALSC-NAT00Z03NRO.webm", "https://www.openbeelden.nl/files/07/28/728756.728656.0000KUIFAALSC-NAT00Z03NRO.ogv", "https://www.openbeelden.nl/files/07/28/728758.728656.0000KUIFAALSC-NAT00Z03NRO.ogv", "https://www.openbeelden.nl/files/07/28/728769.728656.0000KUIFAALSC_NAT00Z03NRO.m3u8", "https://www.openbeelden.nl/files/07/28/728766.728656.0000KUIFAALSC-NAT00Z03NRO.ts", "https://www.openbeelden.nl/files/07/28/728672.728656.0000KUIFAALSC-NAT00Z03NRO.mpeg", "https://www.openbeelden.nl/images/728784/Zwemmende_kuifaalscholver_%280_39%29.png"], "identifier": ["4962036"], "source": ["0000KUIFAALSC-NAT00Z03NRO"], "language": ["nl"], "references": [null], "mediator": [null], "spatial": ["Oudeschild", "Waddenzee", "Nederland", "Texel", "Noord-Holland"], "attributionName": ["Natuur Digitaal (Marc Plomp); Stichting Natuurbeelden"], "attributionURL": ["https://www.openbeelden.nl/media/728652"], "license": ["https://creativecommons.org/licenses/by-sa/3.0/nl/"], "hasformat": ["magnetictape"]}