{"title": ["Nachtzwaluw met infrarood bij nacht"], "alternative": [null], "creator": ["Natuur Digitaal (Marc Plomp); Stichting Natuurbeelden"], "subject": ["bewolkt", "broeden", "buitenopname", "caprimulgrus europaeus", "close", "donsjong", "duinen", "fauna", "infrarood", "nacht", "nachtvogel", "nachtzwaluwen", "voeren", "vogels", "voorjaar"], "description": ["Clip gemaakt in de Nederlandse natuur uit de collectie van Stichting Natuurbeelden (www.natuurbeelden.nl)."], "abstract": ["Nachtzwaluw bij nest met infrarood bij nacht."], "publisher": ["Stichting  Natuurbeelden", "https://www.openbeelden.nl/users/stichting_natuurbeelden"], "contributor": ["Plomp, Marc (camera)"], "date": ["2011-06-25"], "type": ["Moving Image"], "extent": ["PT5M22S"], "medium": ["https://www.openbeelden.nl/files/07/29/729279.729196.0003NACHTZWAL-NAT00Z03O0X.mp4", "https://www.openbeelden.nl/files/07/29/729281.729196.0003NACHTZWAL-NAT00Z03O0X.mp4", "https://www.openbeelden.nl/files/07/29/729196.0003NACHTZWAL-NAT00Z03O0X.mp4", "https://www.openbeelden.nl/files/07/29/729283.729196.0003NACHTZWAL-NAT00Z03O0X.webm", "https://www.openbeelden.nl/files/07/29/729275.729196.0003NACHTZWAL-NAT00Z03O0X.ogv", "https://www.openbeelden.nl/files/07/29/729277.729196.0003NACHTZWAL-NAT00Z03O0X.ogv", "https://www.openbeelden.nl/files/07/29/729310.729196.0003NACHTZWAL_NAT00Z03O0X.m3u8", "https://www.openbeelden.nl/files/07/29/729285.729196.0003NACHTZWAL-NAT00Z03O0X.ts", "https://www.openbeelden.nl/files/07/29/729253.729196.0003NACHTZWAL-NAT00Z03O0X.mpeg", "https://www.openbeelden.nl/images/729304/Nachtzwaluw_met_infrarood_bij_nacht_%282_41%29.png"], "identifier": ["4961766"], "source": ["0003NACHTZWAL-NAT00Z03O0X"], "language": ["nl"], "references": [null], "mediator": [null], "spatial": ["Westerduinen", "Nederland", "Texel", "Noord-Holland"], "attributionName": ["Natuur Digitaal (Marc Plomp); Stichting Natuurbeelden"], "attributionURL": ["https://www.openbeelden.nl/media/729192"], "license": ["https://creativecommons.org/licenses/by-sa/3.0/nl/"], "hasformat": ["magnetictape"]}