{"title": ["Patrijs in groepje in weiland"], "alternative": [null], "creator": ["Natuur Digitaal (Marc Plomp); Stichting Natuurbeelden"], "subject": ["bewolkt", "buitenopname", "close", "cultuurlandschappen", "dag", "fauna", "koppel", "lopen", "mannetje", "motregen", "patrijzen", "perdix perdix", "roepen", "totaal", "vogels", "vrouwtje", "waken", "winter"], "description": ["Clip gemaakt in de Nederlandse natuur uit de collectie van Stichting Natuurbeelden (www.natuurbeelden.nl)."], "abstract": ["Patrijs in groepje in weiland."], "publisher": ["Stichting  Natuurbeelden", "https://www.openbeelden.nl/users/stichting_natuurbeelden"], "contributor": ["Plomp, Marc (camera)"], "date": ["2011-01-11"], "type": ["Moving Image"], "extent": ["PT3M24S"], "medium": ["https://www.openbeelden.nl/files/07/29/729416.729354.0000PATRIJS00-NAT00Z03O64.mp4", "https://www.openbeelden.nl/files/07/29/729418.729354.0000PATRIJS00-NAT00Z03O64.mp4", "https://www.openbeelden.nl/files/07/29/729354.0000PATRIJS00-NAT00Z03O64.mp4", "https://www.openbeelden.nl/files/07/29/729420.729354.0000PATRIJS00-NAT00Z03O64.webm", "https://www.openbeelden.nl/files/07/29/729412.729354.0000PATRIJS00-NAT00Z03O64.ogv", "https://www.openbeelden.nl/files/07/29/729414.729354.0000PATRIJS00-NAT00Z03O64.ogv", "https://www.openbeelden.nl/files/07/29/729424.729354.0000PATRIJS00_NAT00Z03O64.m3u8", "https://www.openbeelden.nl/files/07/29/729422.729354.0000PATRIJS00-NAT00Z03O64.ts", "https://www.openbeelden.nl/files/07/29/729384.729354.0000PATRIJS00-NAT00Z03O64.mpeg", "https://www.openbeelden.nl/images/729495/Patrijs_in_groepje_in_weiland_%281_42%29.png"], "identifier": ["4963371"], "source": ["0000PATRIJS00-NAT00Z03O64"], "language": ["nl"], "references": [null], "mediator": [null], "spatial": ["Den Oever", "Nederland", "Noord-Holland"], "attributionName": ["Natuur Digitaal (Marc Plomp); Stichting Natuurbeelden"], "attributionURL": ["https://www.openbeelden.nl/media/729350"], "license": ["https://creativecommons.org/licenses/by-sa/3.0/nl/"], "hasformat": ["magnetictape"]}