{"title": ["Scholekster in orchide\u00ebnveld"], "alternative": [null], "creator": ["Natuur Digitaal (Marc Plomp); Stichting Natuurbeelden"], "subject": ["baltsen", "bewolkt", "buitenopname", "close", "cultuurlandschappen", "dag", "fauna", "haematopus ostralegus", "orchidee", "scholeksters", "staan", "steltloper", "totaal", "vogels", "voorjaar", "wadvogel", "wijd", "zonnig"], "description": ["Clip gemaakt in de Nederlandse natuur uit de collectie van Stichting Natuurbeelden (www.natuurbeelden.nl)."], "abstract": ["Scholekster in orchide\u00ebnveld."], "publisher": ["Stichting  Natuurbeelden", "https://www.openbeelden.nl/users/stichting_natuurbeelden"], "contributor": ["Plomp, Marc (camera)"], "date": ["2009-05-17"], "type": ["Moving Image"], "extent": ["PT2M47S"], "medium": ["https://www.openbeelden.nl/files/07/29/729554.729544.0001SCHOLEKST-NAT00Z03NXL.mp4", "https://www.openbeelden.nl/files/07/29/729556.729544.0001SCHOLEKST-NAT00Z03NXL.mp4", "https://www.openbeelden.nl/files/07/29/729544.0001SCHOLEKST-NAT00Z03NXL.mp4", "https://www.openbeelden.nl/files/07/29/729558.729544.0001SCHOLEKST-NAT00Z03NXL.webm", "https://www.openbeelden.nl/files/07/29/729550.729544.0001SCHOLEKST-NAT00Z03NXL.ogv", "https://www.openbeelden.nl/files/07/29/729552.729544.0001SCHOLEKST-NAT00Z03NXL.ogv", "https://www.openbeelden.nl/files/07/29/729567.729544.0001SCHOLEKST_NAT00Z03NXL.m3u8", "https://www.openbeelden.nl/files/07/29/729560.729544.0001SCHOLEKST-NAT00Z03NXL.ts", "https://www.openbeelden.nl/files/07/29/729547.729544.0001SCHOLEKST-NAT00Z03NXL.mpeg", "https://www.openbeelden.nl/images/729572/Scholekster_in_orchide%C3%ABnveld_%281_23%29.png"], "identifier": ["4961885"], "source": ["0001SCHOLEKST-NAT00Z03NXL"], "language": ["nl"], "references": [null], "mediator": [null], "spatial": ["Nederland", "Texel", "Den Hoorn", "Noord-Holland"], "attributionName": ["Natuur Digitaal (Marc Plomp); Stichting Natuurbeelden"], "attributionURL": ["https://www.openbeelden.nl/media/729540"], "license": ["https://creativecommons.org/licenses/by-sa/3.0/nl/"], "hasformat": ["magnetictape"]}