{"title": ["Hockeywedstrijd Nationale Jeugdstorm en Bund Deutscher M\u00e4del", "Hockey match of the Nationale Jeugdstorm and Bund Deutscher M\u00e4del"], "alternative": ["Weeknummer 43-39", "Week number 43-39"], "creator": ["Polygoon-Profilti (producent) / Nederlands Instituut voor Beeld en Geluid (beheerder)", "Polygoon-Profilti (producer) / Netherlands Institute for Sound and Vision (curator)"], "subject": ["hockey", "nationaalsocialisme", "sport", "Bund Deutscher M\u00e4del", "Jeugdstorm", "hockey", "national socialism", "sport", "Bund Deutscher M\u00e4del", "Jeugdstorm"], "description": ["Bioscoopjournaals waarin Nederlandse onderwerpen van een bepaalde week worden gepresenteerd.", "Newsreels in which Dutch subjects of a certain week are presented."], "abstract": ["In het Amsterdams hockeystadion spelen meisjes van de Bund Deutscher M\u00e4del en de Nationale Jeugdstorm tegen elkaar (1-0). Plaatsvervangend NSB-leider en Hoofdstormer C. van Geelkerken ziet toe vanaf de tribune (zonnebril) en reikt na afloop prijzen uit.   Tijdens de Tweede Wereldoorlog stonden de bioscoopjournaals van de filmfabrieken Polygoon en Profilti onder toezicht van de Duitse bezetter. Polygoon en Profilti moesten samenwerken met het Duitse filmverhuurkantoor Tobis. Vanaf 1 januari 1941 kreeg het bioscoopjournaal daarom de naam Tobis Nieuws. Tot in het najaar van 1944 werden onder deze naam door Polygoon en Profilti om de beurt journaals geproduceerd.", "The girls of the Bund Deutscher M\u00e4del and the Nationale Jeugdstorm (National Youth Storm) play a match in the hockey stadium of Amsterdam (1-0). Substitute NSB leader and Hoofdstormer C. van Geelkerken watches from the stands (with sun glasses) and hands out the awards afterwards.   During World War II the newsreels by film producers Polygoon and Profilti were controlled by the German occupiers. Polygoon and Profilti had to work together with the German film rental office Tobis. From January 1, 1941 the newsreels were therefore called Tobis News. Until the fall of 1944 newsreels under this name were produced alternately by Polygoon and Profilti."], "publisher": ["Nederlands Instituut voor Beeld en Geluid", "https://www.openbeelden.nl/users/beeldengeluid"], "date": ["1943-09-18"], "type": ["Moving Image"], "extent": ["PT52S"], "medium": ["https://www.openbeelden.nl/files/73/73403.73388.WEEKNUMMER433-HRE000158CE.mp4", "https://www.openbeelden.nl/files/73/73405.73388.WEEKNUMMER433-HRE000158CE.mp4", "https://www.openbeelden.nl/files/73/73407.73388.WEEKNUMMER433-HRE000158CE.webm", "https://www.openbeelden.nl/files/73/73399.73388.WEEKNUMMER433-HRE000158CE.ogv", "https://www.openbeelden.nl/files/73/73401.73388.WEEKNUMMER433-HRE000158CE.ogv", "https://www.openbeelden.nl/files/73/73500.73388.WEEKNUMMER433_HRE000158CE.m3u8", "https://www.openbeelden.nl/files/73/73409.73388.WEEKNUMMER433-HRE000158CE.ts", "https://www.openbeelden.nl/files/73/73391.73388.WEEKNUMMER433-HRE000158CE.mpeg", "https://www.openbeelden.nl/files/73/73388.WEEKNUMMER433-HRE000158CE.mpg", "https://www.openbeelden.nl/images/603386/Hockeywedstrijd_Nationale_Jeugdstorm_en_Bund_Deutscher_M%C3%A4del_%280_26%29.png"], "identifier": ["514223"], "source": ["WEEKNUMMER433-HRE000158CE"], "language": ["nl"], "references": [null], "mediator": ["Wikimedia Commons"], "spatial": ["Amsterdam", "Nederland", "Amsterdam", "Netherlands"], "attributionName": ["Polygoon-Profilti (producent) / Nederlands Instituut voor Beeld en Geluid (beheerder)"], "attributionURL": ["https://www.openbeelden.nl/media/73389"], "license": ["https://creativecommons.org/publicdomain/mark/1.0/"]}