{"title": ["Ruiten is troef"], "alternative": ["Weeknummer 46-43"], "creator": ["Polygoon-Profilti (producent) / Nederlands Instituut voor Beeld en Geluid (beheerder)"], "subject": ["glas", "hulpacties", "inzamelingen", "wederopbouw", "ruiten"], "description": ["Bioscoopjournaals waarin Nederlandse onderwerpen van een bepaalde week worden gepresenteerd."], "abstract": ["In de door de oorlog ernstig getroffen gebieden wonen veel mensen nog in krotten of beschadigde huizen zonder ruiten. De ramen zijn dichtgetimmerd met planken of jute zakken. Met de winter in aantocht is, moet er hulp worden geboden. Via de actie \"Ruiten is troef\" wordt in verschillende plaatsen van Nederland glas (voor vensterglas) ingezameld. \u00a0SHOTS: \u00a0- PTT-auto met aanplakbiljet \"De Haagsche glas-actie voor Zeeland\"; \u00a0- in Den Haag gaan PTT'ers de huizen langs, bellen overal aan en krijgen van de mensen aan de deur stukken glas; de \"buit\" wordt verzameld in een PTT-bestelauto; \u00a0- het ingezamelde glas wordt, verpakt in kratten met houtwol, ingeladen in vrachtauto's; \u00a0- de vrachtauto's transporteren het glas Zeeuws-Vlaanderen; ze stoppen bij stadhuis waarvan de gevel volzit met kogelgaten; de kratten worden uitgeladen en naar binnen gebracht; \u00a0- glaszetters plaatsen een ruit in een sponning; \u00a0- afbeelding met speelkaarten op de radiateur van een vrachtauto; bordje met de tekst \"Ruiten is troef\" op bumper."], "publisher": ["Nederlands Instituut voor Beeld en Geluid", "https://www.openbeelden.nl/users/beeldengeluid"], "date": ["1946-10-17"], "type": ["Moving Image"], "extent": ["PT1M19S"], "medium": ["https://www.openbeelden.nl/files/07/38/738510.738499.WEEKNUMMER464-HRE000139AB_2811760_2891600.mp4", "https://www.openbeelden.nl/files/07/38/738512.738499.WEEKNUMMER464-HRE000139AB_2811760_2891600.mp4", "https://www.openbeelden.nl/files/07/38/738499.WEEKNUMMER464-HRE000139AB_2811760_2891600.mp4", "https://www.openbeelden.nl/files/07/38/738514.738499.WEEKNUMMER464-HRE000139AB_2811760_2891600.webm", "https://www.openbeelden.nl/files/07/38/738506.738499.WEEKNUMMER464-HRE000139AB_2811760_2891600.ogv", "https://www.openbeelden.nl/files/07/38/738508.738499.WEEKNUMMER464-HRE000139AB_2811760_2891600.ogv", "https://www.openbeelden.nl/files/07/38/738553.738499.WEEKNUMMER464_HRE000139AB_2811760_2891600.m3u8", "https://www.openbeelden.nl/files/07/38/738516.738499.WEEKNUMMER464-HRE000139AB_2811760_2891600.ts", "https://www.openbeelden.nl/files/07/38/738502.738499.WEEKNUMMER464-HRE000139AB_2811760_2891600.mpeg", "https://www.openbeelden.nl/images/738547/Ruiten_is_troef_%280_39%29.png"], "identifier": ["524215"], "source": ["WEEKNUMMER464-HRE000139AB"], "language": ["nl"], "references": [null], "mediator": ["Wikimedia Commons"], "spatial": ["Nederland", "Zeeland"], "attributionName": ["Polygoon-Profilti (producent) / Nederlands Instituut voor Beeld en Geluid (beheerder)"], "attributionURL": ["https://www.openbeelden.nl/media/738500"], "license": ["https://creativecommons.org/publicdomain/mark/1.0/"], "hasformat": ["film"]}