{"title": ["Haas in nood"], "alternative": [null], "creator": ["Natuur Digitaal (Marc Plomp); Stichting Natuurbeelden"], "subject": ["angst", "bewolkt", "buitenopname", "close", "dag", "getijdengebieden", "hazen", "kijken", "lepus europaeus", "motregen", "nood", "schorren", "slecht weer", "springvloed", "verdrinken", "zitten", "zomer", "zoogdieren"], "description": ["Clip gemaakt in de Nederlandse natuur uit de collectie van Stichting Natuurbeelden (www.natuurbeelden.nl)."], "abstract": ["Haas in nood door hoog water."], "publisher": ["Stichting  Natuurbeelden", "https://www.openbeelden.nl/users/stichting_natuurbeelden"], "contributor": ["Plomp, Marc (camera)"], "date": ["2011-06-19"], "type": ["Moving Image"], "extent": ["PT46S"], "medium": ["https://www.openbeelden.nl/files/07/44/744782.744737.1001HAAS00000-NAT00Z023G7.mp4", "https://www.openbeelden.nl/files/07/44/744784.744737.1001HAAS00000-NAT00Z023G7.mp4", "https://www.openbeelden.nl/files/07/44/744737.1001HAAS00000-NAT00Z023G7.mp4", "https://www.openbeelden.nl/files/07/44/744786.744737.1001HAAS00000-NAT00Z023G7.webm", "https://www.openbeelden.nl/files/07/44/744778.744737.1001HAAS00000-NAT00Z023G7.ogv", "https://www.openbeelden.nl/files/07/44/744780.744737.1001HAAS00000-NAT00Z023G7.ogv", "https://www.openbeelden.nl/files/07/44/744852.744737.1001HAAS00000_NAT00Z023G7.m3u8", "https://www.openbeelden.nl/files/07/44/744788.744737.1001HAAS00000-NAT00Z023G7.ts", "https://www.openbeelden.nl/files/07/44/744746.744737.1001HAAS00000-NAT00Z023G7.mpeg", "https://www.openbeelden.nl/images/744849/Haas_in_nood_%280_23%29.png"], "identifier": ["4676908"], "source": ["1001HAAS00000-NAT00Z023G7"], "language": ["nl"], "references": [null], "mediator": [null], "spatial": ["Waddenzee", "Nederland", "Texel", "De Schorren", "Noord-Holland"], "attributionName": ["Natuur Digitaal (Marc Plomp); Stichting Natuurbeelden"], "attributionURL": ["https://www.openbeelden.nl/media/744733"], "license": ["https://creativecommons.org/licenses/by-sa/3.0/nl/"], "hasformat": ["magnetictape"]}