{"title": ["Zonsopkomst op het wad met sneeuw"], "alternative": [null], "creator": ["Natuur Digitaal (Marc Plomp); Stichting Natuurbeelden"], "subject": ["bewolkt", "buitenopname", "dag", "getijdengebieden", "koud", "landschappen", "natuurmonumenten", "schorren", "sneeuw", "totaal", "winter", "zonnig", "zonsopgang"], "description": ["Clip gemaakt in de Nederlandse natuur uit de collectie van Stichting Natuurbeelden (www.natuurbeelden.nl)."], "abstract": ["Zonsopkomst bij laag water op het wad."], "publisher": ["Stichting  Natuurbeelden", "https://www.openbeelden.nl/users/stichting_natuurbeelden"], "contributor": ["Plomp, Marc (camera)"], "date": ["2010-01-03"], "type": ["Moving Image"], "extent": ["PT41S"], "medium": ["https://www.openbeelden.nl/files/07/44/744945.744912.8009TSCHORREN-NAT00Z023EW.mp4", "https://www.openbeelden.nl/files/07/44/744947.744912.8009TSCHORREN-NAT00Z023EW.mp4", "https://www.openbeelden.nl/files/07/44/744912.8009TSCHORREN-NAT00Z023EW.mp4", "https://www.openbeelden.nl/files/07/44/744949.744912.8009TSCHORREN-NAT00Z023EW.webm", "https://www.openbeelden.nl/files/07/44/744941.744912.8009TSCHORREN-NAT00Z023EW.ogv", "https://www.openbeelden.nl/files/07/44/744943.744912.8009TSCHORREN-NAT00Z023EW.ogv", "https://www.openbeelden.nl/files/07/44/744997.744912.8009TSCHORREN_NAT00Z023EW.m3u8", "https://www.openbeelden.nl/files/07/44/744951.744912.8009TSCHORREN-NAT00Z023EW.ts", "https://www.openbeelden.nl/files/07/44/744924.744912.8009TSCHORREN-NAT00Z023EW.mpeg", "https://www.openbeelden.nl/images/745021/Zonsopkomst_op_het_wad_met_sneeuw_%280_20%29.png"], "identifier": ["4676918"], "source": ["8009TSCHORREN-NAT00Z023EW"], "language": ["nl"], "references": [null], "mediator": [null], "spatial": ["Waddenzee", "Nederland", "Texel", "De Schorren", "Noord-Holland"], "attributionName": ["Natuur Digitaal (Marc Plomp); Stichting Natuurbeelden"], "attributionURL": ["https://www.openbeelden.nl/media/744908"], "license": ["https://creativecommons.org/licenses/by-sa/3.0/nl/"], "hasformat": ["magnetictape"]}