{"title": ["Kotter op Noordzee"], "alternative": [null], "creator": ["Natuur Digitaal (Marc Plomp); Stichting Natuurbeelden"], "subject": ["avond", "bewolkt", "boot", "buitenopname", "close", "dag", "getijdengebieden", "kusten", "landschappen", "netten", "varen", "vissen", "visserij", "voorjaar", "wijd"], "description": ["Clip gemaakt in de Nederlandse natuur uit de collectie van Stichting Natuurbeelden (www.natuurbeelden.nl)."], "abstract": ["Garnalenkotter vissend op de Noordzee."], "publisher": ["Stichting  Natuurbeelden", "https://www.openbeelden.nl/users/stichting_natuurbeelden"], "contributor": ["Plomp, Marc (camera)"], "date": ["2010-04-19"], "type": ["Moving Image"], "extent": ["PT6M5S"], "medium": ["https://www.openbeelden.nl/files/07/45/745707.745624.8043WADDENZEE-NAT00Z02AVA.mp4", "https://www.openbeelden.nl/files/07/45/745709.745624.8043WADDENZEE-NAT00Z02AVA.mp4", "https://www.openbeelden.nl/files/07/45/745624.8043WADDENZEE-NAT00Z02AVA.mp4", "https://www.openbeelden.nl/files/07/45/745711.745624.8043WADDENZEE-NAT00Z02AVA.webm", "https://www.openbeelden.nl/files/07/45/745703.745624.8043WADDENZEE-NAT00Z02AVA.ogv", "https://www.openbeelden.nl/files/07/45/745705.745624.8043WADDENZEE-NAT00Z02AVA.ogv", "https://www.openbeelden.nl/files/07/45/745769.745624.8043WADDENZEE_NAT00Z02AVA.m3u8", "https://www.openbeelden.nl/files/07/45/745713.745624.8043WADDENZEE-NAT00Z02AVA.ts", "https://www.openbeelden.nl/files/07/45/745649.745624.8043WADDENZEE-NAT00Z02AVA.mpeg", "https://www.openbeelden.nl/images/745724/Kotter_op_Noordzee_%283_02%29.png"], "identifier": ["4714714"], "source": ["8043WADDENZEE-NAT00Z02AVA"], "language": ["nl"], "references": [null], "mediator": [null], "spatial": ["Noordzee", "Nederland", "Texel", "Noord-Holland"], "attributionName": ["Natuur Digitaal (Marc Plomp); Stichting Natuurbeelden"], "attributionURL": ["https://www.openbeelden.nl/media/745620"], "license": ["https://creativecommons.org/licenses/by-sa/3.0/nl/"], "hasformat": ["magnetictape"]}