{"title": ["De Slufter"], "alternative": [null], "creator": ["Natuur Digitaal (Marc Plomp); Stichting Natuurbeelden"], "subject": ["avond", "buitenopname", "dag", "duinen", "kwelders", "landschappen", "mensen", "recreatie", "strand", "totaal", "voorjaar", "wandelen", "wind", "zonnig"], "description": ["Clip gemaakt in de Nederlandse natuur uit de collectie van Stichting Natuurbeelden (www.natuurbeelden.nl)."], "abstract": ["Mensen door de Slufter met harde wind."], "publisher": ["Stichting  Natuurbeelden", "https://www.openbeelden.nl/users/stichting_natuurbeelden"], "contributor": ["Plomp, Marc (camera)"], "date": ["2011-05-02"], "type": ["Moving Image"], "extent": ["PT1M46S"], "medium": ["https://www.openbeelden.nl/files/07/48/748166.748145.8006_TSLUFTER-NAT00Z02AT9.mp4", "https://www.openbeelden.nl/files/07/48/748168.748145.8006_TSLUFTER-NAT00Z02AT9.mp4", "https://www.openbeelden.nl/files/07/48/748145.8006_TSLUFTER-NAT00Z02AT9.mp4", "https://www.openbeelden.nl/files/07/48/748170.748145.8006_TSLUFTER-NAT00Z02AT9.webm", "https://www.openbeelden.nl/files/07/48/748162.748145.8006_TSLUFTER-NAT00Z02AT9.ogv", "https://www.openbeelden.nl/files/07/48/748164.748145.8006_TSLUFTER-NAT00Z02AT9.ogv", "https://www.openbeelden.nl/files/07/48/748188.748145.8006_TSLUFTER_NAT00Z02AT9.m3u8", "https://www.openbeelden.nl/files/07/48/748172.748145.8006_TSLUFTER-NAT00Z02AT9.ts", "https://www.openbeelden.nl/files/07/48/748157.748145.8006_TSLUFTER-NAT00Z02AT9.mpeg", "https://www.openbeelden.nl/images/748584/De_Slufter_%280_53%29.png"], "identifier": ["4714768"], "source": ["8006_TSLUFTER-NAT00Z02AT9"], "language": ["nl"], "references": [null], "mediator": [null], "spatial": ["Nederland", "Texel", "Slufter", "Noord-Holland"], "attributionName": ["Natuur Digitaal (Marc Plomp); Stichting Natuurbeelden"], "attributionURL": ["https://www.openbeelden.nl/media/748141"], "license": ["https://creativecommons.org/licenses/by-sa/3.0/nl/"], "hasformat": ["magnetictape"]}