{"title": ["Mensen in de Slufter"], "alternative": [null], "creator": ["Natuur Digitaal (Marc Plomp); Stichting Natuurbeelden"], "subject": ["avond", "buitenopname", "dag", "duinen", "landschappen", "lopen", "mensen", "recreatie", "totaal", "voorjaar", "wandelen", "wind", "zonnig"], "description": ["Clip gemaakt in de Nederlandse natuur uit de collectie van Stichting Natuurbeelden (www.natuurbeelden.nl)."], "abstract": ["Mensen op de trap van de Slufter."], "publisher": ["Stichting  Natuurbeelden", "https://www.openbeelden.nl/users/stichting_natuurbeelden"], "contributor": ["Plomp, Marc (camera)"], "date": ["2011-05-02"], "type": ["Moving Image"], "extent": ["PT56S"], "medium": ["https://www.openbeelden.nl/files/07/48/748330.748305.8003_TSLUFTER-NAT00Z02ASZ.mp4", "https://www.openbeelden.nl/files/07/48/748332.748305.8003_TSLUFTER-NAT00Z02ASZ.mp4", "https://www.openbeelden.nl/files/07/48/748305.8003_TSLUFTER-NAT00Z02ASZ.mp4", "https://www.openbeelden.nl/files/07/48/748334.748305.8003_TSLUFTER-NAT00Z02ASZ.webm", "https://www.openbeelden.nl/files/07/48/748326.748305.8003_TSLUFTER-NAT00Z02ASZ.ogv", "https://www.openbeelden.nl/files/07/48/748328.748305.8003_TSLUFTER-NAT00Z02ASZ.ogv", "https://www.openbeelden.nl/files/07/48/748381.748305.8003_TSLUFTER_NAT00Z02ASZ.m3u8", "https://www.openbeelden.nl/files/07/48/748338.748305.8003_TSLUFTER-NAT00Z02ASZ.ts", "https://www.openbeelden.nl/files/07/48/748314.748305.8003_TSLUFTER-NAT00Z02ASZ.mpeg", "https://www.openbeelden.nl/images/748576/Mensen_in_de_Slufter_%280_28%29.png"], "identifier": ["4714774"], "source": ["8003_TSLUFTER-NAT00Z02ASZ"], "language": ["nl"], "references": [null], "mediator": [null], "spatial": ["Nederland", "Texel", "Slufter", "Noord-Holland"], "attributionName": ["Natuur Digitaal (Marc Plomp); Stichting Natuurbeelden"], "attributionURL": ["https://www.openbeelden.nl/media/748301"], "license": ["https://creativecommons.org/licenses/by-sa/3.0/nl/"], "hasformat": ["magnetictape"]}