{"title": ["Stuifzand op de Vliehors"], "alternative": [null], "creator": ["Natuur Digitaal (Marc Plomp); Stichting Natuurbeelden"], "subject": ["bewolkt", "buitenopname", "close", "dag", "duinen", "duingroei", "kusten", "landschappen", "oefenterrein", "stuifzand", "totaal", "wijd", "wind", "zandvlakte", "zomer", "zonnig"], "description": ["Clip gemaakt in de Nederlandse natuur uit de collectie van Stichting Natuurbeelden (www.natuurbeelden.nl)."], "abstract": ["Stuifzand en duinvorming op de Vliehors."], "publisher": ["Stichting  Natuurbeelden", "https://www.openbeelden.nl/users/stichting_natuurbeelden"], "contributor": ["Plomp, Marc (camera)"], "date": ["2012-06-12"], "type": ["Moving Image"], "extent": ["PT8M1S"], "medium": ["https://www.openbeelden.nl/files/07/49/749103.749072.00026VLIELAND-NAT00Z02YB9.mp4", "https://www.openbeelden.nl/files/07/49/749105.749072.00026VLIELAND-NAT00Z02YB9.mp4", "https://www.openbeelden.nl/files/07/49/749072.00026VLIELAND-NAT00Z02YB9.mp4", "https://www.openbeelden.nl/files/07/49/749107.749072.00026VLIELAND-NAT00Z02YB9.webm", "https://www.openbeelden.nl/files/07/49/749099.749072.00026VLIELAND-NAT00Z02YB9.ogv", "https://www.openbeelden.nl/files/07/49/749101.749072.00026VLIELAND-NAT00Z02YB9.ogv", "https://www.openbeelden.nl/files/07/49/749174.749072.00026VLIELAND_NAT00Z02YB9.m3u8", "https://www.openbeelden.nl/files/07/49/749109.749072.00026VLIELAND-NAT00Z02YB9.ts", "https://www.openbeelden.nl/files/07/49/749087.749072.00026VLIELAND-NAT00Z02YB9.mpeg", "https://www.openbeelden.nl/images/749268/Stuifzand_op_de_Vliehors_%284_00%29.png"], "identifier": ["4804205"], "source": ["00026VLIELAND-NAT00Z02YB9"], "language": ["nl"], "references": [null], "mediator": [null], "spatial": ["Nederland", "Vliehors", "Vlieland", "Friesland"], "attributionName": ["Natuur Digitaal (Marc Plomp); Stichting Natuurbeelden"], "attributionURL": ["https://www.openbeelden.nl/media/749068"], "license": ["https://creativecommons.org/licenses/by-sa/3.0/nl/"], "hasformat": ["magnetictape"]}