{"title": ["Overzicht Posthuiswad"], "alternative": [null], "creator": ["Natuur Digitaal (Marc Plomp); Stichting Natuurbeelden"], "subject": ["Tadorna tadorna", "bergeenden", "buitenopname", "close", "dag", "dennenbos", "fauna", "getijdengebieden", "kwelders", "landschappen", "natuurgebied", "staatsbosbeheer", "totaal", "vloed", "vogels", "wind", "zomer", "zonnig"], "description": ["Clip gemaakt in de Nederlandse natuur uit de collectie van Stichting Natuurbeelden (www.natuurbeelden.nl)."], "abstract": ["Overzicht Posthuiswad bij hoog water."], "publisher": ["Stichting  Natuurbeelden", "https://www.openbeelden.nl/users/stichting_natuurbeelden"], "contributor": ["Plomp, Marc (camera)"], "date": ["2012-06-11"], "type": ["Moving Image"], "extent": ["PT11M22S"], "medium": ["https://www.openbeelden.nl/files/07/49/750051.749992.00003VLIELAND-NAT00Z02YA6.mp4", "https://www.openbeelden.nl/files/07/49/750053.749992.00003VLIELAND-NAT00Z02YA6.mp4", "https://www.openbeelden.nl/files/07/49/749992.00003VLIELAND-NAT00Z02YA6.mp4", "https://www.openbeelden.nl/files/07/49/750055.749992.00003VLIELAND-NAT00Z02YA6.webm", "https://www.openbeelden.nl/files/07/49/750047.749992.00003VLIELAND-NAT00Z02YA6.ogv", "https://www.openbeelden.nl/files/07/49/750049.749992.00003VLIELAND-NAT00Z02YA6.ogv", "https://www.openbeelden.nl/files/07/49/750097.749992.00003VLIELAND_NAT00Z02YA6.m3u8", "https://www.openbeelden.nl/files/07/49/750057.749992.00003VLIELAND-NAT00Z02YA6.ts", "https://www.openbeelden.nl/files/07/49/750001.749992.00003VLIELAND-NAT00Z02YA6.mpeg", "https://www.openbeelden.nl/images/750208/Overzicht_Posthuiswad_%285_41%29.png"], "identifier": ["4804232"], "source": ["00003VLIELAND-NAT00Z02YA6"], "language": ["nl"], "references": [null], "mediator": [null], "spatial": ["Waddenzee", "Nederland", "Vlieland", "Posthuiswad", "Friesland"], "attributionName": ["Natuur Digitaal (Marc Plomp); Stichting Natuurbeelden"], "attributionURL": ["https://www.openbeelden.nl/media/749988"], "license": ["https://creativecommons.org/licenses/by-sa/3.0/nl/"], "hasformat": ["magnetictape"]}