{"title": ["Overzicht over Hollum"], "alternative": [null], "creator": ["Natuur Digitaal (Marc Plomp); Stichting Natuurbeelden"], "subject": ["bewolkt", "buitenopname", "close", "cultuurlandschappen", "dag", "kerktoren", "landschappen", "totaal", "weilanden", "zomer"], "description": ["Clip gemaakt in de Nederlandse natuur uit de collectie van Stichting Natuurbeelden (www.natuurbeelden.nl)."], "abstract": ["Overzicht vanaf de dijk over het gehele dorp."], "publisher": ["Stichting  Natuurbeelden", "https://www.openbeelden.nl/users/stichting_natuurbeelden"], "contributor": ["Plomp, Marc (camera)"], "date": ["2012-06-03"], "type": ["Moving Image"], "extent": ["PT3M21S"], "medium": ["https://www.openbeelden.nl/files/07/50/750525.750500.000014AMELAND-NAT00Z02Y9R.mp4", "https://www.openbeelden.nl/files/07/50/750527.750500.000014AMELAND-NAT00Z02Y9R.mp4", "https://www.openbeelden.nl/files/07/50/750500.000014AMELAND-NAT00Z02Y9R.mp4", "https://www.openbeelden.nl/files/07/50/750529.750500.000014AMELAND-NAT00Z02Y9R.webm", "https://www.openbeelden.nl/files/07/50/750521.750500.000014AMELAND-NAT00Z02Y9R.ogv", "https://www.openbeelden.nl/files/07/50/750523.750500.000014AMELAND-NAT00Z02Y9R.ogv", "https://www.openbeelden.nl/files/07/50/750561.750500.000014AMELAND_NAT00Z02Y9R.m3u8", "https://www.openbeelden.nl/files/07/50/750531.750500.000014AMELAND-NAT00Z02Y9R.ts", "https://www.openbeelden.nl/files/07/50/750512.750500.000014AMELAND-NAT00Z02Y9R.mpeg", "https://www.openbeelden.nl/images/750589/Overzicht_over_Hollum_%281_40%29.png"], "identifier": ["4804243"], "source": ["000014AMELAND-NAT00Z02Y9R"], "language": ["nl"], "references": [null], "mediator": [null], "spatial": ["Nederland", "Ameland", "Hollum", "Friesland"], "attributionName": ["Natuur Digitaal (Marc Plomp); Stichting Natuurbeelden"], "attributionURL": ["https://www.openbeelden.nl/media/750496"], "license": ["https://creativecommons.org/licenses/by-sa/3.0/nl/"], "hasformat": ["magnetictape"]}