{"title": ["Hollumer Kwelder en Vogelpolle"], "alternative": [null], "creator": ["Natuur Digitaal (Marc Plomp); Stichting Natuurbeelden"], "subject": ["Larus ridibundus", "bewolkt", "botter", "buitenopname", "close", "dag", "fauna", "getijdengebieden", "kokmeeuwen", "landschappen", "natuurgebied", "vliegen", "vogels", "zeilboot", "zomer"], "description": ["Clip gemaakt in de Nederlandse natuur uit de collectie van Stichting Natuurbeelden (www.natuurbeelden.nl)."], "abstract": ["Zeilboot achter de vogelkolonie bij Vogelpolle."], "publisher": ["Stichting  Natuurbeelden", "https://www.openbeelden.nl/users/stichting_natuurbeelden"], "contributor": ["Plomp, Marc (camera)"], "date": ["2012-06-03"], "type": ["Moving Image"], "extent": ["PT4M47S"], "medium": ["https://www.openbeelden.nl/files/07/50/750677.750619.000009AMELAND-NAT00Z02Y9K.mp4", "https://www.openbeelden.nl/files/07/50/750679.750619.000009AMELAND-NAT00Z02Y9K.mp4", "https://www.openbeelden.nl/files/07/50/750619.000009AMELAND-NAT00Z02Y9K.mp4", "https://www.openbeelden.nl/files/07/50/750681.750619.000009AMELAND-NAT00Z02Y9K.webm", "https://www.openbeelden.nl/files/07/50/750673.750619.000009AMELAND-NAT00Z02Y9K.ogv", "https://www.openbeelden.nl/files/07/50/750675.750619.000009AMELAND-NAT00Z02Y9K.ogv", "https://www.openbeelden.nl/files/07/50/750690.750619.000009AMELAND_NAT00Z02Y9K.m3u8", "https://www.openbeelden.nl/files/07/50/750683.750619.000009AMELAND-NAT00Z02Y9K.ts", "https://www.openbeelden.nl/files/07/50/750625.750619.000009AMELAND-NAT00Z02Y9K.mpeg", "https://www.openbeelden.nl/images/750750/Hollumer_Kwelder_en_Vogelpolle_%282_23%29.png"], "identifier": ["4804248"], "source": ["000009AMELAND-NAT00Z02Y9K"], "language": ["nl"], "references": [null], "mediator": [null], "spatial": ["Waddenzee", "Nederland", "Ameland", "Hollumer Kwelder", "Friesland"], "attributionName": ["Natuur Digitaal (Marc Plomp); Stichting Natuurbeelden"], "attributionURL": ["https://www.openbeelden.nl/media/750615"], "license": ["https://creativecommons.org/licenses/by-sa/3.0/nl/"], "hasformat": ["magnetictape"]}