{"title": ["Vogelfotografen bij het Wagejot"], "alternative": [null], "creator": ["Natuur Digitaal (Marc Plomp); Stichting Natuurbeelden"], "subject": ["buitenopname", "canon", "close", "cultuurlandschappen", "dag", "fotografen", "fotograferen", "landschappen", "mist", "natuurfotografie", "nikon", "telelenzen", "totaal", "voorjaar", "zonnig"], "description": ["Clip gemaakt in de Nederlandse natuur uit de collectie van Stichting Natuurbeelden (www.natuurbeelden.nl)."], "abstract": ["Vogelfotografen bij het Wagejot."], "publisher": ["Stichting  Natuurbeelden", "https://www.openbeelden.nl/users/stichting_natuurbeelden"], "contributor": ["Plomp, Marc (camera)"], "date": ["2012-04-30"], "type": ["Moving Image"], "extent": ["PT6M43S"], "medium": ["https://www.openbeelden.nl/files/07/51/751042.751012.00000026TEXEL-NAT00Z02Y99.mp4", "https://www.openbeelden.nl/files/07/51/751044.751012.00000026TEXEL-NAT00Z02Y99.mp4", "https://www.openbeelden.nl/files/07/51/751012.00000026TEXEL-NAT00Z02Y99.mp4", "https://www.openbeelden.nl/files/07/51/751046.751012.00000026TEXEL-NAT00Z02Y99.webm", "https://www.openbeelden.nl/files/07/51/751038.751012.00000026TEXEL-NAT00Z02Y99.ogv", "https://www.openbeelden.nl/files/07/51/751040.751012.00000026TEXEL-NAT00Z02Y99.ogv", "https://www.openbeelden.nl/files/07/51/751096.751012.00000026TEXEL_NAT00Z02Y99.m3u8", "https://www.openbeelden.nl/files/07/51/751048.751012.00000026TEXEL-NAT00Z02Y99.ts", "https://www.openbeelden.nl/files/07/51/751027.751012.00000026TEXEL-NAT00Z02Y99.mpeg", "https://www.openbeelden.nl/images/751261/Vogelfotografen_bij_het_Wagejot_%283_21%29.png"], "identifier": ["4804258"], "source": ["00000026TEXEL-NAT00Z02Y99"], "language": ["nl"], "references": [null], "mediator": [null], "spatial": ["Nederland", "Texel", "Wagejot", "Oost", "Noord-Holland"], "attributionName": ["Natuur Digitaal (Marc Plomp); Stichting Natuurbeelden"], "attributionURL": ["https://www.openbeelden.nl/media/751008"], "license": ["https://creativecommons.org/licenses/by-sa/3.0/nl/"], "hasformat": ["magnetictape"]}