{"title": ["Kreeftepolder"], "alternative": [null], "creator": ["Natuur Digitaal (Marc Plomp); Stichting Natuurbeelden"], "subject": ["bewolkt", "buitenopname", "dag", "duinen", "duinmeertje", "jonge duinen", "landschappen", "najaar", "totaal", "zonnig"], "description": ["Clip gemaakt in de Nederlandse natuur uit de collectie van Stichting Natuurbeelden (www.natuurbeelden.nl)."], "abstract": ["Kreeftepolder."], "publisher": ["Stichting  Natuurbeelden", "https://www.openbeelden.nl/users/stichting_natuurbeelden"], "contributor": ["Plomp, Marc (camera)"], "date": ["2012-10-08"], "type": ["Moving Image"], "extent": ["PT1M48S"], "medium": ["https://www.openbeelden.nl/files/07/51/751234.751213.00000021TEXEL-NAT00Z02Y92.mp4", "https://www.openbeelden.nl/files/07/51/751236.751213.00000021TEXEL-NAT00Z02Y92.mp4", "https://www.openbeelden.nl/files/07/51/751213.00000021TEXEL-NAT00Z02Y92.mp4", "https://www.openbeelden.nl/files/07/51/751238.751213.00000021TEXEL-NAT00Z02Y92.webm", "https://www.openbeelden.nl/files/07/51/751230.751213.00000021TEXEL-NAT00Z02Y92.ogv", "https://www.openbeelden.nl/files/07/51/751232.751213.00000021TEXEL-NAT00Z02Y92.ogv", "https://www.openbeelden.nl/files/07/51/751262.751213.00000021TEXEL_NAT00Z02Y92.m3u8", "https://www.openbeelden.nl/files/07/51/751240.751213.00000021TEXEL-NAT00Z02Y92.ts", "https://www.openbeelden.nl/files/07/51/751222.751213.00000021TEXEL-NAT00Z02Y92.mpeg", "https://www.openbeelden.nl/images/751300/Kreeftepolder_%280_54%29.png"], "identifier": ["4804263"], "source": ["00000021TEXEL-NAT00Z02Y92"], "language": ["nl"], "references": [null], "mediator": [null], "spatial": ["Nederland", "Texel", "Kreeftepolder", "Noord-Holland"], "attributionName": ["Natuur Digitaal (Marc Plomp); Stichting Natuurbeelden"], "attributionURL": ["https://www.openbeelden.nl/media/751209"], "license": ["https://creativecommons.org/licenses/by-sa/3.0/nl/"], "hasformat": ["magnetictape"]}