{"title": ["Friese waddenkust met vogels"], "alternative": [null], "creator": ["Natuur Digitaal (Marc Plomp); Stichting Natuurbeelden"], "subject": ["Aster tripolium", "Calidris canutus", "Charadris hiaticula", "Larus canus", "Larus ridibundus", "Numenius arquata", "Recurvirostra avosetta", "Tadorna tadorna", "bergeenden", "bontbekplevier", "buitenopname", "close", "dag", "eb", "eten", "fauna", "flora", "getijdengebieden", "hoogwatervluchtplaats", "kanoeten", "kluten", "kokmeeuwen", "kwelders", "landschappen", "rusten", "schorren", "slapen", "stormmeeuwen", "totaal", "vliegen", "vloed", "vogels", "wijd", "wulpen", "zeeaster", "zeilboot", "zomer", "zonnig"], "description": ["Clip gemaakt in de Nederlandse natuur uit de collectie van Stichting Natuurbeelden (www.natuurbeelden.nl)."], "abstract": ["Friese waddenkust met vogels."], "publisher": ["Stichting  Natuurbeelden", "https://www.openbeelden.nl/users/stichting_natuurbeelden"], "contributor": ["Plomp, Marc (camera)"], "date": ["2012-09-04"], "type": ["Moving Image"], "extent": ["PT12M28S"], "medium": ["https://www.openbeelden.nl/files/07/51/752043.751974.0002FRIESLAND-NAT00Z02YBE.mp4", "https://www.openbeelden.nl/files/07/51/752045.751974.0002FRIESLAND-NAT00Z02YBE.mp4", "https://www.openbeelden.nl/files/07/51/751974.0002FRIESLAND-NAT00Z02YBE.mp4", "https://www.openbeelden.nl/files/07/51/752047.751974.0002FRIESLAND-NAT00Z02YBE.webm", "https://www.openbeelden.nl/files/07/51/752039.751974.0002FRIESLAND-NAT00Z02YBE.ogv", "https://www.openbeelden.nl/files/07/51/752041.751974.0002FRIESLAND-NAT00Z02YBE.ogv", "https://www.openbeelden.nl/files/07/51/752114.751974.0002FRIESLAND_NAT00Z02YBE.m3u8", "https://www.openbeelden.nl/files/07/51/752049.751974.0002FRIESLAND-NAT00Z02YBE.ts", "https://www.openbeelden.nl/files/07/51/751980.751974.0002FRIESLAND-NAT00Z02YBE.mpeg", "https://www.openbeelden.nl/images/752098/Friese_waddenkust_met_vogels_%286_14%29.png"], "identifier": ["4804283"], "source": ["0002FRIESLAND-NAT00Z02YBE"], "language": ["nl"], "references": [null], "mediator": [null], "spatial": ["Westhoek", "Waddenzee", "Nederland", "Friesland"], "attributionName": ["Natuur Digitaal (Marc Plomp); Stichting Natuurbeelden"], "attributionURL": ["https://www.openbeelden.nl/media/751970"], "license": ["https://creativecommons.org/licenses/by-sa/3.0/nl/"], "hasformat": ["magnetictape"]}