{"title": ["De ''Modjokerto'', moederschip voor schepen"], "alternative": ["Weeknummer 50-45"], "creator": ["Polygoon-Profilti (producent) / Nederlands Instituut voor Beeld en Geluid (beheerder)"], "subject": ["bijzondere vaartuigen", "kustvaarders", "schepen", "bijzondere transporten"], "description": ["Bioscoopjournaals waarin Nederlandse onderwerpen van een bepaalde week worden gepresenteerd."], "abstract": ["In het vrachtschip \"Modjokerto\", ingericht voor het vervoer van kleinere schepen, wordt een kustvaarder, bestemd voor Indonesi\u00eb, ingeladen. \u00a0SHOTS: \u00a0- De \"Modjokerto\" ligt langs de kade in Rotterdam. Langszij ligt een kleine kustvaarder, de \"Sungei Deli\". Een reusachtige drijvende bok, de \"Heracles\", takelt het scheepje uit het water omhoog en laat dit langzaam neer op het voordek van de \"Modjokerto\". Op dit dek bevinden zich speciale houten stoelen waarin de romp van de \"Sungei Deli\" precies past; - vooraanzicht \"Modjokerto\" met div. schepen aan dek."], "publisher": ["Nederlands Instituut voor Beeld en Geluid", "https://www.openbeelden.nl/users/beeldengeluid"], "date": ["1950-11-05"], "type": ["Moving Image"], "extent": ["PT1M37S"], "medium": ["https://www.openbeelden.nl/files/07/54/754998.754897.WEEKNUMMER504-HRE00016BA6_2646000_2743440.mp4", "https://www.openbeelden.nl/files/07/54/755000.754897.WEEKNUMMER504-HRE00016BA6_2646000_2743440.mp4", "https://www.openbeelden.nl/files/07/54/754897.WEEKNUMMER504-HRE00016BA6_2646000_2743440.mp4", "https://www.openbeelden.nl/files/07/54/755002.754897.WEEKNUMMER504-HRE00016BA6_2646000_2743440.webm", "https://www.openbeelden.nl/files/07/54/754994.754897.WEEKNUMMER504-HRE00016BA6_2646000_2743440.ogv", "https://www.openbeelden.nl/files/07/54/754996.754897.WEEKNUMMER504-HRE00016BA6_2646000_2743440.ogv", "https://www.openbeelden.nl/files/07/54/755039.754897.WEEKNUMMER504_HRE00016BA6_2646000_2743440.m3u8", "https://www.openbeelden.nl/files/07/54/755004.754897.WEEKNUMMER504-HRE00016BA6_2646000_2743440.ts", "https://www.openbeelden.nl/files/07/54/754970.754897.WEEKNUMMER504-HRE00016BA6_2646000_2743440.mpeg", "https://www.openbeelden.nl/images/755065/De_%27%27Modjokerto%27%27%2C_moederschip_voor_schepen_%280_48%29.png"], "identifier": ["523492"], "source": ["WEEKNUMMER504-HRE00016BA6"], "language": ["nl"], "references": [null], "mediator": ["Wikimedia Commons"], "spatial": ["Nederland", "Rotterdam"], "attributionName": ["Polygoon-Profilti (producent) / Nederlands Instituut voor Beeld en Geluid (beheerder)"], "attributionURL": ["https://www.openbeelden.nl/media/754898"], "license": ["https://creativecommons.org/licenses/by-sa/3.0/nl/"], "hasformat": ["film"]}