{"title": ["De organisten van het wonderorgel in de Cinema Royal"], "alternative": ["Weeknummer 25-06"], "creator": ["Polygoon-Profilti (producent) / Nederlands Instituut voor Beeld en Geluid (beheerder)"], "subject": ["bioscopen", "musici", "orgels", "Cinema Royal.", "Jong, Johan de", "Groot, H. de.", "Brinkman, Philip"], "description": ["Bioscoopjournaals waarin Nederlandse onderwerpen van een bepaalde week worden gepresenteerd."], "abstract": ["Organisten en kapelmeester van Cinema Royal. op 35'24\" cu Philip Brinkman, organist. op 35'33\" cu Johan de Jong, organist. op 35'48\" cu H. de Groot, kapelmeester."], "publisher": ["europeanasounds", "https://www.openbeelden.nl/users/europeanasounds"], "date": ["1925-01-11"], "type": ["Moving Image"], "extent": ["PT32S"], "medium": ["https://www.openbeelden.nl/files/07/63/763748.763708.WEEKNUMMER243-HRE00003E8A.mp4", "https://www.openbeelden.nl/files/07/63/763750.763708.WEEKNUMMER243-HRE00003E8A.mp4", "https://www.openbeelden.nl/files/07/63/763708.WEEKNUMMER243-HRE00003E8A.mp4", "https://www.openbeelden.nl/files/07/63/763752.763708.WEEKNUMMER243-HRE00003E8A.webm", "https://www.openbeelden.nl/files/07/63/763744.763708.WEEKNUMMER243-HRE00003E8A.ogv", "https://www.openbeelden.nl/files/07/63/763746.763708.WEEKNUMMER243-HRE00003E8A.ogv", "https://www.openbeelden.nl/files/07/63/763789.763708.WEEKNUMMER243_HRE00003E8A.m3u8", "https://www.openbeelden.nl/files/07/63/763754.763708.WEEKNUMMER243-HRE00003E8A.ts", "https://www.openbeelden.nl/files/07/63/763719.763708.WEEKNUMMER243-HRE00003E8A.mpeg", "https://www.openbeelden.nl/images/764250/De_organisten_van_het_wonderorgel_in_de_Cinema_Royal_%280_16%29.png"], "identifier": ["29963"], "source": ["WEEKNUMMER243-HRE00003E8A"], "language": ["nl"], "references": [null], "mediator": [null], "spatial": ["Amsterdam", "Nederland."], "attributionName": ["Polygoon-Profilti (producent) / Nederlands Instituut voor Beeld en Geluid (beheerder)"], "attributionURL": ["https://www.openbeelden.nl/media/763704"], "license": ["https://creativecommons.org/publicdomain/mark/1.0/"], "hasformat": ["digitalfile"]}