{"title": ["Amateur orgelbouwer"], "alternative": ["Weeknummer 46-28"], "creator": ["Polygoon-Profilti (producent) / Nederlands Instituut voor Beeld en Geluid (beheerder)"], "subject": ["amateurs", "orgelbouwers", "orgels"], "description": ["Bioscoopjournaals waarin Nederlandse onderwerpen van een bepaalde week worden gepresenteerd."], "abstract": ["In Leeuwarden heeft een amateur zes jaar lang thuis gebouwd aan een eigen pijporgel. SHOTS: de man aan het werk met orgelpijpen en windladen; plaatst pijpen in de orgelkas; speelt, gezeten achter de klavieren, een stukje op het orgel en eindigt met de laatste regel van het Friese volkslied."], "publisher": ["europeanasounds", "https://www.openbeelden.nl/users/europeanasounds"], "date": ["1946-06-29"], "type": ["Moving Image"], "extent": ["PT1M9S"], "medium": ["https://www.openbeelden.nl/files/07/64/764048.764006.WEEKNUMMER462-HRE0000DEA5.mp4", "https://www.openbeelden.nl/files/07/64/764050.764006.WEEKNUMMER462-HRE0000DEA5.mp4", "https://www.openbeelden.nl/files/07/64/764006.WEEKNUMMER462-HRE0000DEA5.mp4", "https://www.openbeelden.nl/files/07/64/764052.764006.WEEKNUMMER462-HRE0000DEA5.webm", "https://www.openbeelden.nl/files/07/64/764044.764006.WEEKNUMMER462-HRE0000DEA5.ogv", "https://www.openbeelden.nl/files/07/64/764046.764006.WEEKNUMMER462-HRE0000DEA5.ogv", "https://www.openbeelden.nl/files/07/64/764073.764006.WEEKNUMMER462_HRE0000DEA5.m3u8", "https://www.openbeelden.nl/files/07/64/764054.764006.WEEKNUMMER462-HRE0000DEA5.ts", "https://www.openbeelden.nl/files/07/64/764017.764006.WEEKNUMMER462-HRE0000DEA5.mpeg", "https://www.openbeelden.nl/images/764242/Amateur_orgelbouwer_%280_34%29.png"], "identifier": ["524221"], "source": ["WEEKNUMMER462-HRE0000DEA5"], "language": ["nl"], "references": [null], "mediator": [null], "spatial": ["Nederland", "Leeuwarden"], "attributionName": ["Polygoon-Profilti (producent) / Nederlands Instituut voor Beeld en Geluid (beheerder)"], "attributionURL": ["https://www.openbeelden.nl/media/764002"], "license": ["https://creativecommons.org/publicdomain/mark/1.0/"], "hasformat": ["Film"]}