{"title": ["Van Speeldoos tot Pierement"], "alternative": ["Weeknummer 74-04"], "creator": ["Polygoon-Profilti (producent) / Nederlands Instituut voor Beeld en Geluid (beheerder)"], "subject": ["musea", "orgels", "Nationaal Museum Van Speelklok tot Pierement"], "description": ["Bioscoopjournaals waarin Nederlandse onderwerpen van een bepaalde week worden gepresenteerd."], "abstract": ["Impressie van Het Nationaal Museum Van Speeldoos tot Pierement te Utrecht, met een buikorgeltje, een cilinderspeeldoos, een 18e eeuws bijouterie-doosje met zingende vogel, een Frans pendule-uurwerk, een 18e eeuwse klok uit het Zwarte Woud, een platenspeeldoos uit 1890, een pianola uit 1912, een Philips Paganini Orchestrion uit 1919, een dansorgel uit de badplaats Blankenberge en een Frans Gaviolo-dansorgel."], "publisher": ["europeanasounds", "https://www.openbeelden.nl/users/europeanasounds"], "date": ["1974-01-01"], "type": ["Moving Image"], "extent": ["PT2M22S"], "medium": ["https://www.openbeelden.nl/files/07/64/764546.764505.WEEKNUMMER740-HRE00013551.mp4", "https://www.openbeelden.nl/files/07/64/764548.764505.WEEKNUMMER740-HRE00013551.mp4", "https://www.openbeelden.nl/files/07/64/764505.WEEKNUMMER740-HRE00013551.mp4", "https://www.openbeelden.nl/files/07/64/764550.764505.WEEKNUMMER740-HRE00013551.webm", "https://www.openbeelden.nl/files/07/64/764542.764505.WEEKNUMMER740-HRE00013551.ogv", "https://www.openbeelden.nl/files/07/64/764544.764505.WEEKNUMMER740-HRE00013551.ogv", "https://www.openbeelden.nl/files/07/64/764578.764505.WEEKNUMMER740_HRE00013551.m3u8", "https://www.openbeelden.nl/files/07/64/764552.764505.WEEKNUMMER740-HRE00013551.ts", "https://www.openbeelden.nl/files/07/64/764516.764505.WEEKNUMMER740-HRE00013551.mpeg", "https://www.openbeelden.nl/images/765074/Van_Speeldoos_tot_Pierement_%281_11%29.png"], "identifier": ["516041"], "source": ["WEEKNUMMER740-HRE00013551"], "language": ["nl"], "references": [null], "mediator": [null], "spatial": ["Utrecht", "Nederland"], "attributionName": ["Polygoon-Profilti (producent) / Nederlands Instituut voor Beeld en Geluid (beheerder)"], "attributionURL": ["https://www.openbeelden.nl/media/764501"], "license": ["https://creativecommons.org/licenses/by-sa/3.0/nl/"], "hasformat": ["digitalfile"]}