{"title": ["Van Speeldoos tot Pierement"], "alternative": ["Weeknummer 58-15"], "creator": ["Polygoon-Profilti (producent) / Nederlands Instituut voor Beeld en Geluid (beheerder)"], "subject": ["musea", "orgels", "Nationaal Museum van Speelklok tot Pierement"], "description": ["Bioscoopjournaals waarin Nederlandse onderwerpen van een bepaalde week worden gepresenteerd."], "abstract": ["Het Nationaal Museum Van Speeldoos tot Pierement te Utrecht, met oa een miniatuur-pierement, de Tiroler Speelman, een Spaans cilindrisch pianootje, een cilinderorgel, een aaporgel en een vogelpendule."], "publisher": ["europeanasounds", "https://www.openbeelden.nl/users/europeanasounds"], "date": ["1958-03-07"], "type": ["Moving Image"], "extent": ["PT1M39S"], "medium": ["https://www.openbeelden.nl/files/07/64/764958.764921.WEEKNUMMER581-HRE0000D4EF.mp4", "https://www.openbeelden.nl/files/07/64/764960.764921.WEEKNUMMER581-HRE0000D4EF.mp4", "https://www.openbeelden.nl/files/07/64/764921.WEEKNUMMER581-HRE0000D4EF.mp4", "https://www.openbeelden.nl/files/07/64/764962.764921.WEEKNUMMER581-HRE0000D4EF.webm", "https://www.openbeelden.nl/files/07/64/764954.764921.WEEKNUMMER581-HRE0000D4EF.ogv", "https://www.openbeelden.nl/files/07/64/764956.764921.WEEKNUMMER581-HRE0000D4EF.ogv", "https://www.openbeelden.nl/files/07/64/764970.764921.WEEKNUMMER581_HRE0000D4EF.m3u8", "https://www.openbeelden.nl/files/07/64/764964.764921.WEEKNUMMER581-HRE0000D4EF.ts", "https://www.openbeelden.nl/files/07/64/764932.764921.WEEKNUMMER581-HRE0000D4EF.mpeg", "https://www.openbeelden.nl/images/765061/Van_Speeldoos_tot_Pierement_%280_49%29.png"], "identifier": ["518812"], "source": ["WEEKNUMMER581-HRE0000D4EF"], "language": ["nl"], "references": [null], "mediator": [null], "spatial": ["Utrecht", "Nederland"], "attributionName": ["Polygoon-Profilti (producent) / Nederlands Instituut voor Beeld en Geluid (beheerder)"], "attributionURL": ["https://www.openbeelden.nl/media/764917"], "license": ["https://creativecommons.org/publicdomain/mark/1.0/"], "hasformat": ["digitalfile"]}