{"title": ["Voetbalwedstrijd Holland - Denemarken"], "alternative": ["Weeknummer 22-02"], "creator": ["Polygoon-Profilti (producent) / Nederlands Instituut voor Beeld en Geluid (beheerder)"], "subject": ["auto's", "menigte", "muziekkorpsen", "publiek", "scheidsrechters", "stadions", "voetbal", "Nederlands elftal", "nationaal team Denemarken", "Dannin", "Frigast", "Bulder, Jaap", "Grothan, Berth", "Hulsman", "Jorgensen", "Tilburg, Van", "Pelser, Denis", "Larsen, Otto", "Rodermond", "Rohde", "Kessler, De", "Nielsen", "Meisl", "Linge, Van", "Groen", "Hordijk", "Kessler, Boelie", "Larsen", "Jensen", "Blicher"], "description": ["Bioscoopjournaals waarin Nederlandse onderwerpen van een bepaalde week worden gepresenteerd."], "abstract": ["Muziekkorps marcheert over veld 7\". Medium shot tribune vol met publiek 4\". Spelers Denemarken uit poort door erehaag junioren 13\". Presentatie Deens elftal op veld 10\". Nederlands elftal uit poort idem 18\". Presentatie Nederlands elftal voor tribune 25\". Cu enkele Nederlandse spelers 10\". Tossen door scheidsrechter Meisl (Oostenrijk), kijkt op horloge 12\". Aftrap + spelfragmenten 30\". Medium shot keeper Nederland in doel 9\". Medium pan langs volle tribune 16\". Juichende mensen op tribune 10\". Div. spelfragmenten 58\". Hoogshot na uitgaan stadion, menigte wandelt langs div. marktkramen, oude auto's op de achtergrond 41\". Aantekening : Film is waarschijnlijk niet meer geheel compleet."], "publisher": ["europeanasounds", "https://www.openbeelden.nl/users/europeanasounds"], "date": ["1922-04-16"], "type": ["Moving Image"], "extent": ["PT4M18S"], "medium": ["https://www.openbeelden.nl/files/07/65/765656.765609.WEEKNUMMER220-HRE0001B06E.mp4", "https://www.openbeelden.nl/files/07/65/765658.765609.WEEKNUMMER220-HRE0001B06E.mp4", "https://www.openbeelden.nl/files/07/65/765609.WEEKNUMMER220-HRE0001B06E.mp4", "https://www.openbeelden.nl/files/07/65/765660.765609.WEEKNUMMER220-HRE0001B06E.webm", "https://www.openbeelden.nl/files/07/65/765652.765609.WEEKNUMMER220-HRE0001B06E.ogv", "https://www.openbeelden.nl/files/07/65/765654.765609.WEEKNUMMER220-HRE0001B06E.ogv", "https://www.openbeelden.nl/files/07/65/765669.765609.WEEKNUMMER220_HRE0001B06E.m3u8", "https://www.openbeelden.nl/files/07/65/765662.765609.WEEKNUMMER220-HRE0001B06E.ts", "https://www.openbeelden.nl/files/07/65/765629.765609.WEEKNUMMER220-HRE0001B06E.mpeg", "https://www.openbeelden.nl/images/765730/Voetbalwedstrijd_Holland_-_Denemarken_%282_09%29.png"], "identifier": ["518747"], "source": ["WEEKNUMMER220-HRE0001B06E"], "language": ["nl"], "references": [null], "mediator": [null], "spatial": ["Nederland", "Amsterdam"], "attributionName": ["Polygoon-Profilti (producent) / Nederlands Instituut voor Beeld en Geluid (beheerder)", "Polygoon-Profilti (producent) / Nederlands Instituut voor Beeld en Geluid (beheerder)"], "attributionURL": ["https://www.openbeelden.nl/media/765605", "https://www.openbeelden.nl/media/765605"], "license": ["https://creativecommons.org/publicdomain/mark/1.0/", "https://creativecommons.org/publicdomain/mark/1.0/"], "hasformat": ["digitalfile"]}