{"title": ["50 Jarig bestaan van de Koninklijke Harmonie"], "alternative": ["Weeknummer 24-35"], "creator": ["Polygoon-Profilti (producent) / Nederlands Instituut voor Beeld en Geluid (beheerder)"], "subject": ["harmonieorkesten", "jubilea", "muziekkorpsen", "Koninklijke Harmonie"], "description": ["Bioscoopjournaals waarin Nederlandse onderwerpen van een bepaalde week worden gepresenteerd."], "abstract": ["Een hoog totaalshot, onduidelijk, van optocht van de Koninklijke Harmonie van Roermond door de stad."], "publisher": ["europeanasounds", "https://www.openbeelden.nl/users/europeanasounds"], "date": ["1925-07-17"], "type": ["Moving Image"], "extent": ["PT40S"], "medium": ["https://www.openbeelden.nl/files/07/66/766231.766086.WEEKNUMMER243-HRE0001F2E4_2902640_2943000.mp4", "https://www.openbeelden.nl/files/07/66/766233.766086.WEEKNUMMER243-HRE0001F2E4_2902640_2943000.mp4", "https://www.openbeelden.nl/files/07/66/766086.WEEKNUMMER243-HRE0001F2E4_2902640_2943000.mp4", "https://www.openbeelden.nl/files/07/66/766235.766086.WEEKNUMMER243-HRE0001F2E4_2902640_2943000.webm", "https://www.openbeelden.nl/files/07/66/766227.766086.WEEKNUMMER243-HRE0001F2E4_2902640_2943000.ogv", "https://www.openbeelden.nl/files/07/66/766229.766086.WEEKNUMMER243-HRE0001F2E4_2902640_2943000.ogv", "https://www.openbeelden.nl/files/07/66/766239.766086.WEEKNUMMER243_HRE0001F2E4_2902640_2943000.m3u8", "https://www.openbeelden.nl/files/07/66/766237.766086.WEEKNUMMER243-HRE0001F2E4_2902640_2943000.ts", "https://www.openbeelden.nl/files/07/66/766089.766086.WEEKNUMMER243-HRE0001F2E4_2902640_2943000.mpeg", "https://www.openbeelden.nl/images/766850/50_Jarig_bestaan_van_de_Koninklijke_Harmonie_%280_20%29.png"], "identifier": ["524238"], "source": ["WEEKNUMMER243-HRE0001F2E4"], "language": ["nl"], "references": [null], "mediator": [null], "spatial": ["Nederland", "Roermond"], "attributionName": ["Polygoon-Profilti (producent) / Nederlands Instituut voor Beeld en Geluid (beheerder)"], "attributionURL": ["https://www.openbeelden.nl/media/766087"], "license": ["https://creativecommons.org/publicdomain/mark/1.0/"], "hasformat": ["film"]}