{"title": ["Jaarvergadering van de ANWB"], "alternative": ["Weeknummer 24-35"], "creator": ["Polygoon-Profilti (producent) / Nederlands Instituut voor Beeld en Geluid (beheerder)"], "subject": ["adel", "auto's", "burgemeesters", "drinkers", "eters", "feesten", "gilden", "jaarverslagen", "kastelen", "muziekkorpsen", "onthullingen", "optochten", "persfotografen", "vergaderingen", "wandelen", "rijtoeren*", "wegwijzers", "Bergsma, Edo", "Hens, P.A.", "Hovell tot Westerflier, E.O.J.M. van", "Oppen,L.J.B. van", "Pos, G.A.", "Redele, J.C.", "Slicher, J.H.", "Wolff Metternich", "ANWB", "Gramsveld", "Hillenraedt", "Maastricht", "Valkenburg"], "description": ["Bioscoopjournaals waarin Nederlandse onderwerpen van een bepaalde week worden gepresenteerd."], "abstract": ["Jaarvergadering en uitstapje van de ANWB, div. activiteiten in de omgeving van Swalmen. Mediumshot Edo Bergsma, burgemeester van Enschede en voorzitter van de ANWB, 9\". Mediumshot dhr. Andries, bestuurslid ANWNB, 4\". Div. shots optocht , wandeltocht, muziekkorps, gevolgd door ANWB leden, op weg naar kasteel Hillenraedt Bij Swalmen, 39\"+14\". Mediumshot kasteel Hillenraedt, 5\". Mediumshot en totaalshot ontvangst van de gasten op het terras van het kasteel door graaf en gravin Wolff Metternich, 13\". Mediumshot graaf Wolff Metternich met G.A. Pos hoofdconsul van de ANWB, 14\". Mediumshot gezeldschap staand aan de koffietafel op het terras, 7\". Instappen in open auto's en rijtoer door de omgeving, 54\". Op 22'16\" cu van een persfotograaf met camera, 5\". Gezelschap bij onthulling van het 3000ste ANWB richtingbord te Gramsveld. De onthulling wordt verricht door mr. E.O.J.M. baron van Hovell tot Westerflier, commissaris der Koningin in Limburg, 30\". Two-shot 2 heren, J.H. Slicher en J.C. Redele, beiden ANWB bestuurders, 14\". Mediumpan langs poserende gilde leden, schuttersgilde, gildekoning, schutterskeizer, behangen met gildezilver, 14\". Onder de aanwezigen moet ook zijn: mr. L.J.B. van Oppen, burgemeester van Maastricht, op 22'51\". Op 23'43\" voorzitter Bergsma in gesprek met P.A. Hens, burgemeester van Valkenburg, 14\"."], "publisher": ["europeanasounds", "https://www.openbeelden.nl/users/europeanasounds"], "date": ["1925-08-08"], "type": ["Moving Image"], "extent": ["PT4M6S"], "medium": ["https://www.openbeelden.nl/files/07/66/766078.766067.WEEKNUMMER243-HRE00015766_1227920_1474000.mp4", "https://www.openbeelden.nl/files/07/66/766080.766067.WEEKNUMMER243-HRE00015766_1227920_1474000.mp4", "https://www.openbeelden.nl/files/07/66/766067.WEEKNUMMER243-HRE00015766_1227920_1474000.mp4", "https://www.openbeelden.nl/files/07/66/766082.766067.WEEKNUMMER243-HRE00015766_1227920_1474000.webm", "https://www.openbeelden.nl/files/07/66/766074.766067.WEEKNUMMER243-HRE00015766_1227920_1474000.ogv", "https://www.openbeelden.nl/files/07/66/766076.766067.WEEKNUMMER243-HRE00015766_1227920_1474000.ogv", "https://www.openbeelden.nl/files/07/66/766128.766067.WEEKNUMMER243_HRE00015766_1227920_1474000.m3u8", "https://www.openbeelden.nl/files/07/66/766084.766067.WEEKNUMMER243-HRE00015766_1227920_1474000.ts", "https://www.openbeelden.nl/files/07/66/766070.766067.WEEKNUMMER243-HRE00015766_1227920_1474000.mpeg", "https://www.openbeelden.nl/images/766317/Jaarvergadering_van_de_ANWB_%282_03%29.png"], "identifier": ["514176"], "source": ["WEEKNUMMER243-HRE00015766"], "language": ["nl"], "references": [null], "mediator": [null], "spatial": ["Nederland", "Swalmen"], "attributionName": ["Polygoon-Profilti (producent) / Nederlands Instituut voor Beeld en Geluid (beheerder)"], "attributionURL": ["https://www.openbeelden.nl/media/766068"], "license": ["https://creativecommons.org/publicdomain/mark/1.0/"], "hasformat": ["film"]}