{"title": ["Opening nieuwe verkeersbrug"], "alternative": ["Weeknummer 24-35"], "creator": ["Polygoon-Profilti (producent) / Nederlands Instituut voor Beeld en Geluid (beheerder)"], "subject": ["bruggen", "burgemeesters", "muziekkorpsen", "openingen", "verkeer", "gegoede burgerij", "hoge hoeden", "Simons, L.H."], "description": ["Bioscoopjournaals waarin Nederlandse onderwerpen van een bepaalde week worden gepresenteerd."], "abstract": ["Opening van de nieuwe, bredere brug in de Haarlemmerweg bij Halfweg, de verbinding tussen A'dam en Haarlem. - totaalshot nieuwe, lege brug met lint en vlag, ernaast passeert een tram, 18\" - totaalshot aanlopen notabelen, gegoede burgerij, en cu L.H. Simons, burgemeester van Halfweg, met hoge hoed, die toespraak houdt, 25\" - totaalshot openings plechtigheid, 11\" - hoog totaalshot muziekkorps, gevolgd door publiek, lopen over de brug, 21\". Aantekening : BRON: Gemeente Archief Haarlem"], "publisher": ["europeanasounds", "https://www.openbeelden.nl/users/europeanasounds"], "date": ["1925-10-10"], "type": ["Moving Image"], "extent": ["PT1M17S"], "medium": ["https://www.openbeelden.nl/files/07/66/766138.766100.WEEKNUMMER243-HRE0001572E_1663840_1741720.mp4", "https://www.openbeelden.nl/files/07/66/766140.766100.WEEKNUMMER243-HRE0001572E_1663840_1741720.mp4", "https://www.openbeelden.nl/files/07/66/766100.WEEKNUMMER243-HRE0001572E_1663840_1741720.mp4", "https://www.openbeelden.nl/files/07/66/766142.766100.WEEKNUMMER243-HRE0001572E_1663840_1741720.webm", "https://www.openbeelden.nl/files/07/66/766134.766100.WEEKNUMMER243-HRE0001572E_1663840_1741720.ogv", "https://www.openbeelden.nl/files/07/66/766136.766100.WEEKNUMMER243-HRE0001572E_1663840_1741720.ogv", "https://www.openbeelden.nl/files/07/66/766147.766100.WEEKNUMMER243_HRE0001572E_1663840_1741720.m3u8", "https://www.openbeelden.nl/files/07/66/766144.766100.WEEKNUMMER243-HRE0001572E_1663840_1741720.ts", "https://www.openbeelden.nl/files/07/66/766103.766100.WEEKNUMMER243-HRE0001572E_1663840_1741720.mpeg", "https://www.openbeelden.nl/images/766316/Opening_nieuwe_verkeersbrug_%280_38%29.png"], "identifier": ["517301"], "source": ["WEEKNUMMER243-HRE0001572E"], "language": ["nl"], "references": [null], "mediator": [null], "spatial": ["Halfweg", "Nederland"], "attributionName": ["Polygoon-Profilti (producent) / Nederlands Instituut voor Beeld en Geluid (beheerder)"], "attributionURL": ["https://www.openbeelden.nl/media/766101"], "license": ["https://creativecommons.org/publicdomain/mark/1.0/"], "hasformat": ["film"]}