{"title": ["Lustrumoptocht studenten"], "alternative": ["Weeknummer 28-29"], "creator": ["Polygoon-Profilti (producent) / Nederlands Instituut voor Beeld en Geluid (beheerder)"], "subject": ["optochten", "studenten"], "description": ["Bioscoopjournaals waarin Nederlandse onderwerpen van een bepaalde week worden gepresenteerd."], "abstract": ["Rotterdamse studenten houden een optocht tgv hun derde lustrum. SHOTS: -Optocht met politie te paard, een muziekkorps, div. koetsen en ruiterij met vaandel; heren stappen uit koetsen, nemen hoge hoed af en gaan gebouw binnen; -div. muzikanten van het blaasorkest."], "publisher": ["europeanasounds", "https://www.openbeelden.nl/users/europeanasounds"], "date": ["1928-01-01"], "type": ["Moving Image"], "extent": ["PT45S"], "medium": ["https://www.openbeelden.nl/files/07/66/766349.766294.WEEKNUMMER282-HRE0000E1FE.mp4", "https://www.openbeelden.nl/files/07/66/766351.766294.WEEKNUMMER282-HRE0000E1FE.mp4", "https://www.openbeelden.nl/files/07/66/766294.WEEKNUMMER282-HRE0000E1FE.mp4", "https://www.openbeelden.nl/files/07/66/766353.766294.WEEKNUMMER282-HRE0000E1FE.webm", "https://www.openbeelden.nl/files/07/66/766345.766294.WEEKNUMMER282-HRE0000E1FE.ogv", "https://www.openbeelden.nl/files/07/66/766347.766294.WEEKNUMMER282-HRE0000E1FE.ogv", "https://www.openbeelden.nl/files/07/66/766358.766294.WEEKNUMMER282_HRE0000E1FE.m3u8", "https://www.openbeelden.nl/files/07/66/766355.766294.WEEKNUMMER282-HRE0000E1FE.ts", "https://www.openbeelden.nl/files/07/66/766325.766294.WEEKNUMMER282-HRE0000E1FE.mpeg", "https://www.openbeelden.nl/images/766852/Lustrumoptocht_studenten_%280_22%29.png"], "identifier": ["508025"], "source": ["WEEKNUMMER282-HRE0000E1FE"], "language": ["nl"], "references": [null], "mediator": [null], "spatial": ["Rotterdam", "Nederland"], "attributionName": ["Polygoon-Profilti (producent) / Nederlands Instituut voor Beeld en Geluid (beheerder)"], "attributionURL": ["https://www.openbeelden.nl/media/766290"], "license": ["https://creativecommons.org/publicdomain/mark/1.0/"], "hasformat": ["Film"]}