{"title": ["Aankomst Generaal Booth"], "alternative": ["Weeknummer 25-03"], "creator": ["Polygoon-Profilti (producent) / Nederlands Instituut voor Beeld en Geluid (beheerder)"], "subject": ["menigte", "Leger des Heils", "Booth, Bramwell"], "description": ["Bioscoopjournaals waarin Nederlandse onderwerpen van een bepaalde week worden gepresenteerd."], "abstract": ["Muziekkorps en grote menigte, deels met Leger des Heils petten op, wachten voor het Centraal Station, 10\". Mediumshot auto voor het station, mensen dringen rondom en zwaaien, Generaal Bramwell Booth, hoofd van het Leger des Heils, loopt door de menigte naar de auto, 18\". Cu Booth met tolk naast zich voor de auto spreekt de mensen toe, publiek zwaait met Leger des Heils petten, 24\"."], "publisher": ["europeanasounds", "https://www.openbeelden.nl/users/europeanasounds"], "date": ["1925-02-11"], "type": ["Moving Image"], "extent": ["PT52S"], "medium": ["https://www.openbeelden.nl/files/07/66/766493.766447.WEEKNUMMER250-HRE0001C4A8.mp4", "https://www.openbeelden.nl/files/07/66/766495.766447.WEEKNUMMER250-HRE0001C4A8.mp4", "https://www.openbeelden.nl/files/07/66/766447.WEEKNUMMER250-HRE0001C4A8.mp4", "https://www.openbeelden.nl/files/07/66/766497.766447.WEEKNUMMER250-HRE0001C4A8.webm", "https://www.openbeelden.nl/files/07/66/766489.766447.WEEKNUMMER250-HRE0001C4A8.ogv", "https://www.openbeelden.nl/files/07/66/766491.766447.WEEKNUMMER250-HRE0001C4A8.ogv", "https://www.openbeelden.nl/files/07/66/766503.766447.WEEKNUMMER250_HRE0001C4A8.m3u8", "https://www.openbeelden.nl/files/07/66/766499.766447.WEEKNUMMER250-HRE0001C4A8.ts", "https://www.openbeelden.nl/files/07/66/766472.766447.WEEKNUMMER250-HRE0001C4A8.mpeg", "https://www.openbeelden.nl/images/766695/Aankomst_Generaal_Booth_%280_26%29.png"], "identifier": ["527152"], "source": ["WEEKNUMMER250-HRE0001C4A8"], "language": ["nl"], "references": [null], "mediator": [null], "spatial": ["Amsterdam"], "attributionName": ["Polygoon-Profilti (producent) / Nederlands Instituut voor Beeld en Geluid (beheerder)"], "attributionURL": ["https://www.openbeelden.nl/media/766443"], "license": ["https://creativecommons.org/publicdomain/mark/1.0/"], "hasformat": ["digitalfile"]}