{"title": ["Amerikaanse gezant bezoekt de Fokker-fabrieken", "American envoy visits the Fokker factories"], "alternative": ["Weeknummer 29-11", "Week number 29-11"], "creator": ["Polygoon-Profilti (producent) / Nederlands Instituut voor Beeld en Geluid (beheerder)", "Polygoon-Profilti (producer) / Netherlands Institute for Sound and Vision (curator)"], "subject": ["diplomatie", "fabrieken", "vliegtuigindustrie", "zuivelindustrie", "Kan, J.B.", "Fokker", "diplomacy", "factories", "aircraft industry", "dairy industry", "Kan", "J.B.", "Fokker"], "description": ["Bioscoopjournaals waarin Nederlandse onderwerpen van een bepaalde week worden gepresenteerd.", "Newsreels in which Dutch subjects of a certain week are presented."], "abstract": ["De Amerikaanse gezant Richard Tobin toont belangstelling voor de Nederlandse industrie. SHOTS: -Tobin bezichtigt fabrieken: vliegtuigfabriek Fokker; melkfabriek, drinkt oa glas melk; tuurt door een microscoop; auto's rijden voorbij; -Tobin schudt handen met de Minister van Binnenlandse Zaken Mr. J.B. Kan (?) en poseert met deze en gezelschap.", "The American envoy Richard Tobin shows interest in the Dutch industry. SHOTS: - Tobin visits factories: aircraft factory Fokker; a milk factory, drinks a.o. a glass of milk; look through a microscope ; cars drive past; - Tobin shakes hands with the Minister of Internal Affairs Mr. J.B. Kan (?) and poses with him and company."], "publisher": ["Nederlands Instituut voor Beeld en Geluid", "https://www.openbeelden.nl/users/beeldengeluid"], "date": ["1929-05-01"], "type": ["Moving Image"], "extent": ["PT2M23S"], "medium": ["https://www.openbeelden.nl/files/77/77376.77363.WEEKNUMMER291-HRE0001A409.mp4", "https://www.openbeelden.nl/files/77/77378.77363.WEEKNUMMER291-HRE0001A409.mp4", "https://www.openbeelden.nl/files/77/77380.77363.WEEKNUMMER291-HRE0001A409.webm", "https://www.openbeelden.nl/files/77/77372.77363.WEEKNUMMER291-HRE0001A409.ogv", "https://www.openbeelden.nl/files/77/77374.77363.WEEKNUMMER291-HRE0001A409.ogv", "https://www.openbeelden.nl/files/77/77416.77363.WEEKNUMMER291_HRE0001A409.m3u8", "https://www.openbeelden.nl/files/77/77382.77363.WEEKNUMMER291-HRE0001A409.ts", "https://www.openbeelden.nl/files/77/77366.77363.WEEKNUMMER291-HRE0001A409.mpeg", "https://www.openbeelden.nl/files/77/77363.WEEKNUMMER291-HRE0001A409.mpg", "https://www.openbeelden.nl/images/604106/Amerikaanse_gezant_bezoekt_de_Fokker-fabrieken_%281_11%29.png"], "identifier": ["511164"], "source": ["WEEKNUMMER291-HRE0001A409"], "language": ["nl"], "references": [null], "mediator": ["Wikimedia Commons"], "spatial": ["Amsterdam", "Nederland", "Amsterdam", "Netherlands"], "attributionName": ["Polygoon-Profilti (producent) / Nederlands Instituut voor Beeld en Geluid (beheerder)"], "attributionURL": ["https://www.openbeelden.nl/media/77364"], "license": ["https://creativecommons.org/publicdomain/mark/1.0/"]}