{"title": ["Oorlogsslachtoffers"], "alternative": [null], "creator": ["Polygoon-Profilti (producent) / Nederlands Instituut voor Beeld en Geluid (beheerder)"], "subject": ["acties", "burgemeesters", "evacu\u00e9s", "kleding", "meubilair", "oorlogsslachtoffers", "verwoestingen", "wederopbouw"], "description": ["Promotiefilm die bioscoopbezoekers oproept tot hulpverlening aan oorlogsslachtoffers. Beelden van het gebombardeerde Bezuidenhout, andere getroffen gebieden en van inzameling van kleding en dekens"], "abstract": ["00.00 Tekst : Oorlogsslachtoffers 00.04 Beeld : Ruines en puinhopen van verwoeste huizen aan het Bezuidenhout in Den Haag 00.21 Woonblokken met etagewoningen 00.28 Interieur van een ruime zitkamer en smalle zithoek 00.32 Nood-onderkomen in dorp bij Den Bosch met grotendeels dichtgespijkerde ramen, en op strozakken op de vloer slapende kinderen 00.41 Babycommode wordt huis uitgedragen in Dordrecht, opladen van een linnenkast. Pakkist, bed en matras worden naar buiten gedragen. Ingezameld serviesgoed op de vloer van opslagplaats in Vianen. Paren schoenen en een paar klompen. Vrijwilligsters sorteren kleding en dekens 01.08 Vloot gepavoiseerde binnenschepen, op eigen kracht varend of getrokken door sleepboot, onderweg van Dordrecht naar Bergen op Zoom 01.24 Legertruck met inzamelende politieagenten in Dordrecht. Paard-en-wagen stopt voor boogpoort van opslagplaats. Meisjes in Giessendam dragen stok waaraan jurken hangen 01.36 Besneeuwde stadstram, door sneeuwbrij voortgezeulde handkar, binnenschepen uit het Dordtse in de haven van Bergen op Zoom. Lossen van huisraad uit binnenschip 01.54 Tekst : Doe Gij desgelijks. Van 29 October t/m 3 November is er een kleereninzameling. Geeft, geeft, GEEFT. Geeft dat, wat gij eigenlijk zelf niet kunt missen. Laten wij elkaar helpen, laten wij het van harte doen, en zoo de grondslagen leggen voor een betere samenleving 02.17 EINDE  In de jaren vlak voor en tijdens de Tweede Wereldoorlog zijn door nationaalsocialistische organisaties propagandafilms en\u00a0radio-uitzendingen\u00a0gemaakt, waarin\u00a0discriminerende, beledigende of tot haat aanzettende uitlatingen kunnen voorkomen. Het Nederlands Instituut voor Beeld en Geluid wil de kijker/luisteraar hier nadrukkelijk op wijzen. Beeld en Geluid is niet verantwoordelijk voor verdere openbaarmaking, verspreiding en hergebruik door derden."], "publisher": ["Nederlands Instituut voor Beeld en Geluid", "https://www.openbeelden.nl/users/beeldengeluid"], "date": ["1945-10-01"], "type": ["Moving Image"], "extent": ["PT2M25S"], "medium": ["https://www.openbeelden.nl/files/07/78/797615.778766.OORLOGSSLACHT-FHD00Z02Z05_112240_258160.mp4", "https://www.openbeelden.nl/files/07/78/797618.778766.OORLOGSSLACHT-FHD00Z02Z05_112240_258160.mp4", "https://www.openbeelden.nl/files/07/78/778766.OORLOGSSLACHT-FHD00Z02Z05_112240_258160.mp4", "https://www.openbeelden.nl/files/07/78/797621.778766.OORLOGSSLACHT-FHD00Z02Z05_112240_258160.webm", "https://www.openbeelden.nl/files/07/78/797609.778766.OORLOGSSLACHT-FHD00Z02Z05_112240_258160.ogv", "https://www.openbeelden.nl/files/07/78/797612.778766.OORLOGSSLACHT-FHD00Z02Z05_112240_258160.ogv", "https://www.openbeelden.nl/files/07/78/798216.778766.OORLOGSSLACHT_FHD00Z02Z05_112240_258160.m3u8", "https://www.openbeelden.nl/files/07/78/797624.778766.OORLOGSSLACHT-FHD00Z02Z05_112240_258160.ts", "https://www.openbeelden.nl/images/778814/Oorlogsslachtoffers_%281_12%29.png"], "identifier": ["120263"], "source": [" "], "language": ["nl"], "references": [null], "mediator": ["Wikimedia Commons"], "spatial": ["Den Haag", "Dordrecht", "Giessendam", "Bezuidenhout"], "attributionName": ["Polygoon-Profilti (producent) / Nederlands Instituut voor Beeld en Geluid (beheerder)"], "attributionURL": ["https://www.openbeelden.nl/media/778762"], "license": ["https://creativecommons.org/publicdomain/mark/1.0/"], "hasformat": ["digitalfile"]}