{"title": ["Oud papier voor nieuw", "Paper recycling"], "alternative": ["Weeknummer 47-52", "Week number 47-52"], "creator": ["Polygoon-Profilti (producent) / Nederlands Instituut voor Beeld en Geluid (beheerder)", "Polygoon-Profilti (producer) / Netherlands Institute for Sound and Vision (curator)"], "subject": ["fabrieken", "leerlingen", "papier", "recycling", "scholen", "factories", "pupils", "paper", "recycling", "schools"], "description": ["Bioscoopjournaals waarin Nederlandse onderwerpen van een bepaalde week worden gepresenteerd.", "Newsreels in which Dutch subjects of a certain week are presented."], "abstract": ["Ivm papierschaarste moet veel hout voor de papierfabricage uit het buitenland ingevoerd worden. Omdat in Nederland veel oud papier gewoon wordt weggegooid moet daar bovenop echter ook oud papier worden ingevoerd. Om deviezen te sparen start de Nederlandse regering een oud-papier actie onder de Nederlandse jeugd. De actie krijgt de naam JAPI (Jeugd Actie Papierinzameling). De jongens en meisjes zamelen in en geven hun materiaal af op school. Handelaren sorteren de oogst en persen de boel in balen. In de papierfabrieken wordt er daarna weer goed papier van gemaakt.", "A lot of wood for the production of paper has to be imported from abroad because of the paper shortage. Because a lot of used paper is just thrown away in the Netherlands, used paper also has to be imported on top of that. To save money the Dutch government has started a used paper campaign for the Dutch youth. The campaign has the name JAPI (Jeugd Actie Papierinzameling, Youth Action Paper Collection). The boys and girls collect used paper and drop it off at their school. Traders sort the collected paper and press it into bales. In the paper factories these are then used to make new paper."], "publisher": ["Nederlands Instituut voor Beeld en Geluid", "https://www.openbeelden.nl/users/beeldengeluid"], "date": ["1947-12-01"], "type": ["Moving Image"], "extent": ["PT2M8S"], "medium": ["https://www.openbeelden.nl/files/78/78369.78356.WEEKNUMMER475-HRE0001C368.mp4", "https://www.openbeelden.nl/files/78/78371.78356.WEEKNUMMER475-HRE0001C368.mp4", "https://www.openbeelden.nl/files/78/78373.78356.WEEKNUMMER475-HRE0001C368.webm", "https://www.openbeelden.nl/files/78/78365.78356.WEEKNUMMER475-HRE0001C368.ogv", "https://www.openbeelden.nl/files/78/78367.78356.WEEKNUMMER475-HRE0001C368.ogv", "https://www.openbeelden.nl/files/78/78396.78356.WEEKNUMMER475_HRE0001C368.m3u8", "https://www.openbeelden.nl/files/78/78375.78356.WEEKNUMMER475-HRE0001C368.ts", "https://www.openbeelden.nl/files/78/78359.78356.WEEKNUMMER475-HRE0001C368.mpeg", "https://www.openbeelden.nl/files/78/78356.WEEKNUMMER475-HRE0001C368.mpg", "https://www.openbeelden.nl/images/604095/Oud_papier_voor_nieuw_%281_04%29.png"], "identifier": ["524181"], "source": ["WEEKNUMMER475-HRE0001C368"], "language": ["nl"], "references": [null], "mediator": ["Wikimedia Commons"], "spatial": ["Nederland", "Netherlands"], "attributionName": ["Polygoon-Profilti (producent) / Nederlands Instituut voor Beeld en Geluid (beheerder)"], "attributionURL": ["https://www.openbeelden.nl/media/78357"], "license": ["https://creativecommons.org/publicdomain/mark/1.0/"]}