{"title": ["Begrafenis van de paradijsdichter"], "alternative": ["Weeknummer 22-01"], "creator": ["Polygoon-Profilti (producent) / Nederlands Instituut voor Beeld en Geluid (beheerder)"], "subject": ["begrafenissen", "dichters", "po\u00ebzie", "publiek", "Boelens"], "description": ["Bioscoopjournaals waarin Nederlandse onderwerpen van een bepaalde week worden gepresenteerd."], "abstract": ["Foto van Boelens, Paradijsdichter, met handgeschreven gedichtje, gedateerd 24 november 1916. \"Gij die mij ziet, Vergeet mij niet, Houdt in uw hart, Den ouden bard, En-wordt ook grijs, In-'t Paradijs\" 12\". Doodgravers plaatsen doodskist in lijkkoets 29\". Publiek kijkt toe 18\". Krans wordt aan kist gehangen 16\". Rijdende lijkkoets, gevolgd door lopend publiek met hoge hoeden 13\". Omstanders koets brengen laatste groet 9\". Totaalshot begrafenisstoet door Den Haag (langs de Vijverberg?) 19\"."], "publisher": ["Nederlands Instituut voor Beeld en Geluid", "https://www.openbeelden.nl/users/beeldengeluid"], "date": ["1922-02-13"], "type": ["Moving Image"], "extent": ["PT1M51S"], "medium": ["https://www.openbeelden.nl/files/07/85/785673.785653.WEEKNUMMER220-HRE0001B074.mp4", "https://www.openbeelden.nl/files/07/85/785681.785653.WEEKNUMMER220-HRE0001B074.mp4", "https://www.openbeelden.nl/files/07/85/785653.WEEKNUMMER220-HRE0001B074.mp4", "https://www.openbeelden.nl/files/07/85/785686.785653.WEEKNUMMER220-HRE0001B074.webm", "https://www.openbeelden.nl/files/07/85/785663.785653.WEEKNUMMER220-HRE0001B074.ogv", "https://www.openbeelden.nl/files/07/85/785666.785653.WEEKNUMMER220-HRE0001B074.ogv", "https://www.openbeelden.nl/files/07/85/785739.785653.WEEKNUMMER220_HRE0001B074.m3u8", "https://www.openbeelden.nl/files/07/85/785692.785653.WEEKNUMMER220-HRE0001B074.ts", "https://www.openbeelden.nl/images/785712/Begrafenis_van_de_paradijsdichter_%280_55%29.png"], "identifier": ["512758"], "source": ["WEEKNUMMER220-HRE0001B074"], "language": ["nl"], "references": [null], "mediator": ["Wikimedia Commons"], "spatial": ["Den Haag", "Vijverberg", "Nederland"], "attributionName": ["Polygoon-Profilti (producent) / Nederlands Instituut voor Beeld en Geluid (beheerder)"], "attributionURL": ["https://www.openbeelden.nl/media/785646"], "license": ["https://creativecommons.org/publicdomain/mark/1.0/"], "hasformat": ["Film"]}