{"title": ["Opening van het permanente hof van internationale justitie"], "alternative": ["Weeknummer 22-01"], "creator": ["Polygoon-Profilti (producent) / Nederlands Instituut voor Beeld en Geluid (beheerder)"], "subject": ["juristen", "justitie", "rechtbanken", "rechters", "Internationaal Gerechtshof", "Permanente Hof van Internationale Justitie", "Vredespaleis", "Loder, B.J.C."], "description": ["Bioscoopjournaals waarin Nederlandse onderwerpen van een bepaalde week worden gepresenteerd."], "abstract": ["Medium shot Vredespaleis, gedelegeerden verlaten het paleis, op de camera toelopend 37\". Toegangshek met portier en twee gedelegeerden 5\". Cu's div. gedelegeerden, waaronder de Nederlandse voorzitter, jurist B.J.C. Loder (1849-1935) op tijdcode 21.44-21.53."], "publisher": ["Nederlands Instituut voor Beeld en Geluid", "https://www.openbeelden.nl/users/beeldengeluid"], "date": ["1922-01-30"], "type": ["Moving Image"], "extent": ["PT1M30S"], "medium": ["https://www.openbeelden.nl/files/07/85/785772.785758.WEEKNUMMER220-HRE0001B069.mp4", "https://www.openbeelden.nl/files/07/85/785775.785758.WEEKNUMMER220-HRE0001B069.mp4", "https://www.openbeelden.nl/files/07/85/785758.WEEKNUMMER220-HRE0001B069.mp4", "https://www.openbeelden.nl/files/07/85/785780.785758.WEEKNUMMER220-HRE0001B069.webm", "https://www.openbeelden.nl/files/07/85/785767.785758.WEEKNUMMER220-HRE0001B069.ogv", "https://www.openbeelden.nl/files/07/85/785769.785758.WEEKNUMMER220-HRE0001B069.ogv", "https://www.openbeelden.nl/files/07/85/785874.785758.WEEKNUMMER220_HRE0001B069.m3u8", "https://www.openbeelden.nl/files/07/85/785784.785758.WEEKNUMMER220-HRE0001B069.ts", "https://www.openbeelden.nl/images/786373/Opening_van_het_permanente_hof_van_internationale_justitie_%280_45%29.png"], "identifier": ["513721"], "source": ["WEEKNUMMER220-HRE0001B069"], "language": ["nl"], "references": [null], "mediator": ["Wikimedia Commons"], "spatial": ["Den Haag", "Nederland"], "attributionName": ["Polygoon-Profilti (producent) / Nederlands Instituut voor Beeld en Geluid (beheerder)"], "attributionURL": ["https://www.openbeelden.nl/media/785754"], "license": ["https://creativecommons.org/publicdomain/mark/1.0/"], "hasformat": ["Film"]}