{"title": ["Roeiwedstrijden hollandia"], "alternative": ["Weeknummer 22-03"], "creator": ["Polygoon-Profilti (producent) / Nederlands Instituut voor Beeld en Geluid (beheerder)"], "subject": ["pleziervaartuigen", "regen", "roeiboten", "studenten", "Nereus", "Triton", "Laga", "Hollandia"], "description": ["Bioscoopjournaals waarin Nederlandse onderwerpen van een bepaalde week worden gepresenteerd."], "abstract": ["Roeiwedstrijden op de Oude Rijn, iets buiten Alphen, met div. typen roeiboten. Medium shot wedstrijd heren skifs, langs de oever div. opgetuigde pleziervaartuigen 23\". Totaalshot fragment heren 4 met stuur 17\". Cu wateroppervlak met regen 6\". Cu publiek op stoelen op de oever onder paraplu's 11\". Idem andere instelling, langsvarende 4 + stuur na finish 12\". Medium shot langsvarend dames 4 met stuur 12\". Cu winnende dames in boot met bloemen 12\". Deel scorebord met namen: Nereus, Laga, Triton 9\". Finish-schot met jachtgeweer voor heren 4 met stuur 8\". Tewaterlaten en instappen dames 4, 11\". Naar het water dragen van een heren 8 met stuur 11\". Fragment varen heren 8 met stuur 8\". Medium shot afvuren 2 kleine startkanonnen 4\"."], "publisher": ["Nederlands Instituut voor Beeld en Geluid", "https://www.openbeelden.nl/users/beeldengeluid"], "date": ["1922-06-09"], "type": ["Moving Image"], "extent": ["PT2M35S"], "medium": ["https://www.openbeelden.nl/files/07/86/786075.786050.WEEKNUMMER220-HRE0001B06D.mp4", "https://www.openbeelden.nl/files/07/86/786080.786050.WEEKNUMMER220-HRE0001B06D.mp4", "https://www.openbeelden.nl/files/07/86/786050.WEEKNUMMER220-HRE0001B06D.mp4", "https://www.openbeelden.nl/files/07/86/786086.786050.WEEKNUMMER220-HRE0001B06D.webm", "https://www.openbeelden.nl/files/07/86/786071.786050.WEEKNUMMER220-HRE0001B06D.ogv", "https://www.openbeelden.nl/files/07/86/786073.786050.WEEKNUMMER220-HRE0001B06D.ogv", "https://www.openbeelden.nl/files/07/86/786148.786050.WEEKNUMMER220_HRE0001B06D.m3u8", "https://www.openbeelden.nl/files/07/86/786088.786050.WEEKNUMMER220-HRE0001B06D.ts", "https://www.openbeelden.nl/images/786372/Roeiwedstrijden_hollandia_%281_17%29.png"], "identifier": ["524009"], "source": ["WEEKNUMMER220-HRE0001B06D"], "language": ["nl"], "references": [null], "mediator": ["Wikimedia Commons"], "spatial": ["Nederland", "Oude Rijn", "Alphen aan den Rijn"], "attributionName": ["Polygoon-Profilti (producent) / Nederlands Instituut voor Beeld en Geluid (beheerder)"], "attributionURL": ["https://www.openbeelden.nl/media/786046"], "license": ["https://creativecommons.org/publicdomain/mark/1.0/"], "hasformat": ["Film"]}