{"title": ["Ringsteken met zeilen"], "alternative": ["Weeknummer 22-04"], "creator": ["Polygoon-Profilti (producent) / Nederlands Instituut voor Beeld en Geluid (beheerder)"], "subject": ["ringsteken", "volkscultuur", "zeilschepen"], "description": ["Bioscoopjournaals waarin Nederlandse onderwerpen van een bepaalde week worden gepresenteerd."], "abstract": ["Ringsteken vanuit div. zeilboten en -bootjes (pogingen door bemanning in drie verschillende boten) op water nabij haven. Aan de kant grote loods met opschrift \"Insulinde\"."], "publisher": ["Nederlands Instituut voor Beeld en Geluid", "https://www.openbeelden.nl/users/beeldengeluid"], "date": ["1922-01-01"], "type": ["Moving Image"], "extent": ["PT36S"], "medium": ["https://www.openbeelden.nl/files/07/86/786207.786182.WEEKNUMMER220-HRE0000CED8.mp4", "https://www.openbeelden.nl/files/07/86/786209.786182.WEEKNUMMER220-HRE0000CED8.mp4", "https://www.openbeelden.nl/files/07/86/786182.WEEKNUMMER220-HRE0000CED8.mp4", "https://www.openbeelden.nl/files/07/86/786211.786182.WEEKNUMMER220-HRE0000CED8.webm", "https://www.openbeelden.nl/files/07/86/786203.786182.WEEKNUMMER220-HRE0000CED8.ogv", "https://www.openbeelden.nl/files/07/86/786205.786182.WEEKNUMMER220-HRE0000CED8.ogv", "https://www.openbeelden.nl/files/07/86/786275.786182.WEEKNUMMER220_HRE0000CED8.m3u8", "https://www.openbeelden.nl/files/07/86/786213.786182.WEEKNUMMER220-HRE0000CED8.ts", "https://www.openbeelden.nl/images/786905/Ringsteken_met_zeilen_%280_18%29.png"], "identifier": ["511994"], "source": ["WEEKNUMMER220-HRE0000CED8"], "language": ["nl"], "references": [null], "mediator": ["Wikimedia Commons"], "spatial": ["Nederland", "Zaan"], "attributionName": ["Polygoon-Profilti (producent) / Nederlands Instituut voor Beeld en Geluid (beheerder)"], "attributionURL": ["https://www.openbeelden.nl/media/786178"], "license": ["https://creativecommons.org/publicdomain/mark/1.0/"], "hasformat": ["Film"]}