{"title": ["Sportdemonstraties"], "alternative": ["Weeknummer 21-05"], "creator": ["Polygoon-Profilti (producent) / Nederlands Instituut voor Beeld en Geluid (beheerder)"], "subject": ["drinkers", "gymnastiek", "klederdrachten", "kleding", "kussen", "mode", "pleziervaartuigen", "publiek", "ritmische gymnastiek", "sport", "tribunes", "volksdansen", "zeilen", "zeilschepen"], "description": ["Bioscoopjournaals waarin Nederlandse onderwerpen van een bepaalde week worden gepresenteerd."], "abstract": ["Massale gymnastiek demonstratie op grasveld. Applaudisserende meisjes in publiek 5\". Medium shot 2 meisjes in klederdracht kussen elkaar 4\". Meisjes in uniform marcheren veld op 32\". Oudere jongens idem in turnpak 6\". Meisjes in uniform idem, publiek langs de kant op tribune 13\". Meisjes in div. leeftijdsgroepen marcheren langs camera het veld op 25\". Juichend publiek op tribune 8\". Groot totaalshot ritmische gymnastiek jongens en meisjes 9\". Groep meisjes knotszwaaien en afmarcheren 48\". Meisjes op brug, div. oefeningen 37\". Publiek, dames met hoeden 6\". Kind, moeder, oma (3-shot), thee drinkend 10\". Harmonieorkest spelend voor tribune, dirigent op rug gezien 10\". Volksdansen in klederdracht, veel van de \"jongens\" zijn ook meisjes 51\". Totaalshot varende platbodems op plas 40\". Zeilboten idem, camera vaart langs mensen aan boord 43\". Platbodem langsvarend 10\"."], "publisher": ["Nederlands Instituut voor Beeld en Geluid", "https://www.openbeelden.nl/users/beeldengeluid"], "date": ["1921-09-25"], "type": ["Moving Image"], "extent": ["PT7M56S"], "medium": ["https://www.openbeelden.nl/files/07/86/786232.786201.WEEKNUMMER210-HRE0001B070.mp4", "https://www.openbeelden.nl/files/07/86/786234.786201.WEEKNUMMER210-HRE0001B070.mp4", "https://www.openbeelden.nl/files/07/86/786201.WEEKNUMMER210-HRE0001B070.mp4", "https://www.openbeelden.nl/files/07/86/786236.786201.WEEKNUMMER210-HRE0001B070.webm", "https://www.openbeelden.nl/files/07/86/786228.786201.WEEKNUMMER210-HRE0001B070.ogv", "https://www.openbeelden.nl/files/07/86/786230.786201.WEEKNUMMER210-HRE0001B070.ogv", "https://www.openbeelden.nl/files/07/86/786491.786201.WEEKNUMMER210_HRE0001B070.m3u8", "https://www.openbeelden.nl/files/07/86/786238.786201.WEEKNUMMER210-HRE0001B070.ts", "https://www.openbeelden.nl/images/786369/Sportdemonstraties_%283_58%29.png"], "identifier": ["509896"], "source": ["WEEKNUMMER210-HRE0001B070"], "language": ["nl"], "references": [null], "mediator": ["Wikimedia Commons"], "spatial": ["Nederland", "Groningen"], "attributionName": ["Polygoon-Profilti (producent) / Nederlands Instituut voor Beeld en Geluid (beheerder)"], "attributionURL": ["https://www.openbeelden.nl/media/786197"], "license": ["https://creativecommons.org/publicdomain/mark/1.0/"], "hasformat": ["Film"]}