{"title": ["Koninginnedag"], "alternative": ["Weeknummer 22-08"], "creator": ["Polygoon-Profilti (producent) / Nederlands Instituut voor Beeld en Geluid (beheerder)"], "subject": ["auto's", "dirigenten", "gezelschapsspelen", "kinderen", "klederdrachten", "motorfietsen", "optochten", "orgels", "publiek", "stations", "voetbal", "volksfeesten", "wezen", "Jamin", "Rotterdamse Voetbalbond", "Meeuwen", "Hollandia", "Koninginnedag", "Oranjevereniging", "Zimmerman, Alfred Rudolf", "Diamant, Bernard"], "description": ["Bioscoopjournaals waarin Nederlandse onderwerpen van een bepaalde week worden gepresenteerd."], "abstract": ["Hand houdt plaquette voor de camera. - va 02.10 : Optocht langs het Maasstation, achtereenvolgens: diverse met bloemen, linten en opschriften versierde voertuigen; motorfietsen oa met opgetuigd zijspan; meerdere auto's en vrachtwagens, veel (jonge) fietsers waarvan enkelen in Sparta (?) tenue. Aan de kant twee heren (waarvan een in uniform) waarvoor wordt gesalueerd. - va 05.55 : Voor het Rotterdamse stadhuis: publiek zingt begeleid door muziekkorps olv fanatieke dirigent Bernard Diamant (medium shot) op een verhoging. Ervoor: cameraman aan het werk. Burgemeester A.R. Zimmerman (1869- 1939) en wethouder Vd Hoeven op het bordes. Div. medium shots en cu's zingende schoolmeisjes, weesmeisjes in uniform en kinderen in boezelaars 1'42\". - va 07.27 : Op straat: attracties ( oa accordeonspeler en grote vogelpoppen 13\" en 8\" + veel bonte shots van publiek (gemengd, volks), juichend, hossend en wuivend, met vlaggetjes en feestmutsen oa 43\", 38\", 14\". Mooie cu's vissersvrouwen met hoofdkappen 45\". Draaiorgel Paris Sparini 18\". Uitgelaten dansende kinderen met tambourijnen 29\" + optocht Rotterdamse verenigingen door de straten. Cu's kindergezichten + spelletje (tonnetje lopen) Div. poserende mannen en vrouwen waaronder leden van de plaatselijke Oranjevereniging. va 13.09 : voetbalwedstrijd tussen de Meeuwen en Hollandia op de Veemarkt (2-0 voor de Meeuwen): shots wedstrijd 24\" (op 10.25) en 17\"; spelers van beide clubs poseren en zwaaien; muziekkorps van Jamin loopt over het veld tijdens de rust; beelden publiek in klapstoelen; zittende spelers (lachend en zingend); cu beker; poseren \"officials\", toespraakje comit\u00e9voorzitter Van Hilten + uitreiking beker door de heer Krijgsman, voorzitter RVB. Tussentitel : (aan het begin) koninginnedag in Rotterdam"], "publisher": ["Nederlands Instituut voor Beeld en Geluid", "https://www.openbeelden.nl/users/beeldengeluid"], "date": ["1922-08-30"], "type": ["Moving Image"], "extent": ["PT14M4S"], "medium": ["https://www.openbeelden.nl/files/07/86/786639.786596.WEEKNUMMER220-HRE0001C982.mp4", "https://www.openbeelden.nl/files/07/86/786643.786596.WEEKNUMMER220-HRE0001C982.mp4", "https://www.openbeelden.nl/files/07/86/786596.WEEKNUMMER220-HRE0001C982.mp4", "https://www.openbeelden.nl/files/07/86/786647.786596.WEEKNUMMER220-HRE0001C982.webm", "https://www.openbeelden.nl/files/07/86/786631.786596.WEEKNUMMER220-HRE0001C982.ogv", "https://www.openbeelden.nl/files/07/86/786635.786596.WEEKNUMMER220-HRE0001C982.ogv", "https://www.openbeelden.nl/files/07/86/786911.786596.WEEKNUMMER220_HRE0001C982.m3u8", "https://www.openbeelden.nl/files/07/86/786651.786596.WEEKNUMMER220-HRE0001C982.ts", "https://www.openbeelden.nl/images/786892/Koninginnedag_%287_02%29.png"], "identifier": ["508009"], "source": ["WEEKNUMMER220-HRE0001C982"], "language": ["nl"], "references": [null], "mediator": ["Wikimedia Commons"], "spatial": ["Rotterdam", "Nederland"], "attributionName": ["Polygoon-Profilti (producent) / Nederlands Instituut voor Beeld en Geluid (beheerder)"], "attributionURL": ["https://www.openbeelden.nl/media/786590"], "license": ["https://creativecommons.org/publicdomain/mark/1.0/"], "hasformat": ["Film"]}