{"title": ["De eerste groep kinderen naar het Vacantie Kinderhuis", "The first group of kids go to the holiday's children home"], "alternative": ["Weeknummer 26-11", "Week number 26-11"], "creator": ["Polygoon-Profilti (producent) / Nederlands Instituut voor Beeld en Geluid (beheerder)", "Polygoon-Profilti (producer) / Netherlands Institute for Sound and Vision (curator)"], "subject": ["jeugd", "treinen", "Vacantie Kinder Feest", "vakantiekampen", "kinderen", "stations", "kleding", "meisjes", "liefdadigheid", "mode", "sociale voorzieningen", "jeugdwerk", "VKF", "youth", "trains", "Vacantie Kinder Feest", "holiday camps", "childeren", "stations", "clothing", "girls", "charity", "fashion", "social services", "youth work", "VKF"], "description": ["Bioscoopjournaals waarin Nederlandse onderwerpen van een bepaalde week worden gepresenteerd.", "Newsreels in which Dutch subjects of a certain week are presented."], "abstract": ["Begin deze eeuw houden div. organisaties in A'dam zich bezig met zorg voor de straatjeugd uit de sociale onderlaag. Het KVF, het Kinder Vacantie Feest, heeft in Nunspeet en tehuis waar kinderen op krachten kunnen komen. - cu's van jongens en meisjes (gescheiden) in de deuropening van een trein, zwaaiend naar de camera, 14\" - uitstappen kinderen op station Nunspeet, zwaaiend afmarcheren, 18\" - wandelend, zwaaiend door het bos, 15\" - kinderen etend aan tafel in het tehuis, 13\" - spelend in het bos, 43\" - div. shots groepje meisjes dat zich uitkleedt op slaapzaal en voor middagrust naar bed gaat, 33\" - div. cu's van rustende meisjes in bed, met elkaar pratend, 20\". Aantekening : BRON: \"Honderd jaar Amsterdam en de Amsterdammers\"", "At the start of the century, several organisations in Amsterdam look after the street kids from the dregs of society. The KVF, the Kinder Vacantie Feest (Children's Holiday Party), has a home in Nunspeet where children can recuperate. - close ups of boys and girls (seperated) in the door opening of a train, waving at the camera, 14\" - getting out of the train at Nunspeet station, marching and waving, 18\" - walking and waving through the woods, 15\" - children eating at the table of the home, 13\" - playing in the woods, 43\" - several shots of a group of girls undressing in the dormitory and going to bed for an afternoon nap, 33\" - several close ups of resting girls in bed, talking to eachother, 20\". Note : SOURCE: \"One hundred years of Amsterdam and its residents\""], "publisher": ["Nederlands Instituut voor Beeld en Geluid", "https://www.openbeelden.nl/users/beeldengeluid"], "date": ["1926-04-12"], "type": ["Moving Image"], "extent": ["PT2M45S"], "medium": ["https://www.openbeelden.nl/files/BG/WEEKNUMMER261-HRE0001A5A1.mp4", "https://www.openbeelden.nl/files/BG/WEEKNUMMER261-HRE0001A5A1-512.ogg", "https://www.openbeelden.nl/files/BG/WEEKNUMMER261-HRE0001A5A1.ogg", "https://www.openbeelden.nl/files/33271.WEEKNUMMER261-HRE0001A5A1.m3u8", "https://www.openbeelden.nl/files/33235.WEEKNUMMER261-HRE0001A5A1.ts", "https://www.openbeelden.nl/files/BG/WEEKNUMMER261-HRE0001A5A1.mpg", "https://www.openbeelden.nl/images/603123/De_eerste_groep_kinderen_naar_het_Vacantie_Kinderhuis_%281_22%29.png"], "identifier": ["510343"], "source": ["WEEKNUMMER261-HRE0001A5A1", "WEEKNUMMER261-HRE0001A5A1"], "language": ["nl"], "references": [null], "mediator": ["Wikimedia Commons"], "spatial": ["Amsterdam", "Nunspeet", "Nederland", "Amsterdam", "Nunspeet", "Netherlands"], "attributionName": ["Polygoon-Profilti (producent) / Nederlands Instituut voor Beeld en Geluid (beheerder)"], "attributionURL": ["https://www.openbeelden.nl/media/787"], "license": ["https://creativecommons.org/publicdomain/mark/1.0/"]}