{"title": ["Zwemsport met wipplanken"], "alternative": ["Weeknummer 22-05"], "creator": ["Polygoon-Profilti (producent) / Nederlands Instituut voor Beeld en Geluid (beheerder)"], "subject": ["zwemmen"], "description": ["Bioscoopjournaals waarin Nederlandse onderwerpen van een bepaalde week worden gepresenteerd."], "abstract": ["Openlucht-zwemwedstrijd met hindernis in landelijke omgeving (spaarzaam publiek in bootjes aan de kant). Drie deelnemers zwemmen ieder hun baan, onderbroken door een zgn \"wipplank\", die genomen moet worden door er overheen te lopen. Driemaal drie mannelijke deelnemers, gekleed in badpakken of zwembroeken al dan niet met badmutsen op het hoofd, wagen een poging."], "publisher": ["Nederlands Instituut voor Beeld en Geluid", "https://www.openbeelden.nl/users/beeldengeluid"], "date": ["1922-01-01"], "type": ["Moving Image"], "extent": ["PT53S"], "medium": ["https://www.openbeelden.nl/files/07/87/787230.787202.WEEKNUMMER220-HRE0000CEDB.mp4", "https://www.openbeelden.nl/files/07/87/787236.787202.WEEKNUMMER220-HRE0000CEDB.mp4", "https://www.openbeelden.nl/files/07/87/787202.WEEKNUMMER220-HRE0000CEDB.mp4", "https://www.openbeelden.nl/files/07/87/787241.787202.WEEKNUMMER220-HRE0000CEDB.webm", "https://www.openbeelden.nl/files/07/87/787224.787202.WEEKNUMMER220-HRE0000CEDB.ogv", "https://www.openbeelden.nl/files/07/87/787228.787202.WEEKNUMMER220-HRE0000CEDB.ogv", "https://www.openbeelden.nl/files/07/87/787285.787202.WEEKNUMMER220_HRE0000CEDB.m3u8", "https://www.openbeelden.nl/files/07/87/787243.787202.WEEKNUMMER220-HRE0000CEDB.ts", "https://www.openbeelden.nl/images/788306/Zwemsport_met_wipplanken_%280_26%29.png"], "identifier": ["513998"], "source": ["WEEKNUMMER220-HRE0000CEDB"], "language": ["nl"], "references": [null], "mediator": ["Wikimedia Commons"], "spatial": ["Nederland"], "attributionName": ["Polygoon-Profilti (producent) / Nederlands Instituut voor Beeld en Geluid (beheerder)"], "attributionURL": ["https://www.openbeelden.nl/media/787196"], "license": ["https://creativecommons.org/publicdomain/mark/1.0/"], "hasformat": ["Film"]}