{"title": ["Autotentoonstelling in het rai gebouw"], "alternative": ["Weeknummer 23-01"], "creator": ["Polygoon-Profilti (producent) / Nederlands Instituut voor Beeld en Geluid (beheerder)"], "subject": ["auto's", "drinkers", "mannen", "publiek", "tentoonstellingen", "Rai", "Aalberse, P.J.M."], "description": ["Bioscoopjournaals waarin Nederlandse onderwerpen van een bepaalde week worden gepresenteerd."], "abstract": ["Ext. oude Rai-gebouw, op de gevel de tekst: \"Tentoonstelling Auto's - Rijwielen - Motorrijwielen\", politieagent te paard op de voorgrond 13\". Heren met hoge hoeden vanuit auto op camera toelopend naar binnen, oa mr. P.J.M. Aalberse, Minister van Arbeid, op de achtergrond mannelijk publiek met hoeden en petten 6\". Int., zitje met enkele heren (bestuurders, organisatoren ??),toespraak en/of opening door een van hen, auto's op de achtergrond 8\". Hoogshot luisterend publiek 5\". Andere toespraak, spreker op voorgrond, voornamelijk mannelijk publiek tussen auto's op achtergrond 15\". Heren op voorgrond proosten, heffen glas witte wijn 24\". Groepje heren poseert voor camera 11\". Cu frontaal auto, merk 8\". Medium shot andere auto, merk 5\"."], "publisher": ["Nederlands Instituut voor Beeld en Geluid", "https://www.openbeelden.nl/users/beeldengeluid"], "date": ["1923-02-09"], "type": ["Moving Image"], "extent": ["PT1M34S"], "medium": ["https://www.openbeelden.nl/files/07/87/787408.787384.WEEKNUMMER230-HRE00004B3A.mp4", "https://www.openbeelden.nl/files/07/87/787410.787384.WEEKNUMMER230-HRE00004B3A.mp4", "https://www.openbeelden.nl/files/07/87/787384.WEEKNUMMER230-HRE00004B3A.mp4", "https://www.openbeelden.nl/files/07/87/787412.787384.WEEKNUMMER230-HRE00004B3A.webm", "https://www.openbeelden.nl/files/07/87/787404.787384.WEEKNUMMER230-HRE00004B3A.ogv", "https://www.openbeelden.nl/files/07/87/787406.787384.WEEKNUMMER230-HRE00004B3A.ogv", "https://www.openbeelden.nl/files/07/87/787440.787384.WEEKNUMMER230_HRE00004B3A.m3u8", "https://www.openbeelden.nl/files/07/87/787414.787384.WEEKNUMMER230-HRE00004B3A.ts", "https://www.openbeelden.nl/images/788304/Autotentoonstelling_in_het_rai_gebouw_%280_47%29.png"], "identifier": ["29098"], "source": ["WEEKNUMMER230-HRE00004B3A"], "language": ["nl"], "references": [null], "mediator": ["Wikimedia Commons"], "spatial": ["Nederland", "Amsterdam"], "attributionName": ["Polygoon-Profilti (producent) / Nederlands Instituut voor Beeld en Geluid (beheerder)"], "attributionURL": ["https://www.openbeelden.nl/media/787378"], "license": ["https://creativecommons.org/publicdomain/mark/1.0/"], "hasformat": ["Film"]}