{"title": ["Folkloristisch openluchtspel tgv 75-jarig bestaan\nmaatschappij van de landbouw"], "alternative": ["Weeknummer 23-09"], "creator": ["Polygoon-Profilti (producent) / Nederlands Instituut voor Beeld en Geluid (beheerder)"], "subject": ["boeren", "drinkers", "jubilea", "klederdrachten", "landbouw", "violen", "volksdansen", "Maatschappij voor Landbouw", "Balen Blanken, G.E. van"], "description": ["Bioscoopjournaals waarin Nederlandse onderwerpen van een bepaalde week worden gepresenteerd."], "abstract": ["Viering 75-jarig bestaan Maatschappij voor Landbouw dmv een groots opgezet 'openluchtspel' in Noord-Hollandse klederdracht van ca. l834. Locatie : een groot weiland in de gemeente Opmeer. Shots : Houten tribune met gasten en betrokkenen ( waaronder de voorzitter van de afd. Alkmaar van de Maatschappij die e.e.a. had georganiseerd de hr. dr. Van Balen Blanken alsmede de burgemeesters van Opmeer, Spanbroek, Hoogwoud en Sybercarspel met hun dames). Ruiters in trad. kledij ; Volksdansen op houten verhoging in Noord-Hollandse/ West-Friese klederdracht 46\" + cu begeleidende violist 10\"; Boerendrinkgelag: lange tafels waaraan men klinkt en drinkt, mannen in West-Friese dracht roken hun zgn. 'gouwenaar' 10\" + 40\". Boerenechtpaar in sjees 12\"; 'landbouwparade' langs de tribune: kinderen met jonge boerderijdieren, vrouwen en mannen met jukken, kaasmanden, en in en op hooi- en andere boerenwagens 49\"; groepstafereeltje in kledij van ca. l834, korte shots boerenwagens, volksdansen en jonge vrouwen in klederdracht."], "publisher": ["Nederlands Instituut voor Beeld en Geluid", "https://www.openbeelden.nl/users/beeldengeluid"], "date": ["1923-06-04"], "type": ["Moving Image"], "extent": ["PT4M31S"], "medium": ["https://www.openbeelden.nl/files/07/87/787827.787794.WEEKNUMMER230-HRE0001C990.mp4", "https://www.openbeelden.nl/files/07/87/787829.787794.WEEKNUMMER230-HRE0001C990.mp4", "https://www.openbeelden.nl/files/07/87/787794.WEEKNUMMER230-HRE0001C990.mp4", "https://www.openbeelden.nl/files/07/87/787831.787794.WEEKNUMMER230-HRE0001C990.webm", "https://www.openbeelden.nl/files/07/87/787822.787794.WEEKNUMMER230-HRE0001C990.ogv", "https://www.openbeelden.nl/files/07/87/787825.787794.WEEKNUMMER230-HRE0001C990.ogv", "https://www.openbeelden.nl/files/07/87/787936.787794.WEEKNUMMER230_HRE0001C990.m3u8", "https://www.openbeelden.nl/files/07/87/787833.787794.WEEKNUMMER230-HRE0001C990.ts", "https://www.openbeelden.nl/images/787934/Folkloristisch_openluchtspel_tgv_75-jarig_bestaan%0Amaatschappij_van_de_landbouw_%282_15%29.png"], "identifier": ["523019"], "source": ["WEEKNUMMER230-HRE0001C990"], "language": ["nl"], "references": [null], "mediator": ["Wikimedia Commons"], "spatial": ["Opmeer, Nederland"], "attributionName": ["Polygoon-Profilti (producent) / Nederlands Instituut voor Beeld en Geluid (beheerder)"], "attributionURL": ["https://www.openbeelden.nl/media/787790"], "license": ["https://creativecommons.org/publicdomain/mark/1.0/"], "hasformat": ["Film"]}