{"title": ["Opening goudse landbouwtentoonstelling"], "alternative": ["Weeknummer 23-12"], "creator": ["Polygoon-Profilti (producent) / Nederlands Instituut voor Beeld en Geluid (beheerder)"], "subject": ["bloemen", "burgers", "hoofddeksels", "landbouw", "ministers", "mode", "monumenten", "openingen", "tentoonstellingen", "Ruijs de Beerenbrouck, Ch.J.M.", "Dijk, J.J.C. van"], "description": ["Bioscoopjournaals waarin Nederlandse onderwerpen van een bepaalde week worden gepresenteerd."], "abstract": ["Aanlopen minister jhr. Charles Joseph Marie Ruijs de Beerenbrouck, Minister van Binnenlandse Zaken, door met bloembakken versierde weg, gevolgd door groepje andere autoriteiten met jacquets en hoge hoeden 50\". Pan langs poserende dames en heren in jacquets, hoge hoeden, mode (autoriteiten, gegoede burgerij ??) 26\". Div. shots dames en heren idem 47\". Cu dame met grote bos chrysanten 8\". Toegangspoort naar tentoonstelling, opschrift \"Landbouwtentoonstelling 1898 - 1923\", publiek ervoor 6\". Medium shot uitstappen uit auto door ministers Ruijs de Beerenbrouck en J.J.C. van Dijk, Minister van Oorlog, lopen gevolgd door enkele andere notabelen trap van stadhuis op 20\". Medium shot Ruijs de Beerenbrouck op bordes stadhuis 18\". Monument Wilhelmina, gemaakt van buste en bloemen 10\". Cu chrysant en roos 10\"."], "publisher": ["Nederlands Instituut voor Beeld en Geluid", "https://www.openbeelden.nl/users/beeldengeluid"], "date": ["1923-08-26"], "type": ["Moving Image"], "extent": ["PT3M3S"], "medium": ["https://www.openbeelden.nl/files/07/88/788087.788062.WEEKNUMMER231-HRE00004B33.mp4", "https://www.openbeelden.nl/files/07/88/788089.788062.WEEKNUMMER231-HRE00004B33.mp4", "https://www.openbeelden.nl/files/07/88/788062.WEEKNUMMER231-HRE00004B33.mp4", "https://www.openbeelden.nl/files/07/88/788091.788062.WEEKNUMMER231-HRE00004B33.webm", "https://www.openbeelden.nl/files/07/88/788083.788062.WEEKNUMMER231-HRE00004B33.ogv", "https://www.openbeelden.nl/files/07/88/788085.788062.WEEKNUMMER231-HRE00004B33.ogv", "https://www.openbeelden.nl/files/07/88/788190.788062.WEEKNUMMER231_HRE00004B33.m3u8", "https://www.openbeelden.nl/files/07/88/788093.788062.WEEKNUMMER231-HRE00004B33.ts", "https://www.openbeelden.nl/images/788296/Opening_goudse_landbouwtentoonstelling_%281_31%29.png"], "identifier": ["29897"], "source": ["WEEKNUMMER231-HRE00004B33"], "language": ["nl"], "references": [null], "mediator": ["Wikimedia Commons"], "spatial": ["Nederland", "Gouda"], "attributionName": ["Polygoon-Profilti (producent) / Nederlands Instituut voor Beeld en Geluid (beheerder)"], "attributionURL": ["https://www.openbeelden.nl/media/788058"], "license": ["https://creativecommons.org/publicdomain/mark/1.0/"], "hasformat": ["Film"]}