{"title": ["Molen van delfland"], "alternative": ["Weeknummer 23-20"], "creator": ["Polygoon-Profilti (producent) / Nederlands Instituut voor Beeld en Geluid (beheerder)"], "subject": ["boerderijen", "molens"], "description": ["Bioscoopjournaals waarin Nederlandse onderwerpen van een bepaalde week worden gepresenteerd."], "abstract": ["Onduidelijk onderwerp. Totaalshot draaiende molen, boerderij ernaast 19\". Totaalshot andere draaiende molen met maar twee wieken (lijkt ouder en vervallen) 16\"."], "publisher": ["Nederlands Instituut voor Beeld en Geluid", "https://www.openbeelden.nl/users/beeldengeluid"], "date": ["1923-01-01"], "type": ["Moving Image"], "extent": ["PT0S"], "medium": ["https://www.openbeelden.nl/files/07/89/789002.WEEKNUMMER232-HRE0000426E_1733000_1768000.mp4", "https://www.openbeelden.nl/images/839746/Molen_van_delfland_%280_00%29.png"], "identifier": ["29811"], "source": ["WEEKNUMMER232-HRE0000426E"], "language": ["nl"], "references": [null], "mediator": ["Wikimedia Commons"], "spatial": ["Delfland", "Nederland", "Delft"], "attributionName": ["Polygoon-Profilti (producent) / Nederlands Instituut voor Beeld en Geluid (beheerder)"], "attributionURL": ["https://www.openbeelden.nl/media/788998"], "license": ["https://creativecommons.org/publicdomain/mark/1.0/"], "hasformat": ["Film"]}