{"title": ["Aankomst van de deelnemers aan de herstelconferentie"], "alternative": ["Weeknummer 30-01"], "creator": ["Polygoon-Profilti (producent) / Nederlands Instituut voor Beeld en Geluid (beheerder)"], "subject": ["camera's", "conferenties", "fotografen", "ministers", "politici", "stations", "Eerste Wereldoorlog", "Tweede Kamer", "Briand, Aristide", "Tardieu, Andr\u00e9", "Jasapr, Henri"], "description": ["Bioscoopjournaals waarin Nederlandse onderwerpen van een bepaalde week worden gepresenteerd."], "abstract": ["De aankomst van verschillende delegaties uit het buitenland in Den Haag in verband met de Herstelconfentie, die naar aanleiding van WO I gehouden werd. -Stoomtreinen arriveren bij perron Staats Spoor Station 5\"; en station Hollands Spoor 7\"; -aankomst en uitstappen van gedelegeerden op de perrons 55\"; -enkele kruiers met bagage op karren 6\"; -pers met foto- en filmcamera's 5\"; -aankomst per auto van gedelegeerden bij gebouw Tweede Kamer, waaronder Belgische ministers Jaspar en Paul Hymans, Duitse gedelegeerden Moldenhauer, Curtius en Wirt en de Franse Briand en Tardieu 1'36\"; -overzicht zaal Tweede Kamer 5\"."], "publisher": ["Nederlands Instituut voor Beeld en Geluid", "https://www.openbeelden.nl/users/beeldengeluid"], "date": ["1930-01-03"], "type": ["Moving Image"], "extent": ["PT3M2S"], "medium": ["https://www.openbeelden.nl/files/07/89/789070.789063.WEEKNUMMER300-HRE0000E1C3.mp4", "https://www.openbeelden.nl/files/07/89/789072.789063.WEEKNUMMER300-HRE0000E1C3.mp4", "https://www.openbeelden.nl/files/07/89/789063.WEEKNUMMER300-HRE0000E1C3.mp4", "https://www.openbeelden.nl/files/07/89/789074.789063.WEEKNUMMER300-HRE0000E1C3.webm", "https://www.openbeelden.nl/files/07/89/789066.789063.WEEKNUMMER300-HRE0000E1C3.ogv", "https://www.openbeelden.nl/files/07/89/789068.789063.WEEKNUMMER300-HRE0000E1C3.ogv", "https://www.openbeelden.nl/files/07/89/789208.789063.WEEKNUMMER300_HRE0000E1C3.m3u8", "https://www.openbeelden.nl/files/07/89/789076.789063.WEEKNUMMER300-HRE0000E1C3.ts", "https://www.openbeelden.nl/images/789620/Aankomst_van_de_deelnemers_aan_de_herstelconferentie_%281_31%29.png"], "identifier": ["509772"], "source": ["WEEKNUMMER300-HRE0000E1C3"], "language": ["nl"], "references": [null], "mediator": ["Wikimedia Commons"], "spatial": ["Nederland"], "attributionName": ["Polygoon-Profilti (producent) / Nederlands Instituut voor Beeld en Geluid (beheerder)"], "attributionURL": ["https://www.openbeelden.nl/media/789059"], "license": ["https://creativecommons.org/publicdomain/mark/1.0/"], "hasformat": ["Film"]}