{"title": ["Crematie van de sdap-er sannes"], "alternative": ["Weeknummer 30-01"], "creator": ["Polygoon-Profilti (producent) / Nederlands Instituut voor Beeld en Geluid (beheerder)"], "subject": ["crematies", "SDAP", "Sannes, G.W."], "description": ["Bioscoopjournaals waarin Nederlandse onderwerpen van een bepaalde week worden gepresenteerd."], "abstract": ["Beelden van uitvaart van G.W. Sannes die op Westerveld gecremeerd werd. Onder de aanwezigen zijn oa ingenieur J.W. Albarda, F.M. Wibaut en J. Oudegeest. -Div. medium shots rouwstoet met o.m. vaandels en met veel bloemen versierde kist 41\"; -stoet gaat crematorium (?) binnen 14\";"], "publisher": ["Nederlands Instituut voor Beeld en Geluid", "https://www.openbeelden.nl/users/beeldengeluid"], "date": ["1930-01-06"], "type": ["Moving Image"], "extent": ["PT57S"], "medium": ["https://www.openbeelden.nl/files/07/89/789248.789223.WEEKNUMMER300-HRE0000E1A4.mp4", "https://www.openbeelden.nl/files/07/89/789251.789223.WEEKNUMMER300-HRE0000E1A4.mp4", "https://www.openbeelden.nl/files/07/89/789223.WEEKNUMMER300-HRE0000E1A4.mp4", "https://www.openbeelden.nl/files/07/89/789255.789223.WEEKNUMMER300-HRE0000E1A4.webm", "https://www.openbeelden.nl/files/07/89/789244.789223.WEEKNUMMER300-HRE0000E1A4.ogv", "https://www.openbeelden.nl/files/07/89/789246.789223.WEEKNUMMER300-HRE0000E1A4.ogv", "https://www.openbeelden.nl/files/07/89/789320.789223.WEEKNUMMER300_HRE0000E1A4.m3u8", "https://www.openbeelden.nl/files/07/89/789261.789223.WEEKNUMMER300-HRE0000E1A4.ts", "https://www.openbeelden.nl/images/789594/Crematie_van_de_sdap-er_sannes_%280_28%29.png"], "identifier": ["508760"], "source": ["WEEKNUMMER300-HRE0000E1A4"], "language": ["nl"], "references": [null], "mediator": ["Wikimedia Commons"], "spatial": ["Nederland", "Velsen", "Driehuis", "Westerveld"], "attributionName": ["Polygoon-Profilti (producent) / Nederlands Instituut voor Beeld en Geluid (beheerder)"], "attributionURL": ["https://www.openbeelden.nl/media/789219"], "license": ["https://creativecommons.org/publicdomain/mark/1.0/"], "hasformat": ["Film"]}