{"title": ["Schuttersgilde sint sebastiaan bestaat 500 jaar"], "alternative": ["Weeknummer 30-02"], "creator": ["Polygoon-Profilti (producent) / Nederlands Instituut voor Beeld en Geluid (beheerder)"], "subject": ["bier", "drinkers", "gilden", "volkscultuur"], "description": ["Bioscoopjournaals waarin Nederlandse onderwerpen van een bepaalde week worden gepresenteerd."], "abstract": ["Het voornamelijk bierdrinkende gezelschap van het schuttersgilde. -Div. beelden van voorzitter en leden die grote hoeveelheden bier schenken en nuttigen."], "publisher": ["Nederlands Instituut voor Beeld en Geluid", "https://www.openbeelden.nl/users/beeldengeluid"], "date": ["1930-01-21"], "type": ["Moving Image"], "extent": ["PT1M25S"], "medium": ["https://www.openbeelden.nl/files/07/89/789299.789280.WEEKNUMMER300-HRE0000E1C0.mp4", "https://www.openbeelden.nl/files/07/89/789301.789280.WEEKNUMMER300-HRE0000E1C0.mp4", "https://www.openbeelden.nl/files/07/89/789280.WEEKNUMMER300-HRE0000E1C0.mp4", "https://www.openbeelden.nl/files/07/89/789303.789280.WEEKNUMMER300-HRE0000E1C0.webm", "https://www.openbeelden.nl/files/07/89/789295.789280.WEEKNUMMER300-HRE0000E1C0.ogv", "https://www.openbeelden.nl/files/07/89/789297.789280.WEEKNUMMER300-HRE0000E1C0.ogv", "https://www.openbeelden.nl/files/07/89/789424.789280.WEEKNUMMER300_HRE0000E1C0.m3u8", "https://www.openbeelden.nl/files/07/89/789305.789280.WEEKNUMMER300-HRE0000E1C0.ts", "https://www.openbeelden.nl/images/789580/Schuttersgilde_sint_sebastiaan_bestaat_500_jaar_%280_42%29.png"], "identifier": ["512843"], "source": ["WEEKNUMMER300-HRE0000E1C0"], "language": ["nl"], "references": [null], "mediator": ["Wikimedia Commons"], "spatial": ["Nederland", "Oudenbosch"], "attributionName": ["Polygoon-Profilti (producent) / Nederlands Instituut voor Beeld en Geluid (beheerder)"], "attributionURL": ["https://www.openbeelden.nl/media/789274"], "license": ["https://creativecommons.org/publicdomain/mark/1.0/"], "hasformat": ["Film"]}