{"title": ["Officiele opening raadhuis"], "alternative": ["Weeknummer 30-02"], "creator": ["Polygoon-Profilti (producent) / Nederlands Instituut voor Beeld en Geluid (beheerder)"], "subject": ["burgemeesters", "commissarissen van de koningin", "gemeentehuizen", "Karnebeek, H.A. van"], "description": ["Bioscoopjournaals waarin Nederlandse onderwerpen van een bepaalde week worden gepresenteerd."], "abstract": ["Gebeurtenissen rondom de opening van het nieuwe raadhuis van Sassenheim. -Ext. van het nieuwe raadhuis van Sassenheim 12\"; -dhr. H.A. van Karnebeek, Commissaris van de Koningin (Z-H), arriveert per auto bij raadhuis. Hij wordt ontvangen door oa burgemeester 19\";"], "publisher": ["Nederlands Instituut voor Beeld en Geluid", "https://www.openbeelden.nl/users/beeldengeluid"], "date": ["1930-01-01"], "type": ["Moving Image"], "extent": ["PT32S"], "medium": ["https://www.openbeelden.nl/files/07/89/789344.789331.WEEKNUMMER300-HRE0000E1AD.mp4", "https://www.openbeelden.nl/files/07/89/789346.789331.WEEKNUMMER300-HRE0000E1AD.mp4", "https://www.openbeelden.nl/files/07/89/789331.WEEKNUMMER300-HRE0000E1AD.mp4", "https://www.openbeelden.nl/files/07/89/789348.789331.WEEKNUMMER300-HRE0000E1AD.webm", "https://www.openbeelden.nl/files/07/89/789340.789331.WEEKNUMMER300-HRE0000E1AD.ogv", "https://www.openbeelden.nl/files/07/89/789342.789331.WEEKNUMMER300-HRE0000E1AD.ogv", "https://www.openbeelden.nl/files/07/89/789426.789331.WEEKNUMMER300_HRE0000E1AD.m3u8", "https://www.openbeelden.nl/files/07/89/789350.789331.WEEKNUMMER300-HRE0000E1AD.ts", "https://www.openbeelden.nl/images/791188/Officiele_opening_raadhuis_%280_16%29.png"], "identifier": ["513815"], "source": ["WEEKNUMMER300-HRE0000E1AD"], "language": ["nl"], "references": [null], "mediator": ["Wikimedia Commons"], "spatial": ["Nederland", "Sassenheim"], "attributionName": ["Polygoon-Profilti (producent) / Nederlands Instituut voor Beeld en Geluid (beheerder)"], "attributionURL": ["https://www.openbeelden.nl/media/789327"], "license": ["https://creativecommons.org/publicdomain/mark/1.0/"], "hasformat": ["Film"]}