{"title": ["Zeilwedstrijden van de Koninklijke"], "alternative": ["Weeknummer 24-26"], "creator": ["Nederlands Instituut voor Beeld en Geluid"], "subject": ["burgemeesters", "vrachtschepen", "wedstrijden", "zeilen", "zeilschepen", "hoorns", "schouwen", "vaarshots", "Vlugt, W.M. de", "KNZRV"], "description": ["Bioscoopjournaals waarin Nederlandse onderwerpen van een bepaalde week worden gepresenteerd."], "abstract": ["Wedstrijden van de Koninklijke Nederlandse Zeil- en Roei Vereniging te Amsterdam. Totaalshot vanaf schip op het IJ, op voorgrond scheepstelegraaf, op achtergrond twee grote vrachtschepen. Hoog medium shot hoornblazer op sluis. Bij reling achterschip kijken W. de Vlugt, burgemeester van Amsterdam, en zijn vrouw naar langsvarende zeilschepen. Div. totaalshots verschillende typen zeilschepen op het Buiten IJ en op de Zuiderzee 28\". Div. gasten, oa burgemeester De Vlugt, stappen van schip over in schouw langszij."], "publisher": ["Nederlands Instituut voor Beeld en Geluid", "https://www.openbeelden.nl/users/beeldengeluid"], "date": ["1924-08-30"], "type": ["Moving Image"], "extent": ["PT1M34S"], "medium": ["https://www.openbeelden.nl/files/07/93/793903.793896.WEEKNUMMER242-HRE000042BF_468000_563000.mp4", "https://www.openbeelden.nl/files/07/93/793905.793896.WEEKNUMMER242-HRE000042BF_468000_563000.mp4", "https://www.openbeelden.nl/files/07/93/793896.WEEKNUMMER242-HRE000042BF_468000_563000.mp4", "https://www.openbeelden.nl/files/07/93/793907.793896.WEEKNUMMER242-HRE000042BF_468000_563000.webm", "https://www.openbeelden.nl/files/07/93/793899.793896.WEEKNUMMER242-HRE000042BF_468000_563000.ogv", "https://www.openbeelden.nl/files/07/93/793901.793896.WEEKNUMMER242-HRE000042BF_468000_563000.ogv", "https://www.openbeelden.nl/files/07/93/794045.793896.WEEKNUMMER242_HRE000042BF_468000_563000.m3u8", "https://www.openbeelden.nl/files/07/93/793909.793896.WEEKNUMMER242-HRE000042BF_468000_563000.ts", "https://www.openbeelden.nl/images/794098/Zeilwedstrijden_van_de_Koninklijke_%280_47%29.png"], "identifier": ["30431"], "source": ["WEEKNUMMER242-HRE000042BF"], "language": ["nl"], "references": [null], "mediator": ["Wikimedia Commons"], "spatial": ["Amsterdam", "IJ", "Nederland", "Zuiderzee"], "attributionName": ["Nederlands Instituut voor Beeld en Geluid"], "attributionURL": ["https://www.openbeelden.nl/media/793897"], "license": ["https://creativecommons.org/publicdomain/mark/1.0/"], "hasformat": ["film"]}