{"title": ["NAVO-Smaldeel bezoekt haven van Amsterdam"], "alternative": ["Weeknummer 76-24"], "creator": ["Polygoon-Profilti (producent) / Nederlands Instituut voor Beeld en Geluid (beheerder)"], "subject": ["militaire vaartuigen", "vlootschouwen", "NAVO"], "description": ["Bioscoopjournaals waarin Nederlandse onderwerpen van een bepaalde week worden gepresenteerd."], "abstract": ["Een NAVO-vloot (het smaldeel ''Stanavforlant''?), bestaande uit tien schepen, die belast zijn met de bewaking van de Atlantische Oceaan en de Noorse wateren, is voor een vijfdaags bezoek in Amsterdam.\u00a0SHOTS: blusboot spuit water omhoog; schepen varen via het IJ Amsterdam binnen en meren aan; schip 'Norfolk', met de\u00a0stuurhut, een helikopter op het achterdek en NAVO-logo op\u00a0zijwand; Nederlands fregat \"Isaac Sweer's''(?)."], "publisher": ["Nederlands Instituut voor Beeld en Geluid", "https://www.openbeelden.nl/users/beeldengeluid"], "contributor": ["Bloemendal, Philip (commentaar)"], "date": ["1976-01-01"], "type": ["Moving Image"], "extent": ["PT1M13S"], "medium": ["https://www.openbeelden.nl/files/07/94/794223.794216.WEEKNUMMER762-HRE00004BD4_2360000_2434000.mp4", "https://www.openbeelden.nl/files/07/94/794225.794216.WEEKNUMMER762-HRE00004BD4_2360000_2434000.mp4", "https://www.openbeelden.nl/files/07/94/794216.WEEKNUMMER762-HRE00004BD4_2360000_2434000.mp4", "https://www.openbeelden.nl/files/07/94/794227.794216.WEEKNUMMER762-HRE00004BD4_2360000_2434000.webm", "https://www.openbeelden.nl/files/07/94/794219.794216.WEEKNUMMER762-HRE00004BD4_2360000_2434000.ogv", "https://www.openbeelden.nl/files/07/94/794221.794216.WEEKNUMMER762-HRE00004BD4_2360000_2434000.ogv", "https://www.openbeelden.nl/files/07/94/794252.794216.WEEKNUMMER762_HRE00004BD4_2360000_2434000.m3u8", "https://www.openbeelden.nl/files/07/94/794229.794216.WEEKNUMMER762-HRE00004BD4_2360000_2434000.ts", "https://www.openbeelden.nl/images/794274/NAVO-Smaldeel_bezoekt_haven_van_Amsterdam_%280_36%29.png"], "identifier": ["33218"], "source": ["WEEKNUMMER762-HRE00004BD4"], "language": ["nl"], "references": [null], "mediator": ["Wikimedia Commons"], "spatial": ["Amsterdam", "IJ", "Nederland"], "attributionName": ["Polygoon-Profilti (producent) / Nederlands Instituut voor Beeld en Geluid (beheerder)"], "attributionURL": ["https://www.openbeelden.nl/media/794217"], "license": ["https://creativecommons.org/licenses/by-sa/3.0/nl/"], "hasformat": ["film"]}