{"title": ["Nieuwe machine voor het vervaardigen van betonnen bouwelementen", "New machine for the production of concrete building elements"], "alternative": ["Weeknummer 49-16", "Week number 49-16"], "creator": ["Polygoon-Profilti (producent) / Nederlands Instituut voor Beeld en Geluid (beheerder)", "Polygoon-Profilti (producer) / Netherlands Institute for Sound and Vision (curator)"], "subject": ["bouwactiviteiten", "bouwvakkers", "machines", "wederopbouw", "woningbouw", "Veld, J. in 't", "building activities", "construction workers", "machines", "postwar reconstruction", "housing", "Veld", "J. in &amp", "#039", "t"], "description": ["Bioscoopjournaals waarin Nederlandse onderwerpen van een bepaalde week worden gepresenteerd.", "Newsreels in which Dutch subjects of a certain week are presented."], "abstract": ["Om de woningnood in Nederland op te lossen worden op ruime schaal woningen gebouwd, waarbij steeds meer de methode van de montagebouw wordt toegepast (dmv gestandaardiseerde, van tevoren gefabriceerde, betonnen passtukken). Deze prefab-elementen worden vervaardigd mbv pneumatische handstampers waarmee arbeiders de specie in speciale vormen vaststampen. In Maarssen heeft nu een fabriek de beschikking gekregen over een machine die dit werk volautomatisch doet. De minister van Wederopbouw en Volkshuisvesting, mr. J. in 't Veld, komt de machine officieel in gebruik stellen. SHOTS: - bouwvakkers bezig met montagebouw; - arbeiders vervaardigen in een werkplaats handmatig bouwelementen; - In 't Veld drukt op de startknop; div. ext. shots van de machine tijdens de produktie en van de afvoer van gereed gekomen bouwelementen en opslag op een opslagterrein.", "To solve the housing problem in the Netherlands, houses are being built on a large scale. The method of prefabrication is used more and more (with standardized, prefabricated concrete building elements). These prefabricated elements are made with pneumatic hand tampers which the workers use to stamp the concrete into special moulds. A factory in Maarssen now has a machine that does this work fully automatically. The Minister of Postwar Reconstruction and Housing, mr. J. in 't Veld, has come to officially put the machine into use. SHOTS: - workers busy with prefabrication; - workers produce building elements manually in a workshop; - In 't Veld presses the start button; several ext. shots of the machines during the production, the removal of the finished building elements and the storing at a storage site."], "publisher": ["Nederlands Instituut voor Beeld en Geluid", "https://www.openbeelden.nl/users/beeldengeluid"], "date": ["1949-04-01"], "type": ["Moving Image"], "extent": ["PT1M46S"], "medium": ["https://www.openbeelden.nl/files/79/79451.79438.WEEKNUMMER491-HRE00016B6C.mp4", "https://www.openbeelden.nl/files/79/79453.79438.WEEKNUMMER491-HRE00016B6C.mp4", "https://www.openbeelden.nl/files/79/79455.79438.WEEKNUMMER491-HRE00016B6C.webm", "https://www.openbeelden.nl/files/79/79447.79438.WEEKNUMMER491-HRE00016B6C.ogv", "https://www.openbeelden.nl/files/79/79449.79438.WEEKNUMMER491-HRE00016B6C.ogv", "https://www.openbeelden.nl/files/79/79598.79438.WEEKNUMMER491_HRE00016B6C.m3u8", "https://www.openbeelden.nl/files/79/79457.79438.WEEKNUMMER491-HRE00016B6C.ts", "https://www.openbeelden.nl/files/79/79441.79438.WEEKNUMMER491-HRE00016B6C.mpeg", "https://www.openbeelden.nl/files/79/79438.WEEKNUMMER491-HRE00016B6C.mpg", "https://www.openbeelden.nl/images/603459/Nieuwe_machine_voor_het_vervaardigen_van_betonnen_bouwelementen_%280_53%29.png"], "identifier": ["518448"], "source": ["WEEKNUMMER491-HRE00016B6C"], "language": ["nl"], "references": [null], "mediator": ["Wikimedia Commons"], "spatial": ["Maarssen", "Nederland", "Maarssen", "Netherlands"], "attributionName": ["Polygoon-Profilti (producent) / Nederlands Instituut voor Beeld en Geluid (beheerder)"], "attributionURL": ["https://www.openbeelden.nl/media/79439"], "license": ["https://creativecommons.org/licenses/by-sa/3.0/nl/"]}