{"title": ["Engelse mijnwerkers bezoeken Limburgs kolengebied"], "alternative": ["Weeknummer 46-36"], "creator": ["Polygoon-Profilti (producent) / Nederlands Instituut voor Beeld en Geluid (beheerder)"], "subject": ["kolenmijnen", "mijnwerkers", "Britten"], "description": ["Bioscoopjournaals waarin Nederlandse onderwerpen van een bepaalde week worden gepresenteerd."], "abstract": ["Engelse mijnwerkers bezoeken in het Limburgs mijngebied, In gewone kleren bezichtigen ze bovengrondse installaties, oa de kolenoverslag in het havengebied van Stein, en gaan, gekleed in mijnwerkerskleren, met een mijnlift ondergronds. Weer bovengekomen poseert een van hen, met zwart gezicht, lachend voor de camera."], "publisher": ["Nederlands Instituut voor Beeld en Geluid", "https://www.openbeelden.nl/users/beeldengeluid"], "date": ["1946-08-01"], "type": ["Moving Image"], "extent": ["PT1M25S"], "medium": ["https://www.openbeelden.nl/files/07/97/798032.797967.WEEKNUMMER463-HRE0001397C_1629000_1714800.mp4", "https://www.openbeelden.nl/files/07/97/798034.797967.WEEKNUMMER463-HRE0001397C_1629000_1714800.mp4", "https://www.openbeelden.nl/files/07/97/797967.WEEKNUMMER463-HRE0001397C_1629000_1714800.mp4", "https://www.openbeelden.nl/files/07/97/798036.797967.WEEKNUMMER463-HRE0001397C_1629000_1714800.webm", "https://www.openbeelden.nl/files/07/97/798028.797967.WEEKNUMMER463-HRE0001397C_1629000_1714800.ogv", "https://www.openbeelden.nl/files/07/97/798030.797967.WEEKNUMMER463-HRE0001397C_1629000_1714800.ogv", "https://www.openbeelden.nl/files/07/97/798083.797967.WEEKNUMMER463_HRE0001397C_1629000_1714800.m3u8", "https://www.openbeelden.nl/files/07/97/798038.797967.WEEKNUMMER463-HRE0001397C_1629000_1714800.ts", "https://www.openbeelden.nl/images/798200/Engelse_mijnwerkers_bezoeken_Limburgs_kolengebied_%280_42%29.png"], "identifier": ["517300"], "source": ["WEEKNUMMER463-HRE0001397C"], "language": ["nl"], "references": [null], "mediator": ["Wikimedia Commons"], "spatial": ["Limburg", "Nederland", "Stein"], "attributionName": ["Polygoon-Profilti (producent) / Nederlands Instituut voor Beeld en Geluid (beheerder)"], "attributionURL": ["https://www.openbeelden.nl/media/797968"], "license": ["https://creativecommons.org/publicdomain/mark/1.0/"], "hasformat": ["film"]}