{"title": ["Penneschaften bedekken de wrakken in de Noordzee"], "alternative": [null], "creator": ["Learning by action; Stichting Natuurbeelden"], "subject": ["Metridium senile", "Rodophyta", "Tubularia indivisa", "dag", "fauna", "flora", "getijdengebieden", "onderwateropname", "penneschaften", "planten", "roodwieren", "totaal", "vissen", "zeeanjelieren", "zomer"], "description": ["Clip gemaakt in de Nederlandse natuur uit de collectie van Stichting Natuurbeelden (www.natuurbeelden.nl)."], "abstract": ["Wrak begroeid met pennenschaften, wieren, zeeanjelieren. Exacte datum onbekend."], "publisher": ["Stichting  Natuurbeelden", "https://www.openbeelden.nl/users/stichting_natuurbeelden"], "contributor": ["Bartelink, Klaudie (camera)"], "date": ["2010-01-01"], "type": ["Moving Image"], "extent": ["PT59S"], "medium": ["https://www.openbeelden.nl/files/08/06/806345.806319.LBA0103_3_PEN-NAT00Z03A1K.mp4", "https://www.openbeelden.nl/files/08/06/806349.806319.LBA0103_3_PEN-NAT00Z03A1K.mp4", "https://www.openbeelden.nl/files/08/06/806319.LBA0103_3_PEN-NAT00Z03A1K.mp4", "https://www.openbeelden.nl/files/08/06/806355.806319.LBA0103_3_PEN-NAT00Z03A1K.webm", "https://www.openbeelden.nl/files/08/06/806340.806319.LBA0103_3_PEN-NAT00Z03A1K.ogv", "https://www.openbeelden.nl/files/08/06/806342.806319.LBA0103_3_PEN-NAT00Z03A1K.ogv", "https://www.openbeelden.nl/files/08/06/806421.806319.LBA0103_3_PEN_NAT00Z03A1K.m3u8", "https://www.openbeelden.nl/files/08/06/806357.806319.LBA0103_3_PEN-NAT00Z03A1K.ts", "https://www.openbeelden.nl/images/806680/Penneschaften_bedekken_de_wrakken_in_de_Noordzee_%280_29%29.png"], "identifier": ["4885777"], "source": ["LBA0103_3_PEN-NAT00Z03A1K"], "language": ["nl"], "references": [null], "mediator": [null], "spatial": ["Noordzee", "Nederland"], "attributionName": ["Learning by action; Stichting Natuurbeelden"], "attributionURL": ["https://www.openbeelden.nl/media/806315"], "license": ["https://creativecommons.org/licenses/by-sa/3.0/nl/"], "hasformat": ["digitalfile"]}