{"title": ["De 325ste verjaardag van de Schermerpolder", "The 325th birthday of the Schermerpolder"], "alternative": ["Weeknummer 58-37", "Week number 58-37"], "creator": ["Polygoon-Profilti (producent) / Nederlands Instituut voor Beeld en Geluid (beheerder)", "Polygoon-Profilti (producer) / Netherlands Institute for Sound and Vision (curator)"], "subject": ["jubilea", "molens", "optochten", "polders", "vee", "jubilees", "mills", "parades", "polders", "cattle"], "description": ["Bioscoopjournaals waarin Nederlandse onderwerpen van een bepaalde week worden gepresenteerd.", "Newsreels in which Dutch subjects of a certain week are presented."], "abstract": ["Viering van het 325-jarig bestaan van de Schermerpolder met in Stompetoren een optocht van vee voor mr. Prinses, commissaris der koningin. Verder shots van de polder met molens en vee.", "Celebration of the 325 years existence of the Schermerpolder. In Stompetoren is a parade with cattle mr. Prinses, the Royal Commisioner. Also shots of the polder with mills and cattle."], "publisher": ["Nederlands Instituut voor Beeld en Geluid", "https://www.openbeelden.nl/users/beeldengeluid"], "date": ["1958-09-03"], "type": ["Moving Image"], "extent": ["PT1M0S"], "medium": ["https://www.openbeelden.nl/files/80/80724.80660.WEEKNUMMER583-HRE00015A2E.mp4", "https://www.openbeelden.nl/files/80/80726.80660.WEEKNUMMER583-HRE00015A2E.mp4", "https://www.openbeelden.nl/files/80/80728.80660.WEEKNUMMER583-HRE00015A2E.webm", "https://www.openbeelden.nl/files/80/80720.80660.WEEKNUMMER583-HRE00015A2E.ogv", "https://www.openbeelden.nl/files/80/80722.80660.WEEKNUMMER583-HRE00015A2E.ogv", "https://www.openbeelden.nl/files/80/80794.80660.WEEKNUMMER583_HRE00015A2E.m3u8", "https://www.openbeelden.nl/files/80/80730.80660.WEEKNUMMER583-HRE00015A2E.ts", "https://www.openbeelden.nl/files/80/80663.80660.WEEKNUMMER583-HRE00015A2E.mpeg", "https://www.openbeelden.nl/files/80/80660.WEEKNUMMER583-HRE00015A2E.mpg", "https://www.openbeelden.nl/images/604067/De_325ste_verjaardag_van_de_Schermerpolder_%280_30%29.png"], "identifier": ["506843"], "source": ["WEEKNUMMER583-HRE00015A2E"], "language": ["nl"], "references": [null], "mediator": ["Wikimedia Commons"], "spatial": ["Nederland", "Schermer", "Netherlands", "Schermer"], "attributionName": ["Polygoon-Profilti (producent) / Nederlands Instituut voor Beeld en Geluid (beheerder)"], "attributionURL": ["https://www.openbeelden.nl/media/80661"], "license": ["https://creativecommons.org/licenses/by-sa/3.0/nl/"]}