{"title": ["Schol verscholen in het zand"], "alternative": [null], "creator": ["Nudibranch Marine Discovery Productions (Peter van Rodijnen); Stichting Natuurbeelden"], "subject": ["bewolkt", "close", "dag", "fauna", "kusten", "onderwater", "onderwateropname", "pisces", "pleuronectes platessa", "schollen", "totaal", "vissen", "wijd", "zee", "zomer", "zonnig", "zwemmen"], "description": ["Clip gemaakt in de Nederlandse natuur uit de collectie van Stichting Natuurbeelden (www.natuurbeelden.nl)."], "abstract": ["Rustig ademend ingegraven in de zandbodem."], "publisher": ["Stichting  Natuurbeelden", "https://www.openbeelden.nl/users/stichting_natuurbeelden"], "contributor": ["Rodijnen, Peter van (camera)"], "date": ["2011-07-29"], "type": ["Moving Image"], "extent": ["PT1M15S"], "medium": ["https://www.openbeelden.nl/files/08/06/806779.806760.0825_SCHOL___-NAT00Z03K0N.mp4", "https://www.openbeelden.nl/files/08/06/806786.806760.0825_SCHOL___-NAT00Z03K0N.mp4", "https://www.openbeelden.nl/files/08/06/806760.0825_SCHOL___-NAT00Z03K0N.mp4", "https://www.openbeelden.nl/files/08/06/806791.806760.0825_SCHOL___-NAT00Z03K0N.webm", "https://www.openbeelden.nl/files/08/06/806768.806760.0825_SCHOL___-NAT00Z03K0N.ogv", "https://www.openbeelden.nl/files/08/06/806776.806760.0825_SCHOL___-NAT00Z03K0N.ogv", "https://www.openbeelden.nl/files/08/06/806822.806760.0825_SCHOL____NAT00Z03K0N.m3u8", "https://www.openbeelden.nl/files/08/06/806799.806760.0825_SCHOL___-NAT00Z03K0N.ts", "https://www.openbeelden.nl/images/806941/Schol_verscholen_in_het_zand_%280_37%29.png"], "identifier": ["4931674"], "source": ["0825_SCHOL___-NAT00Z03K0N"], "language": ["nl"], "references": [null], "mediator": [null], "spatial": ["Nederland", "Oosterschelde", "Zeeland"], "attributionName": ["Nudibranch Marine Discovery Productions (Peter van Rodijnen); Stichting Natuurbeelden"], "attributionURL": ["https://www.openbeelden.nl/media/806753"], "license": ["https://creativecommons.org/licenses/by-sa/3.0/nl/"], "hasformat": ["digitalfile"]}