{"title": ["Nederlands grondgebied groeit", "Dutch territory expands"], "alternative": ["Weeknummer 57-09", "Week number 57-09"], "creator": ["Polygoon-Profilti (producent) / Nederlands Instituut voor Beeld en Geluid (beheerder)", "Polygoon-Profilti (producer) / Netherlands Institute for Sound and Vision (curator)"], "subject": ["gemalen", "geologie", "polders", "visafslag", "visserij", "vissersschepen", "pumping-stations", "geology", "polders", "fish auction", "fishing", "fishing boats"], "description": ["Bioscoopjournaals waarin Nederlandse onderwerpen van een bepaalde week worden gepresenteerd.", "Newsreels in which Dutch subjects of a certain week are presented."], "abstract": ["De polder Oostelijk Flevoland is na de inpoldering al gedeeltelijk drooggevallen. Geologen bepalen adhv grondmonsters genomen met grondboren de bodemsamenstelling. Archeologen staan bij een scheepswrak dat ongeveer 50 jaar geleden aan de grond is gezet. De pompen van gemaal Wortman pompen de rest van de polder leeg. Vissers van Elburg vissen het overgebleven water leeg en brengen de vis naar Harderwijk. De grote vissen worden verkocht op de visafslag, van de ondermaatse vis zal eendenvoer worden gemaakt. In Elburg liggen de andere schepen op het droge.", "The polder of Eastern Flevoland has partially dried up after the impoldering of the land. Geologists determine the soil structure with soil samples taken with soil core samplers. Archeologists stand next to a shipwreck which ran aground there about 50 years ago. The pumps of the pumping-station Wortman pump the rest of the polder dry. Fishermen from Elburg fish the remaining water empty and take the fish to Harderwijk. The large fish are sold at the fish auction, the small fish will be used as food for ducks. The other boats in Elburg are on dry land."], "publisher": ["Nederlands Instituut voor Beeld en Geluid", "https://www.openbeelden.nl/users/beeldengeluid"], "date": ["1957-01-01"], "type": ["Moving Image"], "extent": ["PT1M57S"], "medium": ["https://www.openbeelden.nl/files/80/80775.80707.WEEKNUMMER570-HRE0001B0AE.mp4", "https://www.openbeelden.nl/files/80/80777.80707.WEEKNUMMER570-HRE0001B0AE.mp4", "https://www.openbeelden.nl/files/80/80779.80707.WEEKNUMMER570-HRE0001B0AE.webm", "https://www.openbeelden.nl/files/80/80771.80707.WEEKNUMMER570-HRE0001B0AE.ogv", "https://www.openbeelden.nl/files/80/80773.80707.WEEKNUMMER570-HRE0001B0AE.ogv", "https://www.openbeelden.nl/files/80/80899.80707.WEEKNUMMER570_HRE0001B0AE.m3u8", "https://www.openbeelden.nl/files/80/80781.80707.WEEKNUMMER570-HRE0001B0AE.ts", "https://www.openbeelden.nl/files/80/80710.80707.WEEKNUMMER570-HRE0001B0AE.mpeg", "https://www.openbeelden.nl/files/80/80707.WEEKNUMMER570-HRE0001B0AE.mpg", "https://www.openbeelden.nl/images/603451/Nederlands_grondgebied_groeit_%280_58%29.png"], "identifier": ["516804"], "source": ["WEEKNUMMER570-HRE0001B0AE"], "language": ["nl"], "references": [null], "mediator": ["Wikimedia Commons"], "spatial": ["Elburg", "Harderwijk", "Nederland", "Oostelijk Flevoland", "Elburg", "Harderwijk", "Netherlands", "Eastern Flevoland"], "attributionName": ["Polygoon-Profilti (producent) / Nederlands Instituut voor Beeld en Geluid (beheerder)"], "attributionURL": ["https://www.openbeelden.nl/media/80708"], "license": ["https://creativecommons.org/licenses/by-sa/3.0/nl/"]}