{"title": ["Kleine vuurvlinder zit op bodem"], "alternative": [null], "creator": ["Nederlands Instituut voor Beeld en Geluid; Stichting Natuurbeelden"], "subject": ["Lepidoptera", "Lycaena phlaeas", "Lycaenidae", "bossen", "buitenopname", "close", "dagvlinders", "exterieur", "extreem close", "fauna", "heide", "kleine pages, vuurvlinders en blauwtjes", "kleine vuurvlinder", "middag", "najaar", "opwarmen", "ruig grasland", "rusten", "totaal", "vlinders", "voortbewegen", "zonnig"], "description": ["Clip gemaakt in de Nederlandse natuur uit de collectie van Stichting Natuurbeelden (www.natuurbeelden.nl)."], "abstract": ["Een kleine vuurvlinder zit tussen grasstengels op een begraasd graslandje. De vlinder vliegt een aantal keren op. De vlinder is een beetje schuin van achteren gezien. In een aantal opeenvolgende kaders komt de vlinder steeds nadrukkelijker in beeld. Samengestelde clip."], "publisher": ["Stichting  Natuurbeelden", "https://www.openbeelden.nl/users/stichting_natuurbeelden"], "contributor": ["Berents, Willem (camera)"], "date": ["2013-10-01"], "type": ["Moving Image"], "extent": ["PT2M0S"], "medium": ["https://www.openbeelden.nl/files/08/07/808000.807973.VKA073_018_06-NAT00Z04BZ7.mp4", "https://www.openbeelden.nl/files/08/07/808002.807973.VKA073_018_06-NAT00Z04BZ7.mp4", "https://www.openbeelden.nl/files/08/07/807973.VKA073_018_06-NAT00Z04BZ7.mp4", "https://www.openbeelden.nl/files/08/07/808004.807973.VKA073_018_06-NAT00Z04BZ7.webm", "https://www.openbeelden.nl/files/08/07/807995.807973.VKA073_018_06-NAT00Z04BZ7.ogv", "https://www.openbeelden.nl/files/08/07/807998.807973.VKA073_018_06-NAT00Z04BZ7.ogv", "https://www.openbeelden.nl/files/08/07/808070.807973.VKA073_018_06_NAT00Z04BZ7.m3u8", "https://www.openbeelden.nl/files/08/07/808007.807973.VKA073_018_06-NAT00Z04BZ7.ts", "https://www.openbeelden.nl/images/808226/Kleine_vuurvlinder_zit_op_bodem_%281_00%29.png"], "identifier": ["5231731"], "source": ["VKA073_018_06-NAT00Z04BZ7"], "language": ["nl"], "references": [null], "mediator": [null], "spatial": ["Nederland", "Stippelberg", "De Rips", "Noord-Brabant"], "attributionName": ["Nederlands Instituut voor Beeld en Geluid; Stichting Natuurbeelden"], "attributionURL": ["https://www.openbeelden.nl/media/807969"], "license": ["https://creativecommons.org/licenses/by-sa/3.0/nl/"], "hasformat": ["digitalfile"]}