{"title": ["Diverse kleine aasgarnaaltjes zwevend boven zeewieren"], "alternative": [null], "creator": ["Nudibranch Marine Discovery Productions (Peter van Rodijnen); Stichting Natuurbeelden"], "subject": ["aasgarnalen", "arthropoda", "bewolkt", "caridea", "close", "dag", "fauna", "garnalen", "geleedpotigen", "kusten", "meren", "mysida", "onderwater", "onderwateropname", "totaal", "voorjaar", "wijd", "zee", "zonnig", "zweven"], "description": ["Clip gemaakt in de Nederlandse natuur uit de collectie van Stichting Natuurbeelden (www.natuurbeelden.nl)."], "abstract": ["In grote scholen vrij zwemmend boven wier en rotsbodem."], "publisher": ["Stichting  Natuurbeelden", "https://www.openbeelden.nl/users/stichting_natuurbeelden"], "contributor": ["Rodijnen, Peter van (camera)"], "date": ["2011-06-09"], "type": ["Moving Image"], "extent": ["PT2M35S"], "medium": ["https://www.openbeelden.nl/files/08/09/809035.809008.0102_AGARNAAL-NAT00Z03JY4.mp4", "https://www.openbeelden.nl/files/08/09/809037.809008.0102_AGARNAAL-NAT00Z03JY4.mp4", "https://www.openbeelden.nl/files/08/09/809008.0102_AGARNAAL-NAT00Z03JY4.mp4", "https://www.openbeelden.nl/files/08/09/809039.809008.0102_AGARNAAL-NAT00Z03JY4.webm", "https://www.openbeelden.nl/files/08/09/809031.809008.0102_AGARNAAL-NAT00Z03JY4.ogv", "https://www.openbeelden.nl/files/08/09/809033.809008.0102_AGARNAAL-NAT00Z03JY4.ogv", "https://www.openbeelden.nl/files/08/09/809104.809008.0102_AGARNAAL_NAT00Z03JY4.m3u8", "https://www.openbeelden.nl/files/08/09/809041.809008.0102_AGARNAAL-NAT00Z03JY4.ts", "https://www.openbeelden.nl/images/809884/Diverse_kleine_aasgarnaaltjes_zwevend_boven_zeewieren_%281_17%29.png"], "identifier": ["4931647"], "source": ["0102_AGARNAAL-NAT00Z03JY4"], "language": ["nl"], "references": [null], "mediator": [null], "spatial": ["Nederland", "Grevelingenmeer", "Zeeland"], "attributionName": ["Nudibranch Marine Discovery Productions (Peter van Rodijnen); Stichting Natuurbeelden"], "attributionURL": ["https://www.openbeelden.nl/media/808999"], "license": ["https://creativecommons.org/licenses/by-sa/3.0/nl/"], "hasformat": ["digitalfile"]}