{"title": ["Wantsen paren op grasspriet"], "alternative": [null], "creator": ["Nederlands Instituut voor Beeld en Geluid; Stichting Natuurbeelden"], "subject": ["Gramineae", "Heteroptera", "Miridae", "Stenodema spec", "avond", "bewolkt", "blindwantsen", "bossen", "buitenopname", "close", "exterieur", "extreem close", "fauna", "flora", "grassen", "graswants spec", "insecten", "ruig grasland", "totaal", "voortplanten", "wantsen", "zomer", "zonnig", "zonsondergang"], "description": ["Clip gemaakt in de Nederlandse natuur uit de collectie van Stichting Natuurbeelden (www.natuurbeelden.nl)."], "abstract": ["Twee wantsen (graswantsen) paren op een grassprietje. Eerst is een van de wantsen te zien op een grashalm. De wants zit met de kop omlaag. Er zijn gedegenereerde glasachtige vleugels te zien. Deze wants komt in opeenvolgende kaders steeds nadrukkelijker in beeld. Vervolgens is dezelfde wants te zien, maar nu in paring met een soortgenoot. De twee wantsen zitten met hun achterlijf naar elkaar toe. In opeenvolgende kaders komt de paring steeds iets nadrukkelijker in beeld. Diverse kaders. Samengestelde clip."], "publisher": ["Stichting  Natuurbeelden", "https://www.openbeelden.nl/users/stichting_natuurbeelden"], "contributor": ["Berents, Willem (camera)"], "date": ["2013-08-24"], "type": ["Moving Image"], "extent": ["PT2M55S"], "medium": ["https://www.openbeelden.nl/files/08/09/809356.809331.VKA045_003_08-NAT00Z04BXZ.mp4", "https://www.openbeelden.nl/files/08/09/809359.809331.VKA045_003_08-NAT00Z04BXZ.mp4", "https://www.openbeelden.nl/files/08/09/809331.VKA045_003_08-NAT00Z04BXZ.mp4", "https://www.openbeelden.nl/files/08/09/809361.809331.VKA045_003_08-NAT00Z04BXZ.webm", "https://www.openbeelden.nl/files/08/09/809352.809331.VKA045_003_08-NAT00Z04BXZ.ogv", "https://www.openbeelden.nl/files/08/09/809354.809331.VKA045_003_08-NAT00Z04BXZ.ogv", "https://www.openbeelden.nl/files/08/09/809427.809331.VKA045_003_08_NAT00Z04BXZ.m3u8", "https://www.openbeelden.nl/files/08/09/809363.809331.VKA045_003_08-NAT00Z04BXZ.ts", "https://www.openbeelden.nl/images/809542/Wantsen_paren_op_grasspriet_%281_27%29.png"], "identifier": ["5231774"], "source": ["VKA045_003_08-NAT00Z04BXZ"], "language": ["nl"], "references": [null], "mediator": [null], "spatial": ["Nederland", "Boshuizerbergen", "Limburg", "Venray", "Noord-Limburg"], "attributionName": ["Nederlands Instituut voor Beeld en Geluid; Stichting Natuurbeelden"], "attributionURL": ["https://www.openbeelden.nl/media/809326"], "license": ["https://creativecommons.org/licenses/by-sa/3.0/nl/"], "hasformat": ["digitalfile"]}