{"title": ["Japanse knotszakpijp overwoekerd door sponzen"], "alternative": [null], "creator": ["Nudibranch Marine Discovery Productions (Peter van Rodijnen); Stichting Natuurbeelden"], "subject": ["bewolkt", "close", "dag", "fauna", "filteren", "japanse knotszakpijpen", "kusten", "manteldieren", "nacht", "najaar", "onderwater", "onderwateropname", "styela clava", "totaal", "tunicata", "wijd", "winter", "zee", "zonnig"], "description": ["Clip gemaakt in de Nederlandse natuur uit de collectie van Stichting Natuurbeelden (www.natuurbeelden.nl)."], "abstract": ["Solitaire exemplaren overwoekerd door sponzen, pompend met water."], "publisher": ["Stichting  Natuurbeelden", "https://www.openbeelden.nl/users/stichting_natuurbeelden"], "contributor": ["Rodijnen, Peter van (camera)"], "date": ["2011-12-30"], "type": ["Moving Image"], "extent": ["PT3M1S"], "medium": ["https://www.openbeelden.nl/files/08/09/809503.809477.0309_JPNSPIJP-NAT00Z03JZS.mp4", "https://www.openbeelden.nl/files/08/09/809505.809477.0309_JPNSPIJP-NAT00Z03JZS.mp4", "https://www.openbeelden.nl/files/08/09/809477.0309_JPNSPIJP-NAT00Z03JZS.mp4", "https://www.openbeelden.nl/files/08/09/809507.809477.0309_JPNSPIJP-NAT00Z03JZS.webm", "https://www.openbeelden.nl/files/08/09/809499.809477.0309_JPNSPIJP-NAT00Z03JZS.ogv", "https://www.openbeelden.nl/files/08/09/809501.809477.0309_JPNSPIJP-NAT00Z03JZS.ogv", "https://www.openbeelden.nl/files/08/09/809593.809477.0309_JPNSPIJP_NAT00Z03JZS.m3u8", "https://www.openbeelden.nl/files/08/09/809509.809477.0309_JPNSPIJP-NAT00Z03JZS.ts", "https://www.openbeelden.nl/images/809758/Japanse_knotszakpijp_overwoekerd_door_sponzen_%281_30%29.png"], "identifier": ["4931705"], "source": ["0309_JPNSPIJP-NAT00Z03JZS"], "language": ["nl"], "references": [null], "mediator": [null], "spatial": ["Nederland", "Oosterschelde", "Zeeland"], "attributionName": ["Nudibranch Marine Discovery Productions (Peter van Rodijnen); Stichting Natuurbeelden"], "attributionURL": ["https://www.openbeelden.nl/media/809473"], "license": ["https://creativecommons.org/licenses/by-sa/3.0/nl/"], "hasformat": ["digitalfile"]}