{"title": ["Friese Wouden luchtopnames met schapen"], "alternative": [null], "creator": ["Nederlands Instituut voor Beeld en Geluid; Sichting Natuurbeelden"], "subject": ["Ovis aries", "aerials", "boerderijdieren", "buitenopname", "cultuurlandschappen", "fauna", "grazen", "landschappen", "luchtopname", "middag", "najaar", "octocopter", "schapen", "staan", "totaal", "weilanden", "wijd", "zonnig", "zonsondergang"], "description": ["Clip gemaakt in de Nederlandse natuur uit de collectie van Stichting Natuurbeelden (www.natuurbeelden.nl)."], "abstract": ["Friese Wouden luchtbeelden van percelen en kudde schapen."], "publisher": ["Stichting  Natuurbeelden", "https://www.openbeelden.nl/users/stichting_natuurbeelden"], "contributor": ["Sanderson, Michael (camera)"], "date": ["2012-12-12"], "type": ["Moving Image"], "extent": ["PT3M5S"], "medium": ["https://www.openbeelden.nl/files/08/09/809620.809602.ATELES131FRW1-NAT00Z04237.mp4", "https://www.openbeelden.nl/files/08/09/809624.809602.ATELES131FRW1-NAT00Z04237.mp4", "https://www.openbeelden.nl/files/08/09/809602.ATELES131FRW1-NAT00Z04237.mp4", "https://www.openbeelden.nl/files/08/09/809626.809602.ATELES131FRW1-NAT00Z04237.webm", "https://www.openbeelden.nl/files/08/09/809611.809602.ATELES131FRW1-NAT00Z04237.ogv", "https://www.openbeelden.nl/files/08/09/809613.809602.ATELES131FRW1-NAT00Z04237.ogv", "https://www.openbeelden.nl/files/08/09/809720.809602.ATELES131FRW1_NAT00Z04237.m3u8", "https://www.openbeelden.nl/files/08/09/809628.809602.ATELES131FRW1-NAT00Z04237.ts", "https://www.openbeelden.nl/images/809883/Friese_Wouden_luchtopnames_met_schapen_%281_32%29.png"], "identifier": ["5026051"], "source": ["ATELES131FRW1-NAT00Z04237"], "language": ["nl"], "references": [null], "mediator": [null], "spatial": ["Nederland", "Friese Wouden", "Eastermar", "Friesland"], "attributionName": ["Nederlands Instituut voor Beeld en Geluid; Sichting Natuurbeelden"], "attributionURL": ["https://www.openbeelden.nl/media/809598"], "license": ["https://creativecommons.org/licenses/by-sa/3.0/nl/"], "hasformat": ["digitalfile"]}