{"title": ["Wieren als begroeiing op wrakken"], "alternative": [null], "creator": ["Learning by action; Stichting Natuurbeelden"], "subject": ["Alcyonium digitatum", "Bryopsis plumosa", "Cullithamnion roseum", "Japans bessenwieren", "Metridium senile", "Rodophyta", "Sargassum muticum", "Tubularia larynx", "boompjeswieren", "dag", "dodemansduimen", "fauna", "flora", "getijdengebieden", "gorgelpijppoliepen", "onderwateropname", "planten", "roodwieren", "totaal", "vederwieren", "vissen", "zeeanjelieren", "zomer"], "description": ["Clip gemaakt in de Nederlandse natuur uit de collectie van Stichting Natuurbeelden (www.natuurbeelden.nl)."], "abstract": ["Wieren als begroeiing op wrakken in de Noordzee. Exacte datum onbekend."], "publisher": ["Stichting  Natuurbeelden", "https://www.openbeelden.nl/users/stichting_natuurbeelden"], "contributor": ["Bartelink, Klaudie (camera)"], "date": ["2010-01-01"], "type": ["Moving Image"], "extent": ["PT3M42S"], "medium": ["https://www.openbeelden.nl/files/08/10/810402.810388.LBA0101_1_WIE-NAT00Z03A1D.mp4", "https://www.openbeelden.nl/files/08/10/810404.810388.LBA0101_1_WIE-NAT00Z03A1D.mp4", "https://www.openbeelden.nl/files/08/10/810388.LBA0101_1_WIE-NAT00Z03A1D.mp4", "https://www.openbeelden.nl/files/08/10/810407.810388.LBA0101_1_WIE-NAT00Z03A1D.webm", "https://www.openbeelden.nl/files/08/10/810398.810388.LBA0101_1_WIE-NAT00Z03A1D.ogv", "https://www.openbeelden.nl/files/08/10/810400.810388.LBA0101_1_WIE-NAT00Z03A1D.ogv", "https://www.openbeelden.nl/files/08/10/810441.810388.LBA0101_1_WIE_NAT00Z03A1D.m3u8", "https://www.openbeelden.nl/files/08/10/810411.810388.LBA0101_1_WIE-NAT00Z03A1D.ts", "https://www.openbeelden.nl/images/811144/Wieren_als_begroeiing_op_wrakken_%281_51%29.png"], "identifier": ["4885736"], "source": ["LBA0101_1_WIE-NAT00Z03A1D"], "language": ["nl"], "references": [null], "mediator": [null], "spatial": ["Noordzee", "Nederland"], "attributionName": ["Learning by action; Stichting Natuurbeelden"], "attributionURL": ["https://www.openbeelden.nl/media/810384"], "license": ["https://creativecommons.org/licenses/by-sa/3.0/nl/"], "hasformat": ["digitalfile"]}