{"title": ["Haringgraten (hydroiden) wuivend op  wrak"], "alternative": [null], "creator": ["Learning by action; Stichting Natuurbeelden"], "subject": ["(ruwe) zeeraspen", "Asterias rubens", "Buccinum undatum", "Halecium halecinum", "Hydractinia echinata", "Obelia dichotoma", "Pagurus bernhardus", "close", "dag", "fauna", "getijdengebieden", "haringgraten", "heremietkreeften", "lange zeedraden", "onderwateropname", "vissen", "wulken", "zeesterren", "zomer"], "description": ["Clip gemaakt in de Nederlandse natuur uit de collectie van Stichting Natuurbeelden (www.natuurbeelden.nl)."], "abstract": ["Haringgraten en lange zeedraden wuivend op wrak en zeebodem. Exacte datum onbekend."], "publisher": ["Stichting  Natuurbeelden", "https://www.openbeelden.nl/users/stichting_natuurbeelden"], "contributor": ["Bartelink, Klaudie (camera)"], "date": ["2010-01-01"], "type": ["Moving Image"], "extent": ["PT3M51S"], "medium": ["https://www.openbeelden.nl/files/08/10/810734.810672.LBA0103_1_HYD-NAT00Z03A1H.mp4", "https://www.openbeelden.nl/files/08/10/810736.810672.LBA0103_1_HYD-NAT00Z03A1H.mp4", "https://www.openbeelden.nl/files/08/10/810672.LBA0103_1_HYD-NAT00Z03A1H.mp4", "https://www.openbeelden.nl/files/08/10/810738.810672.LBA0103_1_HYD-NAT00Z03A1H.webm", "https://www.openbeelden.nl/files/08/10/810730.810672.LBA0103_1_HYD-NAT00Z03A1H.ogv", "https://www.openbeelden.nl/files/08/10/810732.810672.LBA0103_1_HYD-NAT00Z03A1H.ogv", "https://www.openbeelden.nl/files/08/10/810775.810672.LBA0103_1_HYD_NAT00Z03A1H.m3u8", "https://www.openbeelden.nl/files/08/10/810740.810672.LBA0103_1_HYD-NAT00Z03A1H.ts", "https://www.openbeelden.nl/images/810794/Haringgraten_%28hydroiden%29_wuivend_op_wrak_%281_55%29.png"], "identifier": ["4885779"], "source": ["LBA0103_1_HYD-NAT00Z03A1H"], "language": ["nl"], "references": [null], "mediator": [null], "spatial": ["Noordzee", "Nederland"], "attributionName": ["Learning by action; Stichting Natuurbeelden"], "attributionURL": ["https://www.openbeelden.nl/media/810668"], "license": ["https://creativecommons.org/licenses/by-sa/3.0/nl/"], "hasformat": ["digitalfile"]}