{"title": ["Klokjesgentiaan groeit in blauwgrasland"], "alternative": [null], "creator": ["Nederlands Instituut voor Beeld en Geluid; Stichting Natuurbeelden"], "subject": ["Gentiana", "Gentiana pneumonanthe", "Gentianaceae", "blauwgrasland", "bloei", "bossen", "buitenopname", "close", "exterieur", "extreem close", "flora", "gentiaan", "gentiaanfamilie", "klokjesgentiaan", "landschappen", "ochtend", "planten", "totaal", "wijd", "zomer", "zonnig", "zonsopgang"], "description": ["Clip gemaakt in de Nederlandse natuur uit de collectie van Stichting Natuurbeelden (www.natuurbeelden.nl)."], "abstract": ["In een blauwgraslandje midden in het bos (Kampina) groeit klokjesgentiaan. Eerst is het landschap te zien (camerabeweging). Daarna komt een groepje bloeistengels in beeld vanuit een laag standpunt. Vervolgens is dit groepje te zien en rijdt de camera er aan voorbij. Daarna komt de bloeiwijze van het klokjesgentiaan in opeenvolgende kaders steeds nadrukkelijker in beeld. Daarbij zijn geopende en ongeopende bloemen zichtbaar. Aan de ongeopende bloemen is goed te zien hoe ze zich open draaien. Er komt een klein spin in beeld op de top van een van de ongeopende bloemen. Daarna volgt een geopende bloem. Eerst is die vanaf de zijkant te zien, en dan vanaf de bovenkant. Diverse kaders. Samengestelde clip."], "publisher": ["Stichting  Natuurbeelden", "https://www.openbeelden.nl/users/stichting_natuurbeelden"], "contributor": ["Berents, Willem (camera)"], "date": ["2013-08-09"], "type": ["Moving Image"], "extent": ["PT4M42S"], "medium": ["https://www.openbeelden.nl/files/08/11/811694.811616.VKA051_002_11-NAT00Z04BY7.mp4", "https://www.openbeelden.nl/files/08/11/811696.811616.VKA051_002_11-NAT00Z04BY7.mp4", "https://www.openbeelden.nl/files/08/11/811616.VKA051_002_11-NAT00Z04BY7.mp4", "https://www.openbeelden.nl/files/08/11/811698.811616.VKA051_002_11-NAT00Z04BY7.webm", "https://www.openbeelden.nl/files/08/11/811690.811616.VKA051_002_11-NAT00Z04BY7.ogv", "https://www.openbeelden.nl/files/08/11/811692.811616.VKA051_002_11-NAT00Z04BY7.ogv", "https://www.openbeelden.nl/files/08/11/811728.811616.VKA051_002_11_NAT00Z04BY7.m3u8", "https://www.openbeelden.nl/files/08/11/811700.811616.VKA051_002_11-NAT00Z04BY7.ts", "https://www.openbeelden.nl/images/811947/Klokjesgentiaan_groeit_in_blauwgrasland_%282_21%29.png"], "identifier": ["5231765"], "source": ["VKA051_002_11-NAT00Z04BY7"], "language": ["nl"], "references": [null], "mediator": [null], "spatial": ["Nederland", "Smalbroeken", "De Kampina", "Boxtel", "Noord-Brabant"], "attributionName": ["Nederlands Instituut voor Beeld en Geluid; Stichting Natuurbeelden"], "attributionURL": ["https://www.openbeelden.nl/media/811612"], "license": ["https://creativecommons.org/licenses/by-sa/3.0/nl/"], "hasformat": ["digitalfile"]}