{"title": ["Gewone zeedonderpad met nesten vol rode eieren"], "alternative": [null], "creator": ["Nudibranch Marine Discovery Productions (Peter van Rodijnen); Stichting Natuurbeelden"], "subject": ["bewolkt", "close", "extreem close", "fauna", "gewone zeedonderpadden", "kusten", "meren", "myoxocephalus scorpius", "nacht", "onderwater", "onderwateropname", "pisces", "totaal", "vissen", "wijd", "winter", "zee", "zwemmen"], "description": ["Clip gemaakt in de Nederlandse natuur uit de collectie van Stichting Natuurbeelden (www.natuurbeelden.nl)."], "abstract": ["De verkleuring van felrode eieren, naar bolletjes met ogen en jonge visjes."], "publisher": ["Stichting  Natuurbeelden", "https://www.openbeelden.nl/users/stichting_natuurbeelden"], "contributor": ["Rodijnen, Peter van (camera)"], "date": ["2012-02-02"], "type": ["Moving Image"], "extent": ["PT5M50S"], "medium": ["https://www.openbeelden.nl/files/08/13/813179.813160.0809_DONDEREI-NAT00Z03K0I.mp4", "https://www.openbeelden.nl/files/08/13/813181.813160.0809_DONDEREI-NAT00Z03K0I.mp4", "https://www.openbeelden.nl/files/08/13/813160.0809_DONDEREI-NAT00Z03K0I.mp4", "https://www.openbeelden.nl/files/08/13/813183.813160.0809_DONDEREI-NAT00Z03K0I.webm", "https://www.openbeelden.nl/files/08/13/813175.813160.0809_DONDEREI-NAT00Z03K0I.ogv", "https://www.openbeelden.nl/files/08/13/813177.813160.0809_DONDEREI-NAT00Z03K0I.ogv", "https://www.openbeelden.nl/files/08/13/813251.813160.0809_DONDEREI_NAT00Z03K0I.m3u8", "https://www.openbeelden.nl/files/08/13/813185.813160.0809_DONDEREI-NAT00Z03K0I.ts", "https://www.openbeelden.nl/images/813474/Gewone_zeedonderpad_met_nesten_vol_rode_eieren_%282_55%29.png"], "identifier": ["4931679"], "source": ["0809_DONDEREI-NAT00Z03K0I"], "language": ["nl"], "references": [null], "mediator": [null], "spatial": ["Nederland", "Grevelingenmeer", "Zeeland"], "attributionName": ["Nudibranch Marine Discovery Productions (Peter van Rodijnen); Stichting Natuurbeelden"], "attributionURL": ["https://www.openbeelden.nl/media/813156"], "license": ["https://creativecommons.org/licenses/by-sa/3.0/nl/"], "hasformat": ["digitalfile"]}