{"title": ["Konijnen leven in de stad"], "alternative": [null], "creator": ["Nederlands Instituut voor Beeld en Geluid; Stichting Natuurbeelden"], "subject": ["Chordata", "Lagomorpha", "Leporidae", "Mammalia", "Oryctolagus cuniculus", "bewolkt", "buitenopname", "exterieur", "fauna", "foerageren", "gewervelden", "haasachtigen", "hazen en konijnen", "konijn", "lopen", "ochtend", "reageren", "stedelijke gebieden", "totaal", "voorjaar", "voortbewegen", "waarnemen", "wijd", "zonsopgang", "zoogdieren"], "description": ["Clip gemaakt in de Nederlandse natuur uit de collectie van Stichting Natuurbeelden (www.natuurbeelden.nl)."], "abstract": ["Konijnen foerageren in stadse omgeving in de vroege ochtend. Eerst is een konijn te zien in de berm nabij een kruispunt. Het konijn zit te grazen. In enkele opeenvolgende kaders komt het konijn nadrukkelijk in beeld. Er is geen verkeer te zien. Daarna richt de aandacht zich op konijnen die foerageren in de buurt van een omheind sportveldje. Er foerageren diverse konijnen op grasveldjes en bermen rond het veldje. Het sportveldje ligt in een stedelijke omgeving met hoge gebouwen en een treinstation. Daarna komt een konijn in beeld nabij een fabrieksloods. De wand van de loods is van metaal. Bij de muur staan afvalbakken, bankjes en gestalde fietsen. Er foerageren konijnen rond de fietsen. Diverse kaders. Samengestelde clip."], "publisher": ["Stichting  Natuurbeelden", "https://www.openbeelden.nl/users/stichting_natuurbeelden"], "contributor": ["Berents, Boris (camera)"], "date": ["2013-06-16"], "type": ["Moving Image"], "extent": ["PT6M6S"], "medium": ["https://www.openbeelden.nl/files/08/13/813371.813325.VKB008_006_16-NAT00Z04C01.mp4", "https://www.openbeelden.nl/files/08/13/813373.813325.VKB008_006_16-NAT00Z04C01.mp4", "https://www.openbeelden.nl/files/08/13/813325.VKB008_006_16-NAT00Z04C01.mp4", "https://www.openbeelden.nl/files/08/13/813375.813325.VKB008_006_16-NAT00Z04C01.webm", "https://www.openbeelden.nl/files/08/13/813365.813325.VKB008_006_16-NAT00Z04C01.ogv", "https://www.openbeelden.nl/files/08/13/813369.813325.VKB008_006_16-NAT00Z04C01.ogv", "https://www.openbeelden.nl/files/08/13/813483.813325.VKB008_006_16_NAT00Z04C01.m3u8", "https://www.openbeelden.nl/files/08/13/813379.813325.VKB008_006_16-NAT00Z04C01.ts", "https://www.openbeelden.nl/images/813468/Konijnen_leven_in_de_stad_%283_03%29.png"], "identifier": ["5231705"], "source": ["VKB008_006_16-NAT00Z04C01"], "language": ["nl"], "references": [null], "mediator": [null], "spatial": ["Nederland", "Flevoland", "Almere", "Stedenwijk"], "attributionName": ["Nederlands Instituut voor Beeld en Geluid; Stichting Natuurbeelden"], "attributionURL": ["https://www.openbeelden.nl/media/813320"], "license": ["https://creativecommons.org/licenses/by-sa/3.0/nl/"], "hasformat": ["digitalfile"]}