{"title": ["Honingbijen op honingraten met stuifmeel en larven"], "alternative": [null], "creator": ["EYESEALAND Visual Media; Stichting Natuurbeelden"], "subject": ["Apis mellifera", "bijenraten", "bijenwas", "boomgaarden", "buitenopname", "close", "dag", "dansen", "exterieur", "extreem close", "fauna", "gewoontes", "hexagonaal", "honingbijen", "insecten", "kruipen", "landbouwgebieden", "larven", "lopen", "natuur", "ochtend", "rivierlandschappen", "stedelijke gebieden", "stuifmeel", "teamwork", "verzamelen", "voorjaar", "zonnig"], "description": ["Clip gemaakt in de Nederlandse natuur uit de collectie van Stichting Natuurbeelden (www.natuurbeelden.nl)."], "abstract": ["Honingbij exterieur dag."], "publisher": ["Stichting  Natuurbeelden", "https://www.openbeelden.nl/users/stichting_natuurbeelden"], "contributor": ["Huisman, Pieter (camera)"], "date": ["2009-05-01"], "type": ["Moving Image"], "extent": ["PT6M27S"], "medium": ["https://www.openbeelden.nl/files/08/13/813660.813598.011_HNGBIJ_MA-NAT00Z03JYD.mp4", "https://www.openbeelden.nl/files/08/13/813662.813598.011_HNGBIJ_MA-NAT00Z03JYD.mp4", "https://www.openbeelden.nl/files/08/13/813598.011_HNGBIJ_MA-NAT00Z03JYD.mp4", "https://www.openbeelden.nl/files/08/13/813664.813598.011_HNGBIJ_MA-NAT00Z03JYD.webm", "https://www.openbeelden.nl/files/08/13/813656.813598.011_HNGBIJ_MA-NAT00Z03JYD.ogv", "https://www.openbeelden.nl/files/08/13/813658.813598.011_HNGBIJ_MA-NAT00Z03JYD.ogv", "https://www.openbeelden.nl/files/08/13/813700.813598.011_HNGBIJ_MA_NAT00Z03JYD.m3u8", "https://www.openbeelden.nl/files/08/13/813666.813598.011_HNGBIJ_MA-NAT00Z03JYD.ts", "https://www.openbeelden.nl/images/813705/Honingbijen_op_honingraten_met_stuifmeel_en_larven_%283_13%29.png"], "identifier": ["4931634"], "source": ["011_HNGBIJ_MA-NAT00Z03JYD"], "language": ["nl"], "references": [null], "mediator": [null], "spatial": ["Rhenen", "Nederland", "Gelderland"], "attributionName": ["EYESEALAND Visual Media; Stichting Natuurbeelden"], "attributionURL": ["https://www.openbeelden.nl/media/813592"], "license": ["https://creativecommons.org/licenses/by-sa/3.0/nl/"], "hasformat": ["digitalfile"]}