{"title": ["Kant-tentoonstelling in Rotterdam", "Lace exhibition in Rotterdam"], "alternative": ["Weeknummer 61-10", "Week number 61-10"], "creator": ["Polygoon-Profilti (producent) / Nederlands Instituut voor Beeld en Geluid (beheerder)", "Polygoon-Profilti (producer) / Netherlands Institute for Sound and Vision (curator)"], "subject": ["demonstraties", "kantklossen", "tentoonstellingen"], "description": ["Bioscoopjournaals waarin Nederlandse onderwerpen van een bepaalde week worden gepresenteerd.", "Newsreels in which Dutch subjects of a certain week are presented."], "abstract": ["Op de tentoonstelling kant in het Museum Boijmans van Beuningen demonstreert mevr. Den Doorn-De Jong-Ris kantklossen. Met div. kunstvoorwerpen van kant en een 17e eeuws schilderij van Albert Cuyp.", "Mrs. Den Doorn-De Jong-Ris demonstrates how to make bobbin lace at the lace exhibition at museum Boijmans van Beuningen. With several artworks made of lace and a 17th century painting by Albert Cuyp."], "publisher": ["Nederlands Instituut voor Beeld en Geluid", "https://www.openbeelden.nl/users/beeldengeluid"], "date": ["1961-02-25"], "type": ["Moving Image"], "extent": ["PT1M26S"], "medium": ["https://www.openbeelden.nl/files/08/8174.8162.WEEKNUMMER611-HRE0000E14B.mp4", "https://www.openbeelden.nl/files/08/8168.8162.WEEKNUMMER611-HRE0000E14B.ogv", "https://www.openbeelden.nl/files/08/8171.8162.WEEKNUMMER611-HRE0000E14B.ogv", "https://www.openbeelden.nl/files/08/34758.8162.WEEKNUMMER611-HRE0000E14B.m3u8", "https://www.openbeelden.nl/files/08/34700.8162.WEEKNUMMER611-HRE0000E14B.ts", "https://www.openbeelden.nl/files/08/8165.8162.WEEKNUMMER611-HRE0000E14B.mpeg", "https://www.openbeelden.nl/files/08/8162.WEEKNUMMER611-HRE0000E14B.mpg", "https://www.openbeelden.nl/images/600612/Kant-tentoonstelling_in_Rotterdam_%280_43%29.png"], "identifier": ["509855"], "source": ["WEEKNUMMER611-HRE0000E14B", "WEEKNUMMER611-HRE0000E14B"], "language": ["nl"], "references": [null], "mediator": ["Wikimedia Commons"], "attributionName": ["Polygoon-Profilti (producent) / Nederlands Instituut voor Beeld en Geluid (beheerder)"], "attributionURL": ["https://www.openbeelden.nl/media/8161"], "license": ["https://creativecommons.org/licenses/by-sa/3.0/nl/"]}