{"title": ["Tentoonstelling Kees van Dongen", "Exhibition Kees van Dongen"], "alternative": ["Weeknummer 67-51", "Week number 67-51"], "creator": ["Polygoon-Profilti (producent) / Nederlands Instituut voor Beeld en Geluid (beheerder)", "Polygoon-Profilti (producer) / Netherlands Institute for Sound and Vision (curator)"], "subject": ["schilderijen", "tentoonstellingen"], "description": ["Bioscoopjournaals waarin Nederlandse onderwerpen van een bepaalde week worden gepresenteerd.", "Newsreels in which Dutch subjects of a certain week are presented."], "abstract": ["Kunsthistoricus Jan Hulsker opent de overzichtstentoonstelling van schilderijen van de 91-jarige schilder Kees van Dongen in het museum Boymans-van Beuningen te Rotterdam. Van Dongen is door ziekte verhinderd, daarom zijn zijn dochter en broer bij de opening aanwezig. Met oa de schilderijen van actrice Arletty, zanger Modjesko, feestgangers, een aquarel van Deauville, vrouwsportretten, Comptesse de Nailles en een zelfportret als Neptunus. Met archiefmateriaal van Van Dongen tijdens een opening van een tentoonstelling in 1938.", "Art historian Jan Hulsker opens the special exhibition of paintings by the 91-year-old painter Kees van Dongen at the museum Boijmans van Beuningen in Rotterdam. Van Dongen is unable to attend due to illness, but his daughter and brother are present at the opening. With a.o. paintings of the actress Arletty, singer Modjesko, partygoers, a water colour of Deauville, womens portraits, Comptesse de Nailles and a self-portrait as Neptune. With archive footage of Van Dongen during the opening of an exhibition in 1938."], "publisher": ["Nederlands Instituut voor Beeld en Geluid", "https://www.openbeelden.nl/users/beeldengeluid"], "date": ["1967-12-01"], "type": ["Moving Image"], "extent": ["PT2M6S"], "medium": ["https://www.openbeelden.nl/files/08/8224.8212.WEEKNUMMER675-HRE0001C211.mp4", "https://www.openbeelden.nl/files/08/8218.8212.WEEKNUMMER675-HRE0001C211.ogv", "https://www.openbeelden.nl/files/08/8221.8212.WEEKNUMMER675-HRE0001C211.ogv", "https://www.openbeelden.nl/files/08/34749.8212.WEEKNUMMER675-HRE0001C211.m3u8", "https://www.openbeelden.nl/files/08/34694.8212.WEEKNUMMER675-HRE0001C211.ts", "https://www.openbeelden.nl/files/08/8215.8212.WEEKNUMMER675-HRE0001C211.mpeg", "https://www.openbeelden.nl/files/08/8212.WEEKNUMMER675-HRE0001C211.mpg", "https://www.openbeelden.nl/images/600611/Tentoonstelling_Kees_van_Dongen_%281_03%29.png"], "identifier": ["525102"], "source": ["WEEKNUMMER675-HRE0001C211", "WEEKNUMMER675-HRE0001C211"], "language": ["nl"], "references": [null], "mediator": ["Wikimedia Commons"], "attributionName": ["Polygoon-Profilti (producent) / Nederlands Instituut voor Beeld en Geluid (beheerder)"], "attributionURL": ["https://www.openbeelden.nl/media/8213"], "license": ["https://creativecommons.org/licenses/by-sa/3.0/nl/"]}