{"title": ["Eerste(?) veldloopdag in Nederland", "First(?) cross-country run in the Netherlands "], "alternative": ["Weeknummer 22-13", "Week number 22-13"], "creator": ["Polygoon-Profilti (producent) / Nederlands Instituut voor Beeld en Geluid (beheerder)", "Polygoon-Profilti (producer) / Netherlands Institute for Sound and Vision (curator)"], "subject": ["atletiek", "duinen", "kleding", "mannen", "mode", "padvinderij", "publiek", "vrouwen", "vrouwenemancipatie", "Boer, P. de", "Gelder, D. van", "Geresse, Id W.", "Haagse Atletiek Vereniging", "HAV", "athletics", "dunes", "clothing", "men", "fashion", "scouting", "public", "women", "emancipation of women", "Boer", "P. de", "Gelder", "D. van", "Geresse", "Id W.", "Haagse Atletiek Vereniging", "HAV"], "description": ["Bioscoopjournaals waarin Nederlandse onderwerpen van een bepaalde week worden gepresenteerd.", "Newsreels in which Dutch subjects of a certain week are presented."], "abstract": ["Eerst loopt er een groepje dames uitgeput door het mulle zand van de duinen, daarna een grotere groep heren. De veldloop werd georganiseerd door de HAV. Presentatie van de damesgroep in sportkleding, achter de dames staat publiek met hoeden op 24\". Start dames, publiek langs de kant 7\". Dames moeizaam over duintop 35\". Start heren vanuit sportcomplex (?), publiek rondom 12\". Heren door de duinen, padvinders bewaken het parcours 32\". Heuvel op, cu's langs de camera 18\". Totaalshot lopers over zandvlakte 15\". Finish eerste loper, door haag van applaudisserend publiek 11\". Cu P. de Boer winnaar heren 9\". Cu mej. D. van Gelder, winnares dames 12\". Cu W. Geresse, winnaar veteranen 13\".", "First a group of exhausted women run through the loose sand, then a larger group of men follow. The cross-country run is organised by HAV. Presentation of teh female group in sport clothing, behind the women are the spectators with hats 24\". Start of the women, spectators look on 7\". Women cross the top of the dune with difficulty 35\". Start of the men from a sports complex (?), spectators around them 12\". Men running in the dunes, boy scouts guard the track 32\". Uphill, close up along the camera 18\". Total shot of runners on the sand flat 15\". Finish of the first runner, between rows of applauding spectators 11\". Close up of the male winner, P. de Boer 9\". Close up of ms. D. Van Gelder, the female winner 12\". Close up of W. Geresse, winner of the veterans 13\"."], "publisher": ["Nederlands Instituut voor Beeld en Geluid", "https://www.openbeelden.nl/users/beeldengeluid"], "date": ["1922-10-15"], "type": ["Moving Image"], "extent": ["PT3M10S"], "medium": ["https://www.openbeelden.nl/files/85/85046.85032.WEEKNUMMER221-HRE0000CF87.mp4", "https://www.openbeelden.nl/files/85/85048.85032.WEEKNUMMER221-HRE0000CF87.mp4", "https://www.openbeelden.nl/files/85/85050.85032.WEEKNUMMER221-HRE0000CF87.webm", "https://www.openbeelden.nl/files/85/85042.85032.WEEKNUMMER221-HRE0000CF87.ogv", "https://www.openbeelden.nl/files/85/85044.85032.WEEKNUMMER221-HRE0000CF87.ogv", "https://www.openbeelden.nl/files/85/85149.85032.WEEKNUMMER221_HRE0000CF87.m3u8", "https://www.openbeelden.nl/files/85/85052.85032.WEEKNUMMER221-HRE0000CF87.ts", "https://www.openbeelden.nl/files/85/85035.85032.WEEKNUMMER221-HRE0000CF87.mpeg", "https://www.openbeelden.nl/files/85/85032.WEEKNUMMER221-HRE0000CF87.mpg", "https://www.openbeelden.nl/images/604029/Eerste%28_%29_veldloopdag_in_Nederland_%281_35%29.png"], "identifier": ["515982"], "source": ["WEEKNUMMER221-HRE0000CF87"], "language": ["nl"], "references": [null], "mediator": ["Wikimedia Commons"], "spatial": ["Den Haag", "Nederland", "The Hague", "Netherlands"], "attributionName": ["Polygoon-Profilti (producent) / Nederlands Instituut voor Beeld en Geluid (beheerder)"], "attributionURL": ["https://www.openbeelden.nl/media/85033"], "license": ["https://creativecommons.org/publicdomain/mark/1.0/"]}