{"title": ["Op stap met de vrouwelijke politie", "Patrolling the streets with the female police"], "alternative": ["Weeknummer 53-49", "Week number 53-49"], "creator": ["Polygoon-Profilti (producent) / Nederlands Instituut voor Beeld en Geluid (beheerder)", "Polygoon-Profilti (producer) / Netherlands Institute for Sound and Vision (curator)"], "subject": ["politieagenten", "vrouwen", "police officers", "women"], "description": ["Bioscoopjournaals waarin Nederlandse onderwerpen van een bepaalde week worden gepresenteerd.", "Newsreels in which Dutch subjects of a certain week are presented."], "abstract": ["Impressie van het werk van vrouwelijke politieagenten in Heerlen: ze betrappen jeugdige fikkiestokers; geven verkeersles op de lagere school; instrueren verkeersbrigadiers op straat; krijgen judo-les; surveilleren op straat.", "Impression of the work of female police officers in Heerlen: they catch youth lighting a fire in the act; teach road safety lessons in elementary school; instruct lollipop boys on the streets; take judo lessons; patrol the streets."], "publisher": ["Nederlands Instituut voor Beeld en Geluid", "https://www.openbeelden.nl/users/beeldengeluid"], "date": ["1953-12-01"], "type": ["Moving Image"], "extent": ["PT1M28S"], "medium": ["https://www.openbeelden.nl/files/85/85670.85657.WEEKNUMMER534-HRE00016973.mp4", "https://www.openbeelden.nl/files/85/85672.85657.WEEKNUMMER534-HRE00016973.mp4", "https://www.openbeelden.nl/files/85/85674.85657.WEEKNUMMER534-HRE00016973.webm", "https://www.openbeelden.nl/files/85/85666.85657.WEEKNUMMER534-HRE00016973.ogv", "https://www.openbeelden.nl/files/85/85668.85657.WEEKNUMMER534-HRE00016973.ogv", "https://www.openbeelden.nl/files/85/85685.85657.WEEKNUMMER534_HRE00016973.m3u8", "https://www.openbeelden.nl/files/85/85676.85657.WEEKNUMMER534-HRE00016973.ts", "https://www.openbeelden.nl/files/85/85660.85657.WEEKNUMMER534-HRE00016973.mpeg", "https://www.openbeelden.nl/files/85/85657.WEEKNUMMER534-HRE00016973.mpg", "https://www.openbeelden.nl/images/604021/Op_stap_met_de_vrouwelijke_politie_%280_44%29.png"], "identifier": ["525836"], "source": ["WEEKNUMMER534-HRE00016973"], "language": ["nl"], "references": [null], "mediator": ["Wikimedia Commons"], "spatial": ["Heerlen", "Nederland", "Heerlen", "Netherlands"], "attributionName": ["Polygoon-Profilti (producent) / Nederlands Instituut voor Beeld en Geluid (beheerder)"], "attributionURL": ["https://www.openbeelden.nl/media/85658"], "license": ["https://creativecommons.org/licenses/by-sa/3.0/nl/"]}