{"title": ["Bejaarde Amerikaanse toeristen per caravan door Europa", "Elderly American tourists travel through Europe by caravan"], "alternative": ["Weeknummer 71-40", "Week number 71-40"], "creator": ["Polygoon-Profilti (producent) / Nederlands Instituut voor Beeld en Geluid (beheerder)", "Polygoon-Profilti (producer) / Netherlands Institute for Sound and Vision (curator)"], "subject": ["caravans", "ouderen", "toerisme", "Amerikanen", "caravans", "elderly", "tourism", "Americans"], "description": ["Bioscoopjournaals waarin Nederlandse onderwerpen van een bepaalde week worden gepresenteerd.", "Newsreels in which Dutch subjects of a certain week are presented."], "abstract": ["Ruim 300 bejaarde toeristen uit de VS arriveren met auto en caravan op een kampeerplaats in het Amsterdamse Bos. Met het int. van de luxe caravans. Ze voeren duiven op de Dam. Na een half jaar door Europa te hebben getrokken, vertrekken ze via Den Haag en Antwerpen terug naar de VS.", "More than 300 elderly tourists from the USA arrive by car and caravan at a camp site in the Amsterdamse Bos. With shots of the interior of the luxurious caravans. They feed pigeons on the Dam square. After travelling through Europe for six months, they head back to the Unites States via The Hague and Antwerp."], "publisher": ["Nederlands Instituut voor Beeld en Geluid", "https://www.openbeelden.nl/users/beeldengeluid"], "contributor": ["Bloemendal, Philip (commentaar)"], "date": ["1971-10-01"], "type": ["Moving Image"], "extent": ["PT1M16S"], "medium": ["https://www.openbeelden.nl/files/BG/WEEKNUMMER714-HRE00016C09.mp4", "https://www.openbeelden.nl/files/BG/WEEKNUMMER714-HRE00016C09.ogg", "https://www.openbeelden.nl/files/BG/WEEKNUMMER714-HRE00016C09-512.ogg", "https://www.openbeelden.nl/files/33337.WEEKNUMMER714-HRE00016C09.m3u8", "https://www.openbeelden.nl/files/33298.WEEKNUMMER714-HRE00016C09.ts", "https://www.openbeelden.nl/files/BG/WEEKNUMMER714-HRE00016C09.mpg", "https://www.openbeelden.nl/images/603119/Bejaarde_Amerikaanse_toeristen_per_caravan_door_Europa_%280_38%29.png"], "identifier": ["521070"], "source": ["WEEKNUMMER714-HRE00016C09", "WEEKNUMMER714-HRE00016C09"], "language": ["nl"], "references": [null], "mediator": ["Wikimedia Commons"], "spatial": ["Amsterdam", "Amsterdamse Bos", "Nederland", "Amsterdam", "Amsterdamse Bos", "Netherlands"], "attributionName": ["Polygoon-Profilti (producent) / Nederlands Instituut voor Beeld en Geluid (beheerder)"], "attributionURL": ["https://www.openbeelden.nl/media/857"], "license": ["https://creativecommons.org/licenses/by-sa/3.0/nl/"]}