{"title": ["Zitting van het Permanente Hof van Internationale Justitie"], "alternative": ["Weeknummer 22-03"], "creator": ["Polygoon-Profilti (producent) / Nederlands Instituut voor Beeld en Geluid (beheerder)"], "subject": ["Internationaal Gerechtshof", "Permanente Hof van Internationale Justitie", "Vredespaleis", "brillen", "juristen", "mode", "paleizen", "rechtbanken", "rechters", "rechtszittingen", "bolhoeden", "hoge hoeden", "pieren"], "description": ["Bioscoopjournaals waarin Nederlandse onderwerpen van een bepaalde week worden gepresenteerd."], "abstract": ["Verslag van een zitting van het Hof, datum onbekend, in- en uitlopende deelnemers. Plein voor Vredespaleis, heer loopt op camera toe 7\". Idem andere heer 7\". Cu voorzitter ?? 14\". Medium shot Vredespaleis met hek op voorgrond, twee heren en een dame lopen naar buiten 14\". Div. shots gedelegeerden (?) met hoge hoeden en bolhoeden 40\". Cu man met snor, baard, lorgnet bij raam 25\". Groepje heren, beraadslagend op terras van paleis 57\". Dames en heren gedelegeerden uit Nederlands-Indi\u00eb op boulevard Scheveningen voor de pier 41\". Aantekening: Al deze mensen zijn vermoedelijk afgevaardigden uit de diverse deelnemende landen."], "publisher": ["Nederlands Instituut voor Beeld en Geluid", "https://www.openbeelden.nl/users/beeldengeluid"], "date": ["1922-01-01"], "type": ["Moving Image"], "extent": ["PT3M26S"], "medium": ["https://www.openbeelden.nl/files/08/76/876416.876409.WEEKNUMMER220-HRE0001B072_3236200_3443000.mp4", "https://www.openbeelden.nl/files/08/76/876418.876409.WEEKNUMMER220-HRE0001B072_3236200_3443000.mp4", "https://www.openbeelden.nl/files/08/76/876409.WEEKNUMMER220-HRE0001B072_3236200_3443000.mp4", "https://www.openbeelden.nl/files/08/76/876420.876409.WEEKNUMMER220-HRE0001B072_3236200_3443000.webm", "https://www.openbeelden.nl/files/08/76/876412.876409.WEEKNUMMER220-HRE0001B072_3236200_3443000.ogv", "https://www.openbeelden.nl/files/08/76/876414.876409.WEEKNUMMER220-HRE0001B072_3236200_3443000.ogv", "https://www.openbeelden.nl/files/08/76/876842.876409.WEEKNUMMER220_HRE0001B072_3236200_3443000.m3u8", "https://www.openbeelden.nl/files/08/76/876422.876409.WEEKNUMMER220-HRE0001B072_3236200_3443000.ts", "https://www.openbeelden.nl/images/876446/Zitting_van_het_Permanente_Hof_van_Internationale_Justitie_%281_43%29.png"], "identifier": ["526300"], "source": ["WEEKNUMMER220-HRE0001B072"], "language": ["nl"], "references": [null], "mediator": [null], "spatial": ["Den Haag", "Nederland", "Scheveningen"], "attributionName": ["Polygoon-Profilti (producent) / Nederlands Instituut voor Beeld en Geluid (beheerder)"], "attributionURL": ["https://www.openbeelden.nl/media/876410"], "license": ["https://creativecommons.org/publicdomain/mark/1.0/"], "hasformat": ["film"]}