{"title": ["Internationale Gerechtshof in Vredespaleis te Den Haag"], "alternative": ["Weeknummer 46-15"], "creator": ["Polygoon-Profilti (producent) / Nederlands Instituut voor Beeld en Geluid (beheerder)"], "subject": ["Internationaal Gerechtshof", "Vredespaleis", "rechters", "rechtspraak"], "description": ["Bioscoopjournaals waarin Nederlandse onderwerpen van een bepaalde week worden gepresenteerd."], "abstract": ["In het Vredespaleis te Den Haag komen de leden van het Internationale Gerechtshof bijeen om de president, de vice-president en de griffier te kiezen. SHOTS: - ext. Vredespaleis; - auto's komen aanrijden; heren stappen uit en gaan naar binnen;\u00a0 - int. vergaderzaal met heren rond ovale vergadertafel; dr. J.G. Guerrero, president;\u00a0prof. Basdevant, vice-president;\u00a0Hambro, griffier."], "publisher": ["Nederlands Instituut voor Beeld en Geluid", "https://www.openbeelden.nl/users/beeldengeluid"], "date": ["1946-04-08"], "type": ["Moving Image"], "extent": ["PT53S"], "medium": ["https://www.openbeelden.nl/files/08/76/876744.876606.WEEKNUMMER461-HRE00013A10_1024360_1078400.mp4", "https://www.openbeelden.nl/files/08/76/876746.876606.WEEKNUMMER461-HRE00013A10_1024360_1078400.mp4", "https://www.openbeelden.nl/files/08/76/876606.WEEKNUMMER461-HRE00013A10_1024360_1078400.mp4", "https://www.openbeelden.nl/files/08/76/876748.876606.WEEKNUMMER461-HRE00013A10_1024360_1078400.webm", "https://www.openbeelden.nl/files/08/76/876740.876606.WEEKNUMMER461-HRE00013A10_1024360_1078400.ogv", "https://www.openbeelden.nl/files/08/76/876742.876606.WEEKNUMMER461-HRE00013A10_1024360_1078400.ogv", "https://www.openbeelden.nl/files/08/76/876811.876606.WEEKNUMMER461_HRE00013A10_1024360_1078400.m3u8", "https://www.openbeelden.nl/files/08/76/876750.876606.WEEKNUMMER461-HRE00013A10_1024360_1078400.ts", "https://www.openbeelden.nl/images/877079/Internationale_Gerechtshof_in_Vredespaleis_te_Den_Haag_%280_26%29.png"], "identifier": ["513287"], "source": ["WEEKNUMMER461-HRE00013A10"], "language": ["nl"], "references": [null], "mediator": [null], "spatial": ["Den Haag", "Nederland"], "attributionName": ["Polygoon-Profilti (producent) / Nederlands Instituut voor Beeld en Geluid (beheerder)"], "attributionURL": ["https://www.openbeelden.nl/media/876607"], "license": ["https://creativecommons.org/publicdomain/mark/1.0/"], "hasformat": ["film"]}