{"title": ["Nieuwe president van het Internationale Hof van Justitie"], "alternative": ["Weeknummer 31-01"], "creator": ["Polygoon-Profilti (producent) / Nederlands Instituut voor Beeld en Geluid (beheerder)"], "subject": ["Internationaal Gerechtshof", "rechters", "rechtspraak"], "description": ["Bioscoopjournaals waarin Nederlandse onderwerpen van een bepaalde week worden gepresenteerd."], "abstract": ["De nieuwe president van het Internationale Hof van Justitie, de heer Adatsji, aan het werk achter zijn bureau."], "publisher": ["Nederlands Instituut voor Beeld en Geluid", "https://www.openbeelden.nl/users/beeldengeluid"], "date": ["1931-01-20"], "type": ["Moving Image"], "extent": ["PT13S"], "medium": ["https://www.openbeelden.nl/files/08/77/877417.877410.WEEKNUMMER310-HRE00016A77_698800_712000.mp4", "https://www.openbeelden.nl/files/08/77/877419.877410.WEEKNUMMER310-HRE00016A77_698800_712000.mp4", "https://www.openbeelden.nl/files/08/77/877410.WEEKNUMMER310-HRE00016A77_698800_712000.mp4", "https://www.openbeelden.nl/files/08/77/877421.877410.WEEKNUMMER310-HRE00016A77_698800_712000.webm", "https://www.openbeelden.nl/files/08/77/877413.877410.WEEKNUMMER310-HRE00016A77_698800_712000.ogv", "https://www.openbeelden.nl/files/08/77/877415.877410.WEEKNUMMER310-HRE00016A77_698800_712000.ogv", "https://www.openbeelden.nl/files/08/77/877436.877410.WEEKNUMMER310_HRE00016A77_698800_712000.m3u8", "https://www.openbeelden.nl/files/08/77/877423.877410.WEEKNUMMER310-HRE00016A77_698800_712000.ts", "https://www.openbeelden.nl/images/877431/Nieuwe_president_van_het_Internationale_Hof_van_Justitie_%280_06%29.png"], "identifier": ["511014"], "source": ["WEEKNUMMER310-HRE00016A77"], "language": ["nl"], "references": [null], "mediator": [null], "spatial": ["Den Haag", "Nederland"], "attributionName": ["Polygoon-Profilti (producent) / Nederlands Instituut voor Beeld en Geluid (beheerder)"], "attributionURL": ["https://www.openbeelden.nl/media/877411"], "license": ["https://creativecommons.org/publicdomain/mark/1.0/"], "hasformat": ["film"]}