{"title": ["Turninternaat Papendal onder de loep, Nationaal Kampioenschap voor meisjes", "A closer look at gymnastics boarding school Papendal, national championships for girls "], "alternative": ["Weeknummer: 77-45", "Week number: 77-45"], "creator": ["Polygoon-Profilti (producent) / Nederlands Instituut voor Beeld en Geluid (beheerder)", "Polygoon-Profilti (producer) / Netherlands Institute for Sound and Vision (curator)"], "subject": ["Nk", "turnen", "Papendal", "KNGV", "trainers", "sporttrainingen"], "description": ["Bioscoopjournaals waarin Nederlandse onderwerpen van een bepaalde week worden gepresenteerd.", "Newsreels in which Dutch subjects of a certain week are presented."], "abstract": ["Op sportcentrum Papendal worden Nederlandse turntalenten opgeleid door Russische trainers. De Koninklijke Nederlandse Gymnastiek Vereniging (KNGV) hoopt op deze manier dat Nederlandse talenten aansluiting vinden bij de internationale top. Tijdens het Nederlands Kampioenschap in Ridderkerk behalen de op Papendal getrainde talenten Bibi Vos en Ingrid Bolleboom de nationale titel in hun leeftijdsklasse. SHOTS: turnsters aan het trainen op Papendal; achterwaartse salto Bibi Vos (slow motion); Russische trainer Albert Azarian; slot vloeroefening Vos op NK; afsprong Vos op brug met ongelijke leggers in met schuimplastic gevulde 'valkuil'; Asarjan geeft aanwijzingen aan Vos; vrouw van Asarjan geeft voor spiegelwand turnles aan Bolleboom; Bolleboom op evenwichtsbalk op NK, met val.", "Dutch gymnastics talents are trained by Russian trainers at sports centre Papendal. The Koninklijke Nederlandse Gymnastiek Vereniging (KNGV, Royal Dutch Gymnastics Federation) hopes that by doing this the Dutch talents will be able to compete with the best international gymnasts. During the National Championship in Ridderkerk the talents Bibi Vos and Ingrid Bolleboom, who were trained at Papendal, win the national title in their age groups. SHOTS: gymnasts train at Papendal; backwards flip Bibi Vos (slow motion); Russian trainer Albert Azarian; end of the floor exercise of Vos at the National Championships; jump off by Vos from the uneven bars into a 'pitfall' filled with foam plastic; Asarjan gives instructions to Vos; wife of Asarjan gives Bolleboom gymnastics lessons in front of a wall of mirrors; Bolleboom on the balance beam at the National Championships, falling off."], "publisher": ["Nederlands Instituut voor Beeld en Geluid", "https://www.openbeelden.nl/users/beeldengeluid"], "date": ["1977-01-01"], "type": ["Moving Image"], "extent": ["PT2M0S"], "medium": ["https://www.openbeelden.nl/files/08/8888.8877.BG_10482.mp4", "https://www.openbeelden.nl/files/08/8882.8877.BG_10482.ogv", "https://www.openbeelden.nl/files/08/8885.8877.BG_10482.ogv", "https://www.openbeelden.nl/files/08/34803.8877.BG_10482.m3u8", "https://www.openbeelden.nl/files/08/34712.8877.BG_10482.ts", "https://www.openbeelden.nl/files/08/8879.8877.BG_10482.mpeg", "https://www.openbeelden.nl/files/08/8877.BG_10482.mpg", "https://www.openbeelden.nl/images/603694/Turninternaat_Papendal_onder_de_loep%2C_Nationaal_Kampioenschap_voor_meisjes_%281_00%29.png"], "identifier": ["33188"], "source": ["BG_10482", "BG_10482"], "language": ["nl"], "references": [null], "mediator": ["Wikimedia Commons"], "attributionName": ["Polygoon-Profilti (producent) / Nederlands Instituut voor Beeld en Geluid (beheerder)"], "attributionURL": ["https://www.openbeelden.nl/media/8878"], "license": ["https://creativecommons.org/licenses/by-sa/3.0/nl/"]}