{"title": ["Huwelijk mej. Vartier van Disselt en Eduard Verkade", "Wedding of ms. Vartier van Disselt and Eduard Verkade "], "alternative": ["Weeknummer 35-48", "Week number 35-48"], "creator": ["Polygoon-Profilti (producent) / Nederlands Instituut voor Beeld en Geluid (beheerder)", "Polygoon-Profilti (producer) / Netherlands Institute for Sound and Vision (curator)"], "subject": ["acteurs", "huwelijken", "Verkade, Eduard", "actors", "weddings", "Verkade", "Eduard"], "description": ["Bioscoopjournaals waarin Nederlandse onderwerpen van een bepaalde week worden gepresenteerd.", "Newsreels in which Dutch subjects of a certain week are presented."], "abstract": ["Bekende toneelspeler treedt te Naarden in het huwelijk. SHOTS: -bruidspaar gaat stadhuis Naarden binnen en verlaat dit weer, afgewisseld met shots toeschouwers.", "Famous stage actor gets married in Naarden. SHOTS:- marriage couple enters the city hall and exits, alternated with shots of spectators."], "publisher": ["Nederlands Instituut voor Beeld en Geluid", "https://www.openbeelden.nl/users/beeldengeluid"], "date": ["1935-11-23"], "type": ["Moving Image"], "extent": ["PT34S"], "medium": ["https://www.openbeelden.nl/files/90/90472.90459.WEEKNUMMER354-HRE00016AD5.mp4", "https://www.openbeelden.nl/files/90/90474.90459.WEEKNUMMER354-HRE00016AD5.mp4", "https://www.openbeelden.nl/files/90/90476.90459.WEEKNUMMER354-HRE00016AD5.webm", "https://www.openbeelden.nl/files/90/90468.90459.WEEKNUMMER354-HRE00016AD5.ogv", "https://www.openbeelden.nl/files/90/90470.90459.WEEKNUMMER354-HRE00016AD5.ogv", "https://www.openbeelden.nl/files/90/90488.90459.WEEKNUMMER354_HRE00016AD5.m3u8", "https://www.openbeelden.nl/files/90/90478.90459.WEEKNUMMER354-HRE00016AD5.ts", "https://www.openbeelden.nl/files/90/90462.90459.WEEKNUMMER354-HRE00016AD5.mpeg", "https://www.openbeelden.nl/files/90/90459.WEEKNUMMER354-HRE00016AD5.mpg", "https://www.openbeelden.nl/images/601932/Huwelijk_mej._Vartier_van_Disselt_en_Eduard_Verkade_%280_17%29.png"], "identifier": ["518980"], "source": ["WEEKNUMMER354-HRE00016AD5"], "language": ["en"], "references": [null], "mediator": ["Wikimedia Commons"], "spatial": ["Naarden", "Nederland", "Naarden", "Netherlands"], "attributionName": ["Polygoon-Profilti (producent) / Nederlands Instituut voor Beeld en Geluid (beheerder)"], "attributionURL": ["https://www.openbeelden.nl/media/90460"], "license": ["https://creativecommons.org/publicdomain/mark/1.0/"]}