{"title": ["Sport: paardenrennen", "Sport: horse racing"], "alternative": ["Weeknummer: 46-29", "Week number: 46-29"], "creator": ["Polygoon-Profilti (producent) / Nederlands Instituut voor Beeld en Geluid (beheerder)", "Polygoon-Profilti (producer) / Netherlands Institute for Sound and Vision (curator)"], "subject": ["paardensport", "renbanen", "Duindigt", "horse racing", "race tracks", "Duindigt"], "description": ["Bioscoopjournaals waarin Nederlandse onderwerpen van een bepaalde week worden gepresenteerd.", "Newsreels in which Dutch subjects of a certain week are presented."], "abstract": ["Wedstrijden draverijen op de renbaan Duindigt bij Wassenaar tussen Nederlandse en Belgische paarden. Winnaar wordt het paard Windy Cliff.", "Horse races between Dutch and Belgian horses on the racetrack Duindigt near Wassenaar. Winner is the horse Windy Cliff."], "publisher": ["Nederlands Instituut voor Beeld en Geluid", "https://www.openbeelden.nl/users/beeldengeluid"], "date": ["1946-07-13"], "type": ["Moving Image"], "extent": ["PT40S"], "medium": ["https://www.openbeelden.nl/files/09/9064.9053.BG_6704.mp4", "https://www.openbeelden.nl/files/09/9058.9053.BG_6704.ogv", "https://www.openbeelden.nl/files/09/9061.9053.BG_6704.ogv", "https://www.openbeelden.nl/files/09/34891.9053.BG_6704.m3u8", "https://www.openbeelden.nl/files/09/34831.9053.BG_6704.ts", "https://www.openbeelden.nl/files/09/9055.9053.BG_6704.mpeg", "https://www.openbeelden.nl/files/09/9053.BG_6704.mpg", "https://www.openbeelden.nl/images/603216/Sport_paardenrennen_%280_20%29.png"], "identifier": ["29927"], "source": ["BG_6704", "BG_33568"], "language": ["nl"], "references": [null], "mediator": ["Wikimedia Commons"], "spatial": ["Nederland", "Wassenaar", "Netherlands", "Wassenaar"], "attributionName": ["Polygoon-Profilti (producent) / Nederlands Instituut voor Beeld en Geluid (beheerder)"], "attributionURL": ["https://www.openbeelden.nl/media/9052"], "license": ["https://creativecommons.org/licenses/by-sa/3.0/nl/"]}