{"title": ["Josephine Baker op de wielerbaan", "Josephine Baker at the velodrome"], "alternative": ["Weeknummer 28-22", "Week number 28-22"], "creator": ["Polygoon-Profilti (producent) / Nederlands Instituut voor Beeld en Geluid (beheerder)", "Polygoon-Profilti (producer) / Netherlands Institute for Sound and Vision (curator)"], "subject": ["tandems", "wielrennen", "Baker, Josephine", "tandems", "cycling", "Baker", "Josephine"], "description": ["Bioscoopjournaals waarin Nederlandse onderwerpen van een bepaalde week worden gepresenteerd.", "Newsreels in which Dutch subjects of a certain week are presented."], "abstract": ["Zangeres/danseres Josephine Baker bij wielerwedstrijden in Den Haag. -Div. shots wedstrijden achtervolging op wielerbaan met tandems als gangmakers 13\"+08\"+05\"; -div. shots JB, oa reikt bloemen uit aan winnaar, totaal 11\".", "Singer/dancer Josephine Baker at cycling races in The Hague. - Several shots of pursuit races at the velodrome with tandem bicycles as pacemaker 13\"+08\"+05\"; - several shots of JB, a.o. presenting flowers to the winner, total 11\"."], "publisher": ["Nederlands Instituut voor Beeld en Geluid", "https://www.openbeelden.nl/users/beeldengeluid"], "date": ["1928-01-01"], "type": ["Moving Image"], "extent": ["PT49S"], "medium": ["https://www.openbeelden.nl/files/91/91135.91122.WEEKNUMMER282-HRE000169BB.mp4", "https://www.openbeelden.nl/files/91/91137.91122.WEEKNUMMER282-HRE000169BB.mp4", "https://www.openbeelden.nl/files/91/91139.91122.WEEKNUMMER282-HRE000169BB.webm", "https://www.openbeelden.nl/files/91/91131.91122.WEEKNUMMER282-HRE000169BB.ogv", "https://www.openbeelden.nl/files/91/91133.91122.WEEKNUMMER282-HRE000169BB.ogv", "https://www.openbeelden.nl/files/91/91150.91122.WEEKNUMMER282_HRE000169BB.m3u8", "https://www.openbeelden.nl/files/91/91141.91122.WEEKNUMMER282-HRE000169BB.ts", "https://www.openbeelden.nl/files/91/91125.91122.WEEKNUMMER282-HRE000169BB.mpeg", "https://www.openbeelden.nl/files/91/91122.WEEKNUMMER282-HRE000169BB.mpg", "https://www.openbeelden.nl/images/601922/Josephine_Baker_op_de_wielerbaan_%280_24%29.png"], "identifier": ["517915"], "source": ["WEEKNUMMER282-HRE000169BB"], "language": ["nl"], "references": [null], "mediator": ["Wikimedia Commons"], "spatial": ["Den Haag", "Nederland", "The Hague", "Netherlands"], "attributionName": ["Polygoon-Profilti (producent) / Nederlands Instituut voor Beeld en Geluid (beheerder)"], "attributionURL": ["https://www.openbeelden.nl/media/91123"], "license": ["https://creativecommons.org/publicdomain/mark/1.0/"]}