{"title": ["Interview Dhr. A. de Vree"], "alternative": [null], "creator": ["Vereniging Ontsluiting (Inter)nationaal Cultureel Erfgoed"], "subject": ["Arbeidseinsatz", "bezetting", "Van Vree", "Hongerwinter", "spoorwegen", "Tweede Wereldoorlog", "volkstuinen en voedselvoorziening", "Duitsers", "fort Lunetten", "tabakverbouwen op zandgrond"], "description": ["Interview met Dhr. A. de Vree in het kader van het project 'Volkstuinen in Utrecht tijdens de Tweede Wereldoorlog'. Het doel van dit project was om te achterhalen of volkstuinen tijdens de Tweede Wereldoorlog in Utrecht aan de voedselvoorziening hebben bijgedragen. Voor meer informatie over het project zie:  www.voice-utrecht.nl/"], "abstract": ["De heer A. van Vree werd op 29 september 1921 geboren. Het gezin bestond naast vader en moeder uit twee jongens en twee meisjes. Vader was seinhuiswachter en moeder huisvrouw. Hij had een stuk land bij het asiel op het Houtensepad wat hij mocht bewerken en hielp hun daarom met timmerwerk aangezien hij een timmeropleiding had doorlopen. Hij verbouwde alle groente en aardappelen zelf. Dit had hij geleerd bij zijn vader die hij van jongs af aan hielp in de tuin. Zijn broer had geen zin om in de tuin van zijn vader te werken. Tijdens de Tweede Wereldoorlog bleef hij groente en aardappelen verbouwen op het land. Vanwege zijn kennis van verbouwen wist hij altijd genoeg zaaigoed en pootaardappelen opzij te zetten voor het nieuwe jaar. Hij had geen last van diefstal omdat de Duitse Whermacht daar gestationeerd zat. Op een groot stuk zandgrond bij het spoor verbouwde hij tabak. Deze \u2018Virginia\u2019 tabak gaf hij weg aan mensen. Hij had zelf weinig tot geen last van de arbeidseinsatz aangezien het timmer bedrijf (bij De Helling) meteen na de bezetting in beslag genomen door de Duitsers. De tuin gaf tijdens de oorlog genoeg voedsel om de oorlog door te komen, ook tijdens de Hongerwinter. Dit was een hele uitzondering zoals Dhr. De Vree ook beseft.  De tuin en het verbouwen van groente blijft na de Tweede Wereldoorlog een hobby welke meneer nog steeds uitoefent. Na zijn trouwen in 1945 bleef hij een stuk grond verbouwen dat bij het huis van zijn vader lag."], "publisher": ["VOICE  ", "https://www.openbeelden.nl/users/voice"], "contributor": ["Dhr. G. van den Berg (interviewer)", "Dhr. H.J. Vinke (camera)"], "date": ["2011-01-13"], "type": ["Moving Image"], "extent": ["PT9M59S"], "medium": ["https://www.openbeelden.nl/files/92/92943.92921.De_Vree-MPEG-4_.mp4", "https://www.openbeelden.nl/files/92/92945.92921.De_Vree-MPEG-4_.mp4", "https://www.openbeelden.nl/files/92/92921.De_Vree-MPEG-4_.mp4", "https://www.openbeelden.nl/files/92/92947.92921.De_Vree-MPEG-4_.webm", "https://www.openbeelden.nl/files/92/92939.92921.De_Vree-MPEG-4_.ogv", "https://www.openbeelden.nl/files/92/92941.92921.De_Vree-MPEG-4_.ogv", "https://www.openbeelden.nl/files/92/93016.92921.De_Vree_MPEG_4_.m3u8", "https://www.openbeelden.nl/files/92/92949.92921.De_Vree-MPEG-4_.ts", "https://www.openbeelden.nl/files/92/92924.92921.De_Vree-MPEG-4_.mpeg", "https://www.openbeelden.nl/images/603315/Interview_Dhr._A._de_Vree_%284_59%29.png"], "language": ["nl"], "references": [null], "mediator": [null], "spatial": ["Maasstraat", "Rivierenwijk", "Houtensepad", "Blokkenbuurt", "Utrecht", "Utrecht Noord-Oost", "Nederland"], "attributionName": ["Vereniging Ontsluiting (Inter)nationaal Cultureel Erfgoed"], "attributionURL": ["https://www.openbeelden.nl/media/92922"], "license": ["https://creativecommons.org/licenses/by-nc-nd/3.0/nl/"]}