{"title": ["Bill Spinhoven: I/Eye"], "alternative": [null], "creator": ["Bill Spinhoven / Netherlands Media Art Institute "], "description": ["A classical interactive installation about privacy and being watched."], "abstract": ["Although we are generally unaware of it, our daily comings and goings are constantly being monitored by cameras and other surveillance-equipment: whether we're in a bank, at an airport, in a museum or a supermarket, our presence is being registered and checked-out practically round-the-clock, as if we were all potential criminals. Big Brother is watching you, or rather peeping surreptitiously at you. The interactive  I/Eye (1993) however, gazes at you quite openly with the naked eye.  I/Eye is a giant eye that fills the entire screen of a video monitor. Not only does it look directly at you, it follows you and actually moves with you. Initially, you think that you are the observer, but then you realise that you yourself are also being observed. (Spinhoven filmed his own eye in numerous different positions, which, via a computer programme, responds instantly to 'real life' recordings of the observer.) Finding yourself eye to eye with  I/Eye you experience, tangibly as well as mentally, what it's like to be regarded, scrutinised and tracked almost as an object - some nameless thing. At the same time your own secure position as observer feels somehow undermined, an unnerving experience...."], "publisher": ["Netherlands Media Art Institute  ", "https://www.openbeelden.nl/users/sandranimk"], "date": ["1993-09-20"], "type": ["Moving Image"], "extent": ["PT1M3S"], "medium": ["https://www.openbeelden.nl/files/93/93123.93107.Spinhoven__Bill.2097-doc.I_Eye_registratie_Galerie_Rene_Coelho_1994_.2834-9649.mp4", "https://www.openbeelden.nl/files/93/93125.93107.Spinhoven__Bill.2097-doc.I_Eye_registratie_Galerie_Rene_Coelho_1994_.2834-9649.mp4", "https://www.openbeelden.nl/files/93/93127.93107.Spinhoven__Bill.2097-doc.I_Eye_registratie_Galerie_Rene_Coelho_1994_.2834-9649.webm", "https://www.openbeelden.nl/files/93/93119.93107.Spinhoven__Bill.2097-doc.I_Eye_registratie_Galerie_Rene_Coelho_1994_.2834-9649.ogv", "https://www.openbeelden.nl/files/93/93121.93107.Spinhoven__Bill.2097-doc.I_Eye_registratie_Galerie_Rene_Coelho_1994_.2834-9649.ogv", "https://www.openbeelden.nl/files/93/93133.93107.Spinhoven__Bill_2097_doc_I_Eye_registratie_Galerie_Rene_Coelho_1994__2834_9649.m3u8", "https://www.openbeelden.nl/files/93/93129.93107.Spinhoven__Bill.2097-doc.I_Eye_registratie_Galerie_Rene_Coelho_1994_.2834-9649.ts", "https://www.openbeelden.nl/files/93/93110.93107.Spinhoven__Bill.2097-doc.I_Eye_registratie_Galerie_Rene_Coelho_1994_.2834-9649.mpeg", "https://www.openbeelden.nl/files/93/93107.Spinhoven__Bill.2097-doc.I_Eye_registratie_Galerie_Rene_Coelho_1994_.2834-9649.mpg", "https://www.openbeelden.nl/images/603313/Bill_Spinhoven_I_Eye_%280_31%29.png"], "language": ["en"], "references": [null], "mediator": [null], "attributionName": ["Bill Spinhoven / Netherlands Media Art Institute "], "attributionURL": ["https://www.openbeelden.nl/media/93108"], "license": ["https://creativecommons.org/licenses/by-sa/3.0/nl/"]}