{"title": ["Industrie van dierenvoedsel groeit gestaag", "Pet food industry expands steadily"], "alternative": ["Weeknummer: 76-41", "Week number: 76-41"], "creator": ["Polygoon-Profilti (producent) / Nederlands Instituut voor Beeld en Geluid (beheerder)", "Polygoon-Profilti (producer) / Netherlands Institute for Sound and Vision (curator)"], "subject": ["begraafplaatsen", "dieren", "fabrieken", "voedingsmiddelen", "dierendag", "cemeteries", "animals", "factories", "food", "World Animal Day"], "description": ["Bioscoopjournaals waarin Nederlandse onderwerpen van een bepaalde week worden gepresenteerd.", "Newsreels in which Dutch subjects of a certain week are presented."], "abstract": ["Aandacht voor de diervoederindustrie i.h.k.v. dierendag. SHOTS: Fabriek in IJmuiden verwerkt vis en vlees tot een brij die vervolgens wordt ingeblikt; pallets met blikken hondenvoer in magazijn; vers vlees wordt verpakt en het bakken van hondenkoekjes; schappen in supermarkt met diervoeder en int. dierenwinkel; dierenbegraafplaats.", "Focus on the pet food industry for World Animal Day. SHOTS: A factory in IJmuiden processes fish and meat to a mush which is then put into cans; pallets with cans of dog food in a warehouse; fresh meat is wrapped and the baking of dog cookies; shelves with pet food vers in teh supermarket and the int. of a pet store; pet cemetery."], "publisher": ["Nederlands Instituut voor Beeld en Geluid", "https://www.openbeelden.nl/users/beeldengeluid"], "contributor": ["Bloemendal, Philip (commentaar)"], "date": ["1976-10-04"], "type": ["Moving Image"], "extent": ["PT2M26S"], "medium": ["https://www.openbeelden.nl/files/94/94943.94930.BG_9726.mp4", "https://www.openbeelden.nl/files/94/94945.94930.BG_9726.mp4", "https://www.openbeelden.nl/files/94/94947.94930.BG_9726.webm", "https://www.openbeelden.nl/files/94/94939.94930.BG_9726.ogv", "https://www.openbeelden.nl/files/94/94941.94930.BG_9726.ogv", "https://www.openbeelden.nl/files/94/94961.94930.BG_9726.m3u8", "https://www.openbeelden.nl/files/94/94949.94930.BG_9726.ts", "https://www.openbeelden.nl/files/94/94933.94930.BG_9726.mpeg", "https://www.openbeelden.nl/files/94/94930.BG_9726.mpg", "https://www.openbeelden.nl/images/603294/Industrie_van_dierenvoedsel_groeit_gestaag_%281_13%29.png"], "identifier": ["32966"], "source": ["BG_9726"], "language": ["nl"], "references": [null], "mediator": ["Wikimedia Commons"], "spatial": ["Nederland", "Netherlands"], "attributionName": ["Polygoon-Profilti (producent) / Nederlands Instituut voor Beeld en Geluid (beheerder)"], "attributionURL": ["https://www.openbeelden.nl/media/94931"], "license": ["https://creativecommons.org/licenses/by-sa/3.0/nl/"]}