{"title": ["Internationale kanarieshow", "International canary show"], "alternative": ["Weeknummer 51-51", "Week number 51-51"], "creator": ["Polygoon-Profilti (producent) / Nederlands Instituut voor Beeld en Geluid (beheerder)", "Polygoon-Profilti (producer) / Netherlands Institute for Sound and Vision (curator)"], "subject": ["kanaries", "keurmeesters", "tentoonstellingen", "canaries", "judges", "exhibitions"], "description": ["Bioscoopjournaals waarin Nederlandse onderwerpen van een bepaalde week worden gepresenteerd.", "Newsreels in which Dutch subjects of a certain week are presented."], "abstract": ["In Tilburg is een tentoonstelling georganiseerd van kanaries. Keurmeesters beoordelen de dieren op uiterlijke schoonheid en zangkwaliteiten.", "An exhibition for canaries is organised in Tilburg. The jury judges the animals on beauty and singing qualities."], "publisher": ["Nederlands Instituut voor Beeld en Geluid", "https://www.openbeelden.nl/users/beeldengeluid"], "date": ["1951-12-01"], "type": ["Moving Image"], "extent": ["PT1M18S"], "medium": ["https://www.openbeelden.nl/files/95/95434.95421.WEEKNUMMER515-HRE0000E8BA.mp4", "https://www.openbeelden.nl/files/95/95436.95421.WEEKNUMMER515-HRE0000E8BA.mp4", "https://www.openbeelden.nl/files/95/95438.95421.WEEKNUMMER515-HRE0000E8BA.webm", "https://www.openbeelden.nl/files/95/95430.95421.WEEKNUMMER515-HRE0000E8BA.ogv", "https://www.openbeelden.nl/files/95/95432.95421.WEEKNUMMER515-HRE0000E8BA.ogv", "https://www.openbeelden.nl/files/95/95474.95421.WEEKNUMMER515_HRE0000E8BA.m3u8", "https://www.openbeelden.nl/files/95/95440.95421.WEEKNUMMER515-HRE0000E8BA.ts", "https://www.openbeelden.nl/files/95/95424.95421.WEEKNUMMER515-HRE0000E8BA.mpeg", "https://www.openbeelden.nl/files/95/95421.WEEKNUMMER515-HRE0000E8BA.mpg", "https://www.openbeelden.nl/images/603293/Internationale_kanarieshow_%280_39%29.png"], "identifier": ["519466"], "source": ["WEEKNUMMER515-HRE0000E8BA"], "language": ["nl"], "references": [null], "mediator": ["Wikimedia Commons"], "spatial": ["Nederland", "Tilburg", "Netherlands", "Tilburg"], "attributionName": ["Polygoon-Profilti (producent) / Nederlands Instituut voor Beeld en Geluid (beheerder)"], "attributionURL": ["https://www.openbeelden.nl/media/95422"], "license": ["https://creativecommons.org/licenses/by-sa/3.0/nl/"]}