{"title": ["Wester Suikerraffinaderij in Halfweg (HD)"], "alternative": [null], "creator": ["Polygoon-Profilti (producent) / Nederlands Instituut voor Beeld en Geluid (beheerder)"], "subject": ["fabrieken", "goederenvervoer", "raffinaderijen", "suiker"], "description": ["Bedrijfsfilm over de Wester Suikerraffinaderij in Halfweg. Beelden van het bedrijfsgebouw en de afvoer van balen suiker."], "abstract": ["00.00 Het vijf verdiepingen hoge fabrieksgebouw met dekschuit voor de wal onder de overkapping. 00.07 Camera filmt de gehele voorgevel van het honderden meters lange gebouw met zijn honderden ramen. 00.34 Met steekkarren worden de balen suiker naar de dekschuit gereden. 00.38 De rechtervleugel van het fabrieksgebouw met aan de kade afgemeerde tjalken. 00.49 Een dekschuit met witte pakkisten wordt gelost. 00.59 Een tweetal dekschuiten wordt gelost. Een kraantje op de vierde verdieping tilt de hijsen omhoog. 01.04 De achter- en zijgevel en de lage bijgebouwen. 01.15 EINDE"], "publisher": ["Nederlands Instituut voor Beeld en Geluid", "https://www.openbeelden.nl/users/beeldengeluid"], "date": ["1927-01-01"], "type": ["Moving Image"], "extent": ["PT1M23S"], "medium": ["https://www.openbeelden.nl/files/09/56/957574.956781.BG_27620_MPG_-FHD00Z02D28_112400_195800.mp4", "https://www.openbeelden.nl/files/09/56/957572.956781.BG_27620_MPG_-FHD00Z02D28_112400_195800.mp4", "https://www.openbeelden.nl/files/09/56/956781.BG_27620_MPG_-FHD00Z02D28_112400_195800.mp4", "https://www.openbeelden.nl/files/09/56/957576.956781.BG_27620_MPG_-FHD00Z02D28_112400_195800.webm", "https://www.openbeelden.nl/files/09/56/957322.956781.BG_27620_MPG_-FHD00Z02D28_112400_195800.ogv", "https://www.openbeelden.nl/files/09/56/957324.956781.BG_27620_MPG_-FHD00Z02D28_112400_195800.ogv", "https://www.openbeelden.nl/files/09/56/957588.956781.BG_27620_MPG__FHD00Z02D28_112400_195800.m3u8", "https://www.openbeelden.nl/files/09/56/957326.956781.BG_27620_MPG_-FHD00Z02D28_112400_195800.ts", "https://www.openbeelden.nl/images/956955/Wester_Suikerraffinaderij_in_Halfweg_%28HD%29_%280_41%29.png"], "identifier": ["49628"], "source": ["BG_27620_MPG_-FHD00Z02D28"], "language": ["nl"], "references": [null], "mediator": [null], "spatial": ["Halfweg", "Nederland"], "attributionName": ["Polygoon-Profilti (producent) / Nederlands Instituut voor Beeld en Geluid (beheerder)"], "attributionURL": ["https://www.openbeelden.nl/media/956782"], "license": ["https://creativecommons.org/publicdomain/mark/1.0/"], "hasformat": ["film"]}