{"title": ["Prinsjesdag 1912: opening Staten-Generaal (HD)"], "alternative": [null], "creator": ["Polygoon-Profilti (producent) / Nederlands Instituut voor Beeld en Geluid (beheerder)"], "subject": ["demonstraties", "kiesrecht", "militaire operaties", "aankomst", "hofhouding", "Koninklijk Huis", "Prinsjesdag"], "description": ["Koningin Wilhelmina en Prins Hendrik vertrekken per Gouden Koets van Paleis Noordeinde naar het Binnenhof om daar de troonrede van 1912 uit te spreken."], "abstract": ["Koningin Wilhelmina en Prins Hendrik vertrekken per Gouden Koets van Paleis Noordeinde naar het Binnenhof om daar de troonrede uit te spreken. De hofhouding, nog in oud-model costumes, begeleid de koets. Op het terrein van Houtrust vindt een grote demonstratie plaats on het Algemeen Kiesrecht ingevoerd te krijgen. Wilhelmina brengt per trein en auto een bezoek aan de infanterie-manoeuvres rond Nijmegen."], "publisher": ["Nederlands Instituut voor Beeld en Geluid", "https://www.openbeelden.nl/users/beeldengeluid"], "date": ["1912-09-17"], "type": ["Moving Image"], "extent": ["PT3M46S"], "medium": ["https://www.openbeelden.nl/files/09/57/957522.957053.BG_13421_MPG_-FHD00Z0267L_118000_344600.mp4", "https://www.openbeelden.nl/files/09/57/957520.957053.BG_13421_MPG_-FHD00Z0267L_118000_344600.mp4", "https://www.openbeelden.nl/files/09/57/957053.BG_13421_MPG_-FHD00Z0267L_118000_344600.mp4", "https://www.openbeelden.nl/files/09/57/957524.957053.BG_13421_MPG_-FHD00Z0267L_118000_344600.webm", "https://www.openbeelden.nl/files/09/57/957242.957053.BG_13421_MPG_-FHD00Z0267L_118000_344600.ogv", "https://www.openbeelden.nl/files/09/57/957244.957053.BG_13421_MPG_-FHD00Z0267L_118000_344600.ogv", "https://www.openbeelden.nl/files/09/57/957532.957053.BG_13421_MPG__FHD00Z0267L_118000_344600.m3u8", "https://www.openbeelden.nl/files/09/57/957246.957053.BG_13421_MPG_-FHD00Z0267L_118000_344600.ts", "https://www.openbeelden.nl/images/957102/Prinsjesdag_1912_opening_Staten-Generaal_%28HD%29_%281_53%29.png"], "identifier": ["42610"], "source": ["BG_13421_MPG_-FHD00Z0267L"], "language": ["nl"], "references": [null], "mediator": [null], "spatial": ["Nederland", "Binnenhof", "Den Haag", "Houtrust", "Nijmegen"], "attributionName": ["Polygoon-Profilti (producent) / Nederlands Instituut voor Beeld en Geluid (beheerder)"], "attributionURL": ["https://www.openbeelden.nl/media/957054"], "license": ["https://creativecommons.org/publicdomain/mark/1.0/"], "hasformat": ["film"]}