{"title": ["1672-1922, herdenking bevrijding Groningen 28 augustus 1922 (HD)"], "alternative": [null], "creator": ["Polygoon-Profilti (producent) / Nederlands Instituut voor Beeld en Geluid (beheerder)"], "subject": ["defil\u00e9s", "dirigenten", "herdenkingen", "kinderen", "klederdrachten", "optochten", "vee", "volksfeesten", "zang", "sjezen", "wuiven"], "description": ["Volksfeest in Groningen in 1929 waar de bevolking herdenkt hoe 250 jaar geleden - in 1672 - de legers van de bisschop van M\u00fcnster zich terugtrokken en Groningen werd ontzet."], "abstract": ["Volksfeest in Groningen waar de bevolking herdacht hoe 250 jaar geleden, in 1672, de legers van de bisschop van M\u00fcnster zich terugtrokken en Groningen werd ontzet. Zingende kinderen o.l.v. een dirigent op een verhoging ten overstaan bordes van het Groningse raadhuis waarop de complete koninklijke familie: prins Hendrik (niet goed te zien), koningin Wilhelmina, koningin-moeder Emma en prinses Juliana samen met de burgemeester van Groningen, mr. dr. Evert van Ketwich Verschuur; zwaaien burgerij + defil\u00e9 Groninger verenigingen (te zien: o.a. heren- en damesverenigingen, verkenners, in 17de-eeuwse uniformen gestoken ruiters) 46\"; prins Hendrik stapt uit rijtuig 8\" op locatie (veld) waar stamboekvee en versierde sjezen met in klederdracht gehulde Groningers worden getoond aan de koninklijke gasten in een kleine stenen tribune 1'14\"."], "publisher": ["Nederlands Instituut voor Beeld en Geluid", "https://www.openbeelden.nl/users/beeldengeluid"], "date": ["1922-08-28"], "type": ["Moving Image"], "extent": ["PT3M53S"], "medium": ["https://www.openbeelden.nl/files/09/58/958157.958154.1672_1922_DE_-FHD00Z01JT6_112240_346160.mp4", "https://www.openbeelden.nl/files/09/58/958159.958154.1672_1922_DE_-FHD00Z01JT6_112240_346160.mp4", "https://www.openbeelden.nl/files/09/58/958154.1672_1922_DE_-FHD00Z01JT6_112240_346160.mp4", "https://www.openbeelden.nl/files/09/58/958161.958154.1672_1922_DE_-FHD00Z01JT6_112240_346160.webm", "https://www.openbeelden.nl/files/09/58/958163.958154.1672_1922_DE_-FHD00Z01JT6_112240_346160.ogv", "https://www.openbeelden.nl/files/09/58/958165.958154.1672_1922_DE_-FHD00Z01JT6_112240_346160.ogv", "https://www.openbeelden.nl/files/09/58/958173.958154.1672_1922_DE__FHD00Z01JT6_112240_346160.m3u8", "https://www.openbeelden.nl/images/958463/1672-1922%2C_herdenking_bevrijding_Groningen_28_augustus_1922_%28HD%29_%281_56%29.png"], "identifier": ["526271"], "source": ["1672_1922_DE_-FHD00Z01JT6"], "language": ["nl"], "references": [null], "mediator": [null], "spatial": ["Groningen (stad)", "Nederland"], "attributionName": ["Polygoon-Profilti (producent) / Nederlands Instituut voor Beeld en Geluid (beheerder)"], "attributionURL": ["https://www.openbeelden.nl/media/958155"], "license": ["https://creativecommons.org/publicdomain/mark/1.0/"], "hasformat": ["film"]}