{"title": ["1928: Kattententoonstelling in Den Haag (HD)"], "alternative": [null], "creator": ["Producent onbekend / Nederlands Instituut voor Beeld en Geluid (beheerder)"], "subject": ["katten", "poezen", "dieren", "huisdieren", "tentoonstellingen"], "description": ["Opnamen van de kattententoonstelling van 8 en 9 maart 1928 in Den Haag. Beelden van diverse katten."], "abstract": ["00.00 Tekst: De Kattententoonstelling van 8 en 9 Maart te Den Haag  00.03 Beeld: Close-up van een kat  00.07 Poes komt uit een mandhuisje en drinkt melk uit een bakje  00.25 Beelden van diverse poezenrassen  01.30 EINDE"], "publisher": ["Nederlands Instituut voor Beeld en Geluid", "https://www.openbeelden.nl/users/beeldengeluid"], "date": ["1928-03-09"], "type": ["Moving Image"], "extent": ["PT1M42S"], "medium": ["https://www.openbeelden.nl/files/09/58/958879.958875.BG_27175_MPG_-FHD00Z03E6F_113000_215520.mp4", "https://www.openbeelden.nl/files/09/58/958881.958875.BG_27175_MPG_-FHD00Z03E6F_113000_215520.mp4", "https://www.openbeelden.nl/files/09/58/958875.BG_27175_MPG_-FHD00Z03E6F_113000_215520.mp4", "https://www.openbeelden.nl/files/09/58/958883.958875.BG_27175_MPG_-FHD00Z03E6F_113000_215520.webm", "https://www.openbeelden.nl/files/09/58/958885.958875.BG_27175_MPG_-FHD00Z03E6F_113000_215520.ogv", "https://www.openbeelden.nl/files/09/58/958887.958875.BG_27175_MPG_-FHD00Z03E6F_113000_215520.ogv", "https://www.openbeelden.nl/files/09/58/958890.958875.BG_27175_MPG__FHD00Z03E6F_113000_215520.m3u8", "https://www.openbeelden.nl/images/959419/1928_Kattententoonstelling_in_Den_Haag_%28HD%29_%280_51%29.png"], "identifier": ["51149"], "source": ["BG_27175_MPG_-FHD00Z03E6F"], "language": ["nl"], "references": [null], "mediator": [null], "spatial": ["Nederland", "Den Haag"], "attributionName": ["Producent onbekend / Nederlands Instituut voor Beeld en Geluid (beheerder)"], "attributionURL": ["https://www.openbeelden.nl/media/958876"], "license": ["https://creativecommons.org/publicdomain/mark/1.0/"], "hasformat": ["film"]}