{"title": ["Utrecht tijdens 1e Jaarbeurs (HD)"], "alternative": [null], "creator": ["Polygoon-Profilti (producent) / Nederlands Instituut voor Beeld en Geluid (beheerder)"], "subject": ["straatbeelden", "trams", "praalwagens"], "description": ["Uitgebreide straatshots van Utrecht in 1917 met onder meer rijdende trams en een optocht met praalwagens."], "abstract": [null], "publisher": ["Nederlands Instituut voor Beeld en Geluid", "https://www.openbeelden.nl/users/beeldengeluid"], "date": ["1917-01-01"], "type": ["Moving Image"], "extent": ["PT3M15S"], "medium": ["https://www.openbeelden.nl/files/09/66/966286.966283.UTRECHT_TIJDE-FHD00Z03N47_112120_307760.mp4", "https://www.openbeelden.nl/files/09/66/966288.966283.UTRECHT_TIJDE-FHD00Z03N47_112120_307760.mp4", "https://www.openbeelden.nl/files/09/66/966283.UTRECHT_TIJDE-FHD00Z03N47_112120_307760.mp4", "https://www.openbeelden.nl/files/09/66/966290.966283.UTRECHT_TIJDE-FHD00Z03N47_112120_307760.webm", "https://www.openbeelden.nl/files/09/66/966292.966283.UTRECHT_TIJDE-FHD00Z03N47_112120_307760.ogv", "https://www.openbeelden.nl/files/09/66/966294.966283.UTRECHT_TIJDE-FHD00Z03N47_112120_307760.ogv", "https://www.openbeelden.nl/files/09/66/966300.966283.UTRECHT_TIJDE_FHD00Z03N47_112120_307760.m3u8", "https://www.openbeelden.nl/images/966567/Utrecht_tijdens_1e_Jaarbeurs_%28HD%29_%281_37%29.png"], "identifier": ["36909"], "source": ["UTRECHT_TIJDE-FHD00Z03N47"], "language": ["nl"], "references": [null], "mediator": [null], "spatial": ["Nederland", "Utrecht (stad)"], "attributionName": ["Polygoon-Profilti (producent) / Nederlands Instituut voor Beeld en Geluid (beheerder)"], "attributionURL": ["https://www.openbeelden.nl/media/966284"], "license": ["https://creativecommons.org/publicdomain/mark/1.0/"], "hasformat": ["film"]}