{"title": ["Nieuws uit Indonesi\u00eb: aankomst van commissie generaal, onthulling van een monument op de begraafplaats Antjol te Batavia", "News from Indonesia: arrival of the commission general unveiling of a monument at the cemetery Anjol in Batavia "], "alternative": ["Weeknummer 46-41", "Week number 46-41"], "creator": ["Polygoon-Profilti (producent) / Nederlands Instituut voor Beeld en Geluid (beheerder)", "Polygoon-Profilti (producer) / Netherlands Institute for Sound and Vision (curator)"], "subject": ["Tweede Wereldoorlog", "begraafplaatsen", "onafhankelijkheid", "kransleggingen", "herdenkingen"], "description": ["Bioscoopjournaals waarin Nederlandse onderwerpen van een bepaalde week worden gepresenteerd.", "Newsreels in which Dutch subjects of a certain week are presented."], "abstract": ["Op het vliegveld Kemajoran bij Batavia arriveert de Nederlandse commissie-generaal, tw W. Schermerhorn, F. de Boer en M. van Poll om besprekingen te voeren met vertegenwoordigers van de Republiek Indonesi\u00eb. Ze worden verwelkomd door oa gouverneur-generaal H.J. van Mook en inspecteren, igv vice-admiraal A.S. Pinke, de erewacht. Op de begraafplaats Antjol bij Batavia vindt, iav gouverneur-generaal dr. H.J. van Mook, officieren en nabestaanden van de slachtoffers, een herdenkingsplechtigheid plaats voor verzetsstrijders en illegalen die tijdens de Japanse bezetting ter dood werden gebracht. Bloemen en kransen worden gelegd aan de voet van een monument. 00:10 Schermerhorn (stapt als eerste uit vliegtuig); gevolgd door De Boer en Van Poll; 00:23 Schermerhorn en Van Mook (de laatste met tropenhelm).", "The Dutch commissioner general W. Schermerhorn, F. de Boer and M. van Poll arrive at the airport of Kemajoran near Batavia to have a meeting with the representatives of the Republic of Indonesia. They are being welcomed by a.o. governor general H.J. van Mook and they inspect the guard of honour with vice admiral A.S. Pinke. A commemoration service is held for the members of the resistance and the illegals who were executed during the Japanese occupation at the cemetery Antjol near Batavia, in the presence of governor general dr. H.J. van Mook, officers and relatives of the victims. Flowers and wreath are laid at the base of the monument. 00:10 Schermerhorn (the first to exit the plane); followed by De Boer and Van Poll; 00:23 Schermerhorn and Van Mook (the latter with tropical helmet)."], "publisher": ["Nederlands Instituut voor Beeld en Geluid", "https://www.openbeelden.nl/users/beeldengeluid"], "date": ["1946-09-17"], "type": ["Moving Image"], "extent": ["PT1M28S"], "medium": ["https://www.openbeelden.nl/files/BG/WEEKNUMMER464-HRE000139C8.mp4", "https://www.openbeelden.nl/files/BG/WEEKNUMMER464-HRE000139C8-512.ogg", "https://www.openbeelden.nl/files/BG/WEEKNUMMER464-HRE000139C8.ogg", "https://www.openbeelden.nl/files/33421.WEEKNUMMER464-HRE000139C8.m3u8", "https://www.openbeelden.nl/files/33376.WEEKNUMMER464-HRE000139C8.ts", "https://www.openbeelden.nl/files/BG/WEEKNUMMER464-HRE000139C8.mpg", "https://www.openbeelden.nl/images/603339/Nieuws_uit_Indonesi%C3%AB_aankomst_van_commissie_generaal%2C_onthulling_van_een_monument_op_de_begraafplaats_Antjol_te_Batavia_%280_44%29.png"], "identifier": ["516197"], "source": ["WEEKNUMMER464-HRE000139C8", "WEEKNUMMER464-HRE000139C8"], "language": ["nl"], "references": [null], "mediator": ["Wikimedia Commons"], "spatial": ["Nederlands-Indi\u00eb"], "attributionName": ["Polygoon-Profilti (producent) / Nederlands Instituut voor Beeld en Geluid (beheerder)"], "attributionURL": ["https://www.openbeelden.nl/media/969"], "license": ["https://creativecommons.org/publicdomain/mark/1.0/"]}