{"title": ["Amersfoort in de jaren \u00b420 (HD)"], "alternative": [null], "creator": ["Haghefilm (producent) / Nederlands Instituut voor Beeld en Geluid (beheerder)"], "subject": ["grachten", "kerken", "stadsbeelden", "steden", "straatbeelden", "winkels", "huizen"], "description": ["Diverse opnamen van de stad Amersfoort in de jaren \u00b420."], "abstract": ["00.00 Kerkplein of marktplein. Op de achtergrond kerk. 00.17 Straatje naast kerk. 00.24 Kerktoren met kruis en ooievaar. Pan omlaag. 00.40 Straat langs kerk. 00.45 Witgeverfde huizen, rechts een transportfiets. 00.50 Schilder zit te schilderen, pan naar boven: de huizen. 01.03 Gebouw met koepel op dak. Pan omlaag. 01.12 Gracht. 01.15 Kerktoren. 01.19 Water, waarlangs huizen en straat op achtergrond. 01.25 Gracht met park en huizen op de achtergrond. 01.37 De \"Amersfoortse kei\". 01.43 Drukke winkelstraat waarin man met kruiwagen, man met handkar, auto's en voetgangers. 01.55 Drukke winkelstraat met voetgangers en fietsers. 02.02 Straat met gebouw met torens op de achtergrond. 02.10 Nauwe straat met toren op achtergrond, handkar passert. 02.17 Pan omhoog van kerktoren en steigers. 02.27 Einde."], "publisher": ["Nederlands Instituut voor Beeld en Geluid", "https://www.openbeelden.nl/users/beeldengeluid"], "date": ["1928-01-01"], "type": ["Moving Image"], "extent": ["PT2M33S"], "medium": ["https://www.openbeelden.nl/files/09/73/973250.973247.BG_21313_MPG_-FHD00Z02B7N_118000_271280.mp4", "https://www.openbeelden.nl/files/09/73/973252.973247.BG_21313_MPG_-FHD00Z02B7N_118000_271280.mp4", "https://www.openbeelden.nl/files/09/73/973247.BG_21313_MPG_-FHD00Z02B7N_118000_271280.mp4", "https://www.openbeelden.nl/files/09/73/973254.973247.BG_21313_MPG_-FHD00Z02B7N_118000_271280.webm", "https://www.openbeelden.nl/files/09/73/973256.973247.BG_21313_MPG_-FHD00Z02B7N_118000_271280.ogv", "https://www.openbeelden.nl/files/09/73/973258.973247.BG_21313_MPG_-FHD00Z02B7N_118000_271280.ogv", "https://www.openbeelden.nl/files/09/73/973262.973247.BG_21313_MPG__FHD00Z02B7N_118000_271280.m3u8", "https://www.openbeelden.nl/images/973455/Amersfoort_in_de_jaren_%C2%B420_%28HD%29_%281_16%29.png"], "identifier": ["47709"], "source": ["BG_21313_MPG_-FHD00Z02B7N"], "language": ["nl"], "references": [null], "mediator": [null], "spatial": ["Nederland", "Amersfoort"], "attributionName": ["Haghefilm (producent) / Nederlands Instituut voor Beeld en Geluid (beheerder)"], "attributionURL": ["https://www.openbeelden.nl/media/973248"], "license": ["https://creativecommons.org/publicdomain/mark/1.0/"], "hasformat": ["film"]}