{"title": ["Bezoek aan Nederlandse Dokmaatschappij", "Visiting the Nederlandse Dokmaatschappij"], "alternative": ["Weeknummer: 24-08", "Week number: 24-08"], "creator": ["Polygoon-Profilti (producent) / Nederlands Instituut voor Beeld en Geluid (beheerder)", "Polygoon-Profilti (producer) / Netherlands Institute for Sound and Vision (curator)"], "subject": ["dokken", "scheepsbouw", "scheepvaart", "schepen", "Johan De Witte", "Nederlandse Dok Maatschappij", "docks", "shipbuilding", "shipping", "ships", "Johan De Witte", "Nederlandse Dok Maatschappij"], "description": ["Bioscoopjournaals waarin Nederlandse onderwerpen van een bepaalde week worden gepresenteerd.", "Newsreels in which Dutch subjects of a certain week are presented."], "abstract": ["Beeldverslag van de open dag tgv het gereed komen van drie grote dokken van de Nederlandse Dokmaatschappij gelegen aan de Noord over van het Noord-kanaal. Bij deze gelegenheid werd een rondleiding gehouden waaraan werd deelgenomen door tal van Amsterdamse en Rotterdamse directeuren uit het bankwezen, de scheepvaart en de gemeenten waaronder bijvoorbeeld J. ter Haar, wethouder publieke werken Amsterdam, mr. G. Visser, president-directeur Nederlandse Bank en kapitein ter zee G.H.A. Greve. Na afloop werd er thee geserveerd op de \"Johan de Witte\". Shots : Overzichtsshot nieuwe dokken 23\"; bezoekers bekijken terrein en int. nieuwe dokken; theedrinken op de \"Johan de Witte\"; poseren drie Indische bedienden 5\".", "Film report on the open day on the occasion of the completion of the three large docks of the Nederlandse Dokmaatschappij, located on the northern bank of the Noord channel. On this occasion a tour was held in which a number of Amsterdam and Rotterdam directors from the banking sector, shipping and the municipalities participated. Amongst them for example J. ter Haar, alderman Public Works in Amsterdam, G. Visser, CEO of the Nederlandse Bank and captain G.H.A. Greve. Afterwards tea is served on the \"Johan de Witte\". Shots : Overall shot of the new docks 23\"; visitors look at the grounds and the int. of the new docks; drinking tea aboard the \"Johan de Witte\"; posing of three Dutch Eats Indian employees 5\"."], "publisher": ["Nederlands Instituut voor Beeld en Geluid", "https://www.openbeelden.nl/users/beeldengeluid"], "date": ["1924-04-10"], "type": ["Moving Image"], "extent": ["PT1M2S"], "medium": ["https://www.openbeelden.nl/files/97/97450.97432.BG_18846.mp4", "https://www.openbeelden.nl/files/97/97452.97432.BG_18846.mp4", "https://www.openbeelden.nl/files/97/97454.97432.BG_18846.webm", "https://www.openbeelden.nl/files/97/97446.97432.BG_18846.ogv", "https://www.openbeelden.nl/files/97/97448.97432.BG_18846.ogv", "https://www.openbeelden.nl/files/97/97490.97432.BG_18846.m3u8", "https://www.openbeelden.nl/files/97/97456.97432.BG_18846.ts", "https://www.openbeelden.nl/files/97/97435.97432.BG_18846.mpeg", "https://www.openbeelden.nl/files/97/97432.BG_18846.mpg", "https://www.openbeelden.nl/images/603279/Bezoek_aan_Nederlandse_Dokmaatschappij_%280_31%29.png"], "identifier": ["29060"], "source": ["BG_18846"], "language": ["nl"], "references": [null], "mediator": ["Wikimedia Commons"], "spatial": ["Amsterdam", "Nederland", "Nederlands-Indi\u00eb", "Amsterdam", "Netherlands", "Dutch East Indies"], "attributionName": ["Polygoon-Profilti (producent) / Nederlands Instituut voor Beeld en Geluid (beheerder)"], "attributionURL": ["https://www.openbeelden.nl/media/97433"], "license": ["https://creativecommons.org/publicdomain/mark/1.0/"]}