{"title": ["Skilopen in Nederland (HD)"], "alternative": [null], "creator": ["Orion-Profilti (producent) / Nederlands Instituut voor Beeld en Geluid"], "subject": ["duinen", "kinderen", "winter", "skieen", "sleeen", "sneeuw"], "description": ["Beeldmateriaal uit 1927 van sneeuwpret op de ski\u00b4s en op de slee."], "abstract": ["00.00 Jongen, gekleed in plus-four, glijdt op ski's besneeuwde, platgetreden duinhelling af, gevolgd door zijn zusje (zonder skistokken) en een jonger broertje. Gedrie\u00ebn klimmen ze daarna weer omhoog 00.31 De jongen suist naar benenden, gevolgd door iemand op een sleetje 00.37 De jongen gaat als eerste naar beneden, het broertje en zusje volgen, doch botsen op elkaar en valeen, waarbij zij haar ski's verliest 00.54 De drie poseren voor de camera en laten zich in de sneeuw vallen 01.09 Sleeen langs de helling naar beneden, gevolgd door de jongen op zijn ski's 01.16 Twee peuters met slee 01.28 Jonge vrouw trekt het sleetje met de kinderen door de sneeuw, andere vrouw vergezelt haar 01.34 Einde"], "publisher": ["Nederlands Instituut voor Beeld en Geluid", "https://www.openbeelden.nl/users/beeldengeluid"], "date": ["1927-01-01"], "type": ["Moving Image"], "extent": ["PT1M42S"], "medium": ["https://www.openbeelden.nl/files/09/74/974669.974666.SKILOPEN_IN_N-FHD00Z026Q3_112400_215080.mp4", "https://www.openbeelden.nl/files/09/74/974671.974666.SKILOPEN_IN_N-FHD00Z026Q3_112400_215080.mp4", "https://www.openbeelden.nl/files/09/74/974666.SKILOPEN_IN_N-FHD00Z026Q3_112400_215080.mp4", "https://www.openbeelden.nl/files/09/74/974673.974666.SKILOPEN_IN_N-FHD00Z026Q3_112400_215080.webm", "https://www.openbeelden.nl/files/09/74/974675.974666.SKILOPEN_IN_N-FHD00Z026Q3_112400_215080.ogv", "https://www.openbeelden.nl/files/09/74/974677.974666.SKILOPEN_IN_N-FHD00Z026Q3_112400_215080.ogv", "https://www.openbeelden.nl/files/09/74/974681.974666.SKILOPEN_IN_N_FHD00Z026Q3_112400_215080.m3u8", "https://www.openbeelden.nl/images/974712/Skilopen_in_Nederland_%28HD%29_%280_51%29.png"], "identifier": ["115838"], "source": ["SKILOPEN_IN_N-FHD00Z026Q3"], "language": ["nl"], "references": [null], "mediator": [null], "spatial": ["Nederland", "Bloemendaal"], "attributionName": ["Orion-Profilti (producent) / Nederlands Instituut voor Beeld en Geluid"], "attributionURL": ["https://www.openbeelden.nl/media/974667"], "license": ["https://creativecommons.org/publicdomain/mark/1.0/"], "hasformat": ["film"]}