{"title": ["Compilatie: vliegen (HD)"], "alternative": [null], "creator": ["Polygoon-Profilti (producent) / Nederlands Instituut voor Beeld en Geluid (beheerder)"], "subject": ["compilatie", "nieuws", "sportprogramma"], "description": ["Compilatie bestaande uit vier items over vliegen in de jaren '20."], "abstract": [null], "publisher": ["Nederlands Instituut voor Beeld en Geluid", "https://www.openbeelden.nl/users/beeldengeluid"], "date": ["1924-01-01"], "type": ["Moving Image"], "extent": ["PT5M42S"], "medium": ["https://www.openbeelden.nl/files/09/76/976290.976287.VLIEGEN______-FHD00Z01TYB_112240_454840.mp4", "https://www.openbeelden.nl/files/09/76/976292.976287.VLIEGEN______-FHD00Z01TYB_112240_454840.mp4", "https://www.openbeelden.nl/files/09/76/976287.VLIEGEN______-FHD00Z01TYB_112240_454840.mp4", "https://www.openbeelden.nl/files/09/76/976294.976287.VLIEGEN______-FHD00Z01TYB_112240_454840.webm", "https://www.openbeelden.nl/files/09/76/976296.976287.VLIEGEN______-FHD00Z01TYB_112240_454840.ogv", "https://www.openbeelden.nl/files/09/76/976298.976287.VLIEGEN______-FHD00Z01TYB_112240_454840.ogv", "https://www.openbeelden.nl/files/09/76/976324.976287.VLIEGEN_______FHD00Z01TYB_112240_454840.m3u8", "https://www.openbeelden.nl/images/976519/Compilatie_vliegen_%28HD%29_%282_51%29.png"], "identifier": ["VLIEGEN______-FHD00Z01TYB"], "source": ["4550314"], "language": ["nl"], "references": [null], "mediator": [null], "spatial": ["Nederland"], "attributionName": ["Polygoon-Profilti (producent) / Nederlands Instituut voor Beeld en Geluid (beheerder)"], "attributionURL": ["https://www.openbeelden.nl/media/976288"], "license": ["https://creativecommons.org/publicdomain/mark/1.0/"], "hasformat": ["film"]}