{"title": ["Alpenwatersalamander toont baltsgedrag"], "alternative": [null], "creator": ["Veldkijker (producent);Willem Berents (camera);Stichting Natuurbeelden"], "subject": ["Amfibia", "Caudata", "Ichthyosaura alpestris", "Salamandridae", "alpenwatersalamander", "amfibie\u00ebn", "amfibie\u00ebn en reptielen", "baltsen", "close", "echte salamanders", "extreem close", "fauna", "middag", "ochtend", "salamanders", "vennen", "voorjaar", "zwemmen"], "description": ["Clip gemaakt in de natuur uit de collectie van Stichting Natuurbeelden (www.natuurbeelden.nl)."], "abstract": ["Alpenwatersalamanders tijdens balts. Het geheel is gefilmd in tijdelijke gevangenschap. Een mannetje van de alpenwatersalamander staat voor een vrouwtje en wappert met zijn staart. Zo verspreidt hij geurstoffen in haar richting in een poging om haar te verleiden. De kleurrijke tekening op het lijf van de salamanders is bijzonder goed zichtbaar. Zodra het vrouwtje beweegt, beweegt het mannetje mee. Hij verspert haar de weg. Het mannetje doet echt zijn best om haar te verleiden met zijn geuren. Zijn oranje buik en gespikkelde rugkam komen goed in beeld. Ook de opgezwollen cloaca is duidelijk herkenbaar. Uiteindelijk verdwijnt het vrouwtje. Daarna komt zij alleen even in beeld. Ook verschijnt kort een vinpootsalamander in beeld. Samengestelde clip."], "publisher": ["Stichting  Natuurbeelden", "https://www.openbeelden.nl/users/stichting_natuurbeelden"], "contributor": ["Stichting Natuurbeelden", "http://www.openbeelden.nl/users/stichting_natuurbeelden"], "date": ["2020-04-09"], "type": ["Moving Image"], "extent": ["PT3M24S"], "medium": ["https://www.openbeelden.nl/files/09/81/981345.981336.VKA116_033_05-NAT00Z04Y09.mp4", "https://www.openbeelden.nl/files/09/81/981347.981336.VKA116_033_05-NAT00Z04Y09.mp4", "https://www.openbeelden.nl/files/09/81/981336.VKA116_033_05-NAT00Z04Y09.mp4", "https://www.openbeelden.nl/files/09/81/981349.981336.VKA116_033_05-NAT00Z04Y09.webm", "https://www.openbeelden.nl/files/09/81/981351.981336.VKA116_033_05-NAT00Z04Y09.ogv", "https://www.openbeelden.nl/files/09/81/981353.981336.VKA116_033_05-NAT00Z04Y09.ogv", "https://www.openbeelden.nl/files/09/81/981406.981336.VKA116_033_05_NAT00Z04Y09.m3u8", "https://www.openbeelden.nl/images/982714/Alpenwatersalamander_toont_baltsgedrag_%281_42%29.png"], "identifier": ["6045227"], "source": ["VKA116_033_05-NAT00Z04Y09"], "language": ["nl"], "references": [null], "mediator": [null], "spatial": ["Vledder", "Nederland", "Drenthe"], "attributionName": ["Veldkijker (producent);Willem Berents (camera);Stichting Natuurbeelden"], "attributionURL": ["https://www.openbeelden.nl/media/981332"], "license": ["https://creativecommons.org/licenses/by-sa/3.0/nl/"]}