{"title": ["Koolmees neemt waterbad"], "alternative": [null], "creator": ["Veldkijker (producent);Willem Berents (camera);Stichting Natuurbeelden"], "subject": ["Aves", "Paridae", "Parus", "Parus major", "Passeriformes", "badderen", "bossen", "close", "echte mezen", "fauna", "koolmees", "koolmezen", "middag", "rondkijken", "totaal", "vliegen", "vogels", "voorjaar", "zangvogels"], "description": ["Clip gemaakt in de natuur uit de collectie van Stichting Natuurbeelden (www.natuurbeelden.nl)."], "abstract": ["Bij een kleine poel staat een koolmees op de oever. De koolmees staat net in het water. Er is een spiegelbeeld te zien. De koolmees hupt vervolgens iets verder het water in. De camera volgt. Dan neemt de koolmees een waterbad. De druppels spetteren rond. Uiteindelijk springt de koolmees uit het water en vliegt weg. Samengestelde clip. Slowmotion."], "publisher": ["Stichting  Natuurbeelden", "https://www.openbeelden.nl/users/stichting_natuurbeelden"], "contributor": ["Stichting Natuurbeelden", "http://www.openbeelden.nl/users/stichting_natuurbeelden"], "date": ["2014-05-16"], "type": ["Moving Image"], "extent": ["PT1M15S"], "medium": ["https://www.openbeelden.nl/files/09/82/982278.982275.VKA131_038_02-NAT00Z04Y27.mp4", "https://www.openbeelden.nl/files/09/82/982280.982275.VKA131_038_02-NAT00Z04Y27.mp4", "https://www.openbeelden.nl/files/09/82/982275.VKA131_038_02-NAT00Z04Y27.mp4", "https://www.openbeelden.nl/files/09/82/982282.982275.VKA131_038_02-NAT00Z04Y27.webm", "https://www.openbeelden.nl/files/09/82/982284.982275.VKA131_038_02-NAT00Z04Y27.ogv", "https://www.openbeelden.nl/files/09/82/982286.982275.VKA131_038_02-NAT00Z04Y27.ogv", "https://www.openbeelden.nl/files/09/82/982288.982275.VKA131_038_02_NAT00Z04Y27.m3u8", "https://www.openbeelden.nl/images/983153/Koolmees_neemt_waterbad_%280_37%29.png"], "identifier": ["6045207"], "source": ["VKA131_038_02-NAT00Z04Y27"], "language": ["nl"], "references": [null], "mediator": [null], "spatial": ["Vledder", "Nederland", "Drenthe"], "attributionName": ["Veldkijker (producent);Willem Berents (camera);Stichting Natuurbeelden"], "attributionURL": ["https://www.openbeelden.nl/media/982271"], "license": ["https://creativecommons.org/licenses/by-sa/3.0/nl/"]}