{"title": ["Vliegend hert draagt rugnummer"], "alternative": [null], "creator": ["Veldkijker (producent);Willem Berents (camera);Stichting Natuurbeelden"], "subject": ["Coleoptera", "Insecta", "Lucanidae", "Lucanus cervus", "avond", "bossen", "close", "extreem close", "fauna", "groot vliegend hert", "hertkever", "insecten", "kevers", "lopen", "totaal", "vliegend hert", "vliegende herten", "zomer"], "description": ["Clip gemaakt in de natuur uit de collectie van Stichting Natuurbeelden (www.natuurbeelden.nl)."], "abstract": ["Een vliegend hert (mannetje) zit op een boomstronk in een nachtelijke setting. Het hert is vanaf de flank gezien. Het komt in opeenvolgende kaders steeds nadrukkelijker in beeld, terwijl het zich draait om weg te lopen. Wanneer de kever zijn andere flank naar de camera keert, is te zien dat het een rugnummer draagt. Het nummer is C1. De kever heeft dit nummer gekregen in het kader van een onderzoek naar de verspreiding van vliegende herten in het betreffende natuurgebied. Daarna is deze kever vanuit een wijder kader te zien als het onder de camera doorloopt. Diverse kaders. Samengestelde clip."], "publisher": ["Stichting  Natuurbeelden", "https://www.openbeelden.nl/users/stichting_natuurbeelden"], "contributor": ["Stichting Natuurbeelden", "http://www.openbeelden.nl/users/stichting_natuurbeelden"], "date": ["2014-06-17"], "type": ["Moving Image"], "extent": ["PT4M31S"], "medium": ["https://www.openbeelden.nl/files/09/82/982401.982367.VKA142_001_04-NAT00Z04Y2I.mp4", "https://www.openbeelden.nl/files/09/82/982403.982367.VKA142_001_04-NAT00Z04Y2I.mp4", "https://www.openbeelden.nl/files/09/82/982367.VKA142_001_04-NAT00Z04Y2I.mp4", "https://www.openbeelden.nl/files/09/82/982405.982367.VKA142_001_04-NAT00Z04Y2I.webm", "https://www.openbeelden.nl/files/09/82/982407.982367.VKA142_001_04-NAT00Z04Y2I.ogv", "https://www.openbeelden.nl/files/09/82/982409.982367.VKA142_001_04-NAT00Z04Y2I.ogv", "https://www.openbeelden.nl/files/09/82/982435.982367.VKA142_001_04_NAT00Z04Y2I.m3u8", "https://www.openbeelden.nl/images/982681/Vliegend_hert_draagt_rugnummer_%282_15%29.png"], "identifier": ["6045196"], "source": ["VKA142_001_04-NAT00Z04Y2I"], "language": ["nl"], "references": [null], "mediator": [null], "spatial": ["Nederland", "Limburg", "Milsbeek", "Sint-Jansberg", "Noord-Limburg"], "attributionName": ["Veldkijker (producent);Willem Berents (camera);Stichting Natuurbeelden"], "attributionURL": ["https://www.openbeelden.nl/media/982363"], "license": ["https://creativecommons.org/licenses/by-sa/3.0/nl/"]}