{"title": ["Vliegend hert loopt op boom"], "alternative": [null], "creator": ["Veldkijker (producent);Willem Berents (camera);Stichting Natuurbeelden"], "subject": ["Apodemus sylvaticus", "Coleoptera", "Insecta", "Lucanidae", "Lucanus cervus", "Pteridium aquilinum", "Vespa crabro", "adelaarsvaren", "avond", "bomen", "bosmuis", "bossen", "close", "extreem close", "fauna", "foerageren", "groot vliegend hert", "hertkever", "hoornaar", "insecten", "kevers", "lopen", "planten", "totaal", "vliegend hert", "vliegende herten", "zomer"], "description": ["Clip gemaakt in de natuur uit de collectie van Stichting Natuurbeelden (www.natuurbeelden.nl)."], "abstract": ["Een vliegend hert (mannetje) loopt over de enorme stam van een boom. In de achtergrond groeit aderlaarsvaren. De kever loopt over de stam omlaag en daarna omhoog op zoek naar een voedselbron. Deze wandeling wordt gevolgd vanuit verschillende hoeken en diverse kaders. De kever is zeer goed in beeld. Als de kever bij de bosbodem aankomt, besluit hij terug naar boven te lopen. Uiteindelijk komt de kever uit bij een wond in de boom waaruit sappen vloeien. Hier begint de kever te foerageren. Ook allerlei andere insecten, zoals vliegen en hoornaars foerageren bij deze wond op de boom. Dan komt de voet van de boom weer in beeld. Bij een wond aan de voet van de boom zit een bosmuis. De muis drinkt uit de wond. Naast de bosmuis zit een hoornaar. Als de hoornaar opvliegt, springt de muis naar de plek waar die wesp foerageerde, drinkt daar even en springt terug. Dan is de hoornaar weer te zien als die naast het vliegend hert zweeft. De hoornaar landt naast de kever en begint uit dezelfde wond te drinken. De hoornaar vliegt een keer op en komt weer terug bij dezelfde plek. Er zijn ook diverse andere insecten te zien, waaronder vliegen. Dan springt het beeld weer naar de bosmuis aan de voet van de boom. Deze muis klimt vrijwel direct omhoog naar de plek waar het vliegend hert zit. De muis drinkt uit een naastgelegen wond in de boom. Vervolgens springt de muis bovenlangs naar de andere zijde van de kever en wacht daar. Een tweede muis klimt omhoog naar de wond in de boom naast de kever en drinkt hier wat sap. Vervolgens springt deze tweede muis weg. Dan wordt het kader wijder en is te zien dat de andere muis weer naar beneden klimt. Tenslotte komt de kever zeer close in beeld. Vooral van de kop zijn allerlei details te zien. Diverse kaders. Samengestelde clip."], "publisher": ["Stichting  Natuurbeelden", "https://www.openbeelden.nl/users/stichting_natuurbeelden"], "contributor": ["Stichting Natuurbeelden", "http://www.openbeelden.nl/users/stichting_natuurbeelden"], "date": ["2014-06-21"], "type": ["Moving Image"], "extent": ["PT15M43S"], "medium": ["https://www.openbeelden.nl/files/09/82/982561.982379.VKA148_001_35-NAT00Z04Y2K.mp4", "https://www.openbeelden.nl/files/09/82/982563.982379.VKA148_001_35-NAT00Z04Y2K.mp4", "https://www.openbeelden.nl/files/09/82/982379.VKA148_001_35-NAT00Z04Y2K.mp4", "https://www.openbeelden.nl/files/09/82/982565.982379.VKA148_001_35-NAT00Z04Y2K.webm", "https://www.openbeelden.nl/files/09/82/982567.982379.VKA148_001_35-NAT00Z04Y2K.ogv", "https://www.openbeelden.nl/files/09/82/982569.982379.VKA148_001_35-NAT00Z04Y2K.ogv", "https://www.openbeelden.nl/files/09/82/982591.982379.VKA148_001_35_NAT00Z04Y2K.m3u8", "https://www.openbeelden.nl/images/983143/Vliegend_hert_loopt_op_boom_%287_51%29.png"], "identifier": ["6045194"], "source": ["VKA148_001_35-NAT00Z04Y2K"], "language": ["nl"], "references": [null], "mediator": [null], "spatial": ["Nederland", "Limburg", "Milsbeek", "Sint-Jansberg", "Noord-Limburg"], "attributionName": ["Veldkijker (producent);Willem Berents (camera);Stichting Natuurbeelden"], "attributionURL": ["https://www.openbeelden.nl/media/982375"], "license": ["https://creativecommons.org/licenses/by-sa/3.0/nl/"]}