{"title": ["Zandhagedissen tonen voortplantingsgedrag"], "alternative": [null], "creator": ["Veldkijker (producent);Willem Berents (camera);Stichting Natuurbeelden"], "subject": ["Lacerta agilis", "Lacertidae", "Lacertilia", "Reptilia", "Squamata", "amfibie\u00ebn en reptielen", "baltsen", "close", "duinhagedis", "echte hagedissen", "fauna", "hagedissen", "heide", "lopen", "middag", "ochtend", "reptielen", "schubreptielen", "stoeien", "totaal", "voorjaar", "zandhagedis"], "description": ["Clip gemaakt in de natuur uit de collectie van Stichting Natuurbeelden (www.natuurbeelden.nl)."], "abstract": ["Twee zandhagedissen zitten bij elkaar en stoeien af en toe wat. Het zijn een mannetje en een vrouwtje. Het mannetje is knalgroen. Hij maakt avances in een poging om het vrouwtje tot paren te verleiden. Zij bijt van zich af. Dan kruipt het vrouwtje met de kop in een holletje dat niet zichtbaar is. Opeens komt daar een tweede mannetje uit tevoorschijn. Die bijt het vrouwtje in de flank. Het vrouwtje rukt zich los en verdwijnt in het holletje. Het tweede mannetje wordt verjaagd door het eerste mannetje. Dan is alleen het mannetje weer in beeld tussen het gras. HIj kruipt het holletje in waar het vrouwtje in verdween. Even later zitten ze weer samen in het gras voor het holletje. Het mannetje maakt avances. Het vrouwtje hapt van zich af, maar keert de flank naar hem toe en trappelt met achterpoten. Zo draaien ze enige tijd om elkaar heen. Bij elke poging van het mannetje hapt het vrouwtje van zich af. Dan jaagt het vrouwtje het mannetje weg en ligt zij in het gras voor het holletje. Even later keert het mannetje terug. Ze draaien weer een poosje om elkaar heen. Als ze nadrukkelijker in beeld komen, is te zien dat het vrouwtje vervelt. Het vrouwtje kronkelt af en toe met haar staart en trappelt met de poten. Het mannetje keert om en gaat bovenop het vrouwtje liggen. Zij kruipt echter weg. Ook dit herhaalt zich. Opeens vliegt er een hommel in beeld. Het vrouwtje richt haar aandacht op de hommel. Die verdwijnt. Het mannetje begint het vrouwtje in de flank te bijten om haar paringsbereidheid te testen. Het komt echter niet van een paring. Diverse kaders. Samengestelde clip."], "publisher": ["Stichting  Natuurbeelden", "https://www.openbeelden.nl/users/stichting_natuurbeelden"], "contributor": ["Stichting Natuurbeelden", "http://www.openbeelden.nl/users/stichting_natuurbeelden"], "date": ["2014-04-24"], "type": ["Moving Image"], "extent": ["PT12M19S"], "medium": ["https://www.openbeelden.nl/files/09/82/982914.982902.VKA123_041_17-NAT00Z04Y0R.mp4", "https://www.openbeelden.nl/files/09/82/982916.982902.VKA123_041_17-NAT00Z04Y0R.mp4", "https://www.openbeelden.nl/files/09/82/982902.VKA123_041_17-NAT00Z04Y0R.mp4", "https://www.openbeelden.nl/files/09/82/982918.982902.VKA123_041_17-NAT00Z04Y0R.webm", "https://www.openbeelden.nl/files/09/82/982920.982902.VKA123_041_17-NAT00Z04Y0R.ogv", "https://www.openbeelden.nl/files/09/82/982922.982902.VKA123_041_17-NAT00Z04Y0R.ogv", "https://www.openbeelden.nl/files/09/82/982965.982902.VKA123_041_17_NAT00Z04Y0R.m3u8", "https://www.openbeelden.nl/images/983132/Zandhagedissen_tonen_voortplantingsgedrag_%286_09%29.png"], "identifier": ["6045220"], "source": ["VKA123_041_17-NAT00Z04Y0R"], "language": ["nl"], "references": [null], "mediator": [null], "spatial": ["Vledder", "Nederland", "Drenthe"], "attributionName": ["Veldkijker (producent);Willem Berents (camera);Stichting Natuurbeelden"], "attributionURL": ["https://www.openbeelden.nl/media/982898"], "license": ["https://creativecommons.org/licenses/by-sa/3.0/nl/"]}