{"title": ["Zeeanjelieren op wrakken"], "alternative": [null], "creator": ["Learning by action (producent);Klaudie Bartelink (camera);Stichting Natuurbeelden"], "subject": ["Asterias rubens", "Cancer pagurus", "Metridium senile", "Noordzeekrabben", "Trisopterus luscus", "dag", "fauna", "getijdengebieden", "liggen", "onderwateropname", "steenbolken", "totaal", "vissen", "zee", "zeeanjelieren", "zeesterren", "zitten", "zomer", "zwemmen"], "description": ["Clip gemaakt in de natuur uit de collectie van Stichting Natuurbeelden (www.natuurbeelden.nl)."], "abstract": ["Zeeanjelieren groeien op een oud wrak met betonzakken."], "publisher": ["Stichting  Natuurbeelden", "https://www.openbeelden.nl/users/stichting_natuurbeelden"], "contributor": ["Stichting Natuurbeelden", "http://www.openbeelden.nl/users/stichting_natuurbeelden"], "date": ["2014-09-06"], "type": ["Moving Image"], "extent": ["PT5M39S"], "medium": ["https://www.openbeelden.nl/files/09/83/983074.983071.LBA0043_1_ANJ-NAT00Z04XXJ.mp4", "https://www.openbeelden.nl/files/09/83/983076.983071.LBA0043_1_ANJ-NAT00Z04XXJ.mp4", "https://www.openbeelden.nl/files/09/83/983071.LBA0043_1_ANJ-NAT00Z04XXJ.mp4", "https://www.openbeelden.nl/files/09/83/983078.983071.LBA0043_1_ANJ-NAT00Z04XXJ.webm", "https://www.openbeelden.nl/files/09/83/983080.983071.LBA0043_1_ANJ-NAT00Z04XXJ.ogv", "https://www.openbeelden.nl/files/09/83/983082.983071.LBA0043_1_ANJ-NAT00Z04XXJ.ogv", "https://www.openbeelden.nl/files/09/83/983125.983071.LBA0043_1_ANJ_NAT00Z04XXJ.m3u8", "https://www.openbeelden.nl/images/983130/Zeeanjelieren_op_wrakken_%282_49%29.png"], "identifier": ["6045492"], "source": ["LBA0043_1_ANJ-NAT00Z04XXJ"], "language": ["nl"], "references": [null], "mediator": [null], "spatial": ["Noordzee", "Nederland"], "attributionName": ["Learning by action (producent);Klaudie Bartelink (camera);Stichting Natuurbeelden"], "attributionURL": ["https://www.openbeelden.nl/media/983067"], "license": ["https://creativecommons.org/licenses/by-sa/3.0/nl/"]}