{"title": ["Platvissen liggen en zwemmen"], "alternative": [null], "creator": ["Learning by action (producent);Klaudie Bartelink (camera);Stichting Natuurbeelden"], "subject": ["Gadus morhua", "Microstomus kitt", "Pleuronectes platessa", "Solea solea", "Trisopterus luscus", "close", "dag", "fauna", "getijdengebieden", "kabeljauwen", "liggen", "neustong", "onderwateropname", "schollen", "steenbolken", "tongen", "tongscharren", "totaal", "vissen", "zee", "zomer", "zwemmen"], "description": ["Clip gemaakt in de natuur uit de collectie van Stichting Natuurbeelden (www.natuurbeelden.nl)."], "abstract": ["Schollen liggen bij een wrak. Tongscharren zwemmen en rusten bij een wrak samen met kabeljauwen en steenbolken. Tongen liggen bij een wrak en schieten weg over het zand."], "publisher": ["Stichting  Natuurbeelden", "https://www.openbeelden.nl/users/stichting_natuurbeelden"], "contributor": ["Stichting Natuurbeelden", "http://www.openbeelden.nl/users/stichting_natuurbeelden"], "date": ["2013-09-05"], "type": ["Moving Image"], "extent": ["PT4M54S"], "medium": ["https://www.openbeelden.nl/files/09/83/983408.983405.LBA0030_1_PLA-NAT00Z04XX6.mp4", "https://www.openbeelden.nl/files/09/83/983410.983405.LBA0030_1_PLA-NAT00Z04XX6.mp4", "https://www.openbeelden.nl/files/09/83/983405.LBA0030_1_PLA-NAT00Z04XX6.mp4", "https://www.openbeelden.nl/files/09/83/983412.983405.LBA0030_1_PLA-NAT00Z04XX6.webm", "https://www.openbeelden.nl/files/09/83/983414.983405.LBA0030_1_PLA-NAT00Z04XX6.ogv", "https://www.openbeelden.nl/files/09/83/983416.983405.LBA0030_1_PLA-NAT00Z04XX6.ogv", "https://www.openbeelden.nl/files/09/83/983444.983405.LBA0030_1_PLA_NAT00Z04XX6.m3u8", "https://www.openbeelden.nl/images/983492/Platvissen_liggen_en_zwemmen_%282_27%29.png"], "identifier": ["6045506"], "source": ["LBA0030_1_PLA-NAT00Z04XX6"], "language": ["nl"], "references": [null], "mediator": [null], "spatial": ["Noordzee", "Nederland"], "attributionName": ["Learning by action (producent);Klaudie Bartelink (camera);Stichting Natuurbeelden"], "attributionURL": ["https://www.openbeelden.nl/media/983401"], "license": ["https://creativecommons.org/licenses/by-sa/3.0/nl/"]}