{"title": ["Lengen zwemmen over een wrak"], "alternative": [null], "creator": ["Learning by action (producent);Klaudie Bartelink (camera);Stichting Natuurbeelden"], "subject": ["Homarus gammarus", "Molva molva", "dag", "fauna", "getijdengebieden", "lengen", "nieuwsgierig", "onderwateropname", "totaal", "verstoppen", "vissen", "zee", "zeekreeften", "zomer", "zwemmen"], "description": ["Clip gemaakt in de natuur uit de collectie van Stichting Natuurbeelden (www.natuurbeelden.nl)."], "abstract": ["Lengen zwemmen nieuwsgierig rond bij het wrak. Daarna verstoppen zij zichzelf."], "publisher": ["Stichting  Natuurbeelden", "https://www.openbeelden.nl/users/stichting_natuurbeelden"], "contributor": ["Stichting Natuurbeelden", "http://www.openbeelden.nl/users/stichting_natuurbeelden"], "date": ["2014-09-10"], "type": ["Moving Image"], "extent": ["PT1M42S"], "medium": ["https://www.openbeelden.nl/files/09/83/983643.983640.LBA0020_1_LEN-NAT00Z04XWW.mp4", "https://www.openbeelden.nl/files/09/83/983645.983640.LBA0020_1_LEN-NAT00Z04XWW.mp4", "https://www.openbeelden.nl/files/09/83/983640.LBA0020_1_LEN-NAT00Z04XWW.mp4", "https://www.openbeelden.nl/files/09/83/983647.983640.LBA0020_1_LEN-NAT00Z04XWW.webm", "https://www.openbeelden.nl/files/09/83/983649.983640.LBA0020_1_LEN-NAT00Z04XWW.ogv", "https://www.openbeelden.nl/files/09/83/983651.983640.LBA0020_1_LEN-NAT00Z04XWW.ogv", "https://www.openbeelden.nl/files/09/83/983658.983640.LBA0020_1_LEN_NAT00Z04XWW.m3u8", "https://www.openbeelden.nl/images/984145/Lengen_zwemmen_over_een_wrak_%280_51%29.png"], "identifier": ["6045519"], "source": ["LBA0020_1_LEN-NAT00Z04XWW"], "language": ["nl"], "references": [null], "mediator": [null], "spatial": ["Noordzee", "Nederland"], "attributionName": ["Learning by action (producent);Klaudie Bartelink (camera);Stichting Natuurbeelden"], "attributionURL": ["https://www.openbeelden.nl/media/983636"], "license": ["https://creativecommons.org/licenses/by-sa/3.0/nl/"]}