{"title": ["Kreeften schuilen in een wrak"], "alternative": [null], "creator": ["Learning by action (producent);Klaudie Bartelink (camera);Stichting Natuurbeelden"], "subject": ["Alcyonium digitatum", "Homarus gammarus", "Obelia dichotoma", "close", "dag", "dodemansduimen", "fauna", "getijdengebieden", "onderwateropname", "totaal", "verschuilen", "vissen", "zee", "zeedraden", "zeekreeften", "zomer"], "description": ["Clip gemaakt in de natuur uit de collectie van Stichting Natuurbeelden (www.natuurbeelden.nl)."], "abstract": ["Kreeften verbergen zich in restanten van een wrak."], "publisher": ["Stichting  Natuurbeelden", "https://www.openbeelden.nl/users/stichting_natuurbeelden"], "contributor": ["Stichting Natuurbeelden", "http://www.openbeelden.nl/users/stichting_natuurbeelden"], "date": ["2014-09-10"], "type": ["Moving Image"], "extent": ["PT6M32S"], "medium": ["https://www.openbeelden.nl/files/09/83/983693.983681.LBA0018_1_KRE-NAT00Z04XWU.mp4", "https://www.openbeelden.nl/files/09/83/983695.983681.LBA0018_1_KRE-NAT00Z04XWU.mp4", "https://www.openbeelden.nl/files/09/83/983681.LBA0018_1_KRE-NAT00Z04XWU.mp4", "https://www.openbeelden.nl/files/09/83/983697.983681.LBA0018_1_KRE-NAT00Z04XWU.webm", "https://www.openbeelden.nl/files/09/83/983699.983681.LBA0018_1_KRE-NAT00Z04XWU.ogv", "https://www.openbeelden.nl/files/09/83/983701.983681.LBA0018_1_KRE-NAT00Z04XWU.ogv", "https://www.openbeelden.nl/files/09/83/983732.983681.LBA0018_1_KRE_NAT00Z04XWU.m3u8", "https://www.openbeelden.nl/images/984146/Kreeften_schuilen_in_een_wrak_%283_16%29.png"], "identifier": ["6045521"], "source": ["LBA0018_1_KRE-NAT00Z04XWU"], "language": ["nl"], "references": [null], "mediator": [null], "spatial": ["Noordzee", "Nederland"], "attributionName": ["Learning by action (producent);Klaudie Bartelink (camera);Stichting Natuurbeelden"], "attributionURL": ["https://www.openbeelden.nl/media/983677"], "license": ["https://creativecommons.org/licenses/by-sa/3.0/nl/"]}