{"title": ["Duikers verwijderen vistuig"], "alternative": [null], "creator": ["Learning by action (producent);Klaudie Bartelink (camera);Stichting Natuurbeelden"], "subject": ["Metridium senile", "buitenopname", "dag", "fauna", "filmen", "fotograferen", "getijdengebieden", "netten", "onderwateropname", "opruimen", "postzakken", "schroef", "snijden", "totaal", "vislijnen", "vissen", "wrakken", "zeeanjelieren", "zwemmen"], "description": ["Clip gemaakt in de natuur uit de collectie van Stichting Natuurbeelden (www.natuurbeelden.nl)."], "abstract": ["Duikers verwijderen het vistuig van de wrakken en doen het vistuig in postzakken om zo alles naar boven te halen."], "publisher": ["Stichting  Natuurbeelden", "https://www.openbeelden.nl/users/stichting_natuurbeelden"], "contributor": ["Stichting Natuurbeelden", "http://www.openbeelden.nl/users/stichting_natuurbeelden"], "date": ["2013-07-05"], "type": ["Moving Image"], "extent": ["PT11M32S"], "medium": ["https://www.openbeelden.nl/files/09/84/984383.984374.LBA0006_1_DUI-NAT00Z04XW1.mp4", "https://www.openbeelden.nl/files/09/84/984385.984374.LBA0006_1_DUI-NAT00Z04XW1.mp4", "https://www.openbeelden.nl/files/09/84/984374.LBA0006_1_DUI-NAT00Z04XW1.mp4", "https://www.openbeelden.nl/files/09/84/984387.984374.LBA0006_1_DUI-NAT00Z04XW1.webm", "https://www.openbeelden.nl/files/09/84/984389.984374.LBA0006_1_DUI-NAT00Z04XW1.ogv", "https://www.openbeelden.nl/files/09/84/984391.984374.LBA0006_1_DUI-NAT00Z04XW1.ogv", "https://www.openbeelden.nl/files/09/84/984413.984374.LBA0006_1_DUI_NAT00Z04XW1.m3u8", "https://www.openbeelden.nl/images/986396/Duikers_verwijderen_vistuig_%285_46%29.png"], "identifier": ["6045553"], "source": ["LBA0006_1_DUI-NAT00Z04XW1"], "language": ["nl"], "references": [null], "mediator": [null], "spatial": ["Noordzee", "Nederland"], "attributionName": ["Learning by action (producent);Klaudie Bartelink (camera);Stichting Natuurbeelden"], "attributionURL": ["https://www.openbeelden.nl/media/984370"], "license": ["https://creativecommons.org/licenses/by-sa/3.0/nl/"]}