{"title": ["Zilverkleurige tarpons jagend in de nacht"], "alternative": [null], "creator": ["Nudibranch MDP (producent);;Stichting Natuurbeelden"], "subject": ["Elopiformes", "Megalops megalops", "Pisces", "avond", "eten", "fauna", "jagen", "kusten", "nacht", "onderwateropname", "riffen", "tarponachtigen", "tarpons", "totaal", "vissen", "wijd", "zomer"], "description": ["Clip gemaakt in de natuur uit de collectie van Stichting Natuurbeelden (www.natuurbeelden.nl)."], "abstract": ["Grote tarpons die 's avonds gebruik maken van het schijnsel van de lamp om te jagen op verschillende kleine vis die zich schuil houdt in het rif."], "publisher": ["Stichting  Natuurbeelden", "https://www.openbeelden.nl/users/stichting_natuurbeelden"], "contributor": ["Stichting Natuurbeelden", "http://www.openbeelden.nl/users/stichting_natuurbeelden"], "date": ["2013-03-01"], "type": ["Moving Image"], "extent": ["PT4M0S"], "medium": ["https://www.openbeelden.nl/files/09/84/984967.984964.1589_JATARPON-NAT00Z04XOP.mp4", "https://www.openbeelden.nl/files/09/84/984969.984964.1589_JATARPON-NAT00Z04XOP.mp4", "https://www.openbeelden.nl/files/09/84/984964.1589_JATARPON-NAT00Z04XOP.mp4", "https://www.openbeelden.nl/files/09/84/984971.984964.1589_JATARPON-NAT00Z04XOP.webm", "https://www.openbeelden.nl/files/09/84/984973.984964.1589_JATARPON-NAT00Z04XOP.ogv", "https://www.openbeelden.nl/files/09/84/984975.984964.1589_JATARPON-NAT00Z04XOP.ogv", "https://www.openbeelden.nl/files/09/84/984983.984964.1589_JATARPON_NAT00Z04XOP.m3u8", "https://www.openbeelden.nl/images/1003207/Zilverkleurige_tarpons_jagend_in_de_nacht_%282_00%29.png"], "identifier": ["6045650"], "source": ["1589_JATARPON-NAT00Z04XOP"], "language": ["nl"], "references": [null], "mediator": [null], "spatial": ["Bonaire"], "attributionName": ["Nudibranch MDP (producent);;Stichting Natuurbeelden"], "attributionURL": ["https://www.openbeelden.nl/media/984960"], "license": ["https://creativecommons.org/licenses/by-sa/3.0/nl/"]}