{"title": ["Velden van ruwe zeerasp op het harde substraat van een wrak"], "alternative": [null], "creator": ["Nudibranch MDP (producent);Peter van Rodijnen (camera);Stichting Natuurbeelden"], "subject": ["Hydractinia echinata", "Hydrozoa", "bewolkt", "close", "dag", "eten", "extreem close", "fauna", "filteren", "hydro\u00efdpoliepen", "nacht", "onderwateropname", "ruwe zeeraspen", "totaal", "wijd", "zee\u00ebn", "zomer", "zonnig"], "description": ["Clip gemaakt in de natuur uit de collectie van Stichting Natuurbeelden (www.natuurbeelden.nl)."], "abstract": ["Deze ruwe zeerasp vormt een voedselbron voor vele diersoorten op een wrak in de Noordzee."], "publisher": ["Stichting  Natuurbeelden", "https://www.openbeelden.nl/users/stichting_natuurbeelden"], "contributor": ["Stichting Natuurbeelden", "http://www.openbeelden.nl/users/stichting_natuurbeelden"], "date": ["2013-08-11"], "type": ["Moving Image"], "extent": ["PT2M30S"], "medium": ["https://www.openbeelden.nl/files/09/85/985337.985334.1575_RZEERASP-NAT00Z04XO8.mp4", "https://www.openbeelden.nl/files/09/85/985339.985334.1575_RZEERASP-NAT00Z04XO8.mp4", "https://www.openbeelden.nl/files/09/85/985334.1575_RZEERASP-NAT00Z04XO8.mp4", "https://www.openbeelden.nl/files/09/85/985341.985334.1575_RZEERASP-NAT00Z04XO8.webm", "https://www.openbeelden.nl/files/09/85/985343.985334.1575_RZEERASP-NAT00Z04XO8.ogv", "https://www.openbeelden.nl/files/09/85/985345.985334.1575_RZEERASP-NAT00Z04XO8.ogv", "https://www.openbeelden.nl/files/09/85/985375.985334.1575_RZEERASP_NAT00Z04XO8.m3u8", "https://www.openbeelden.nl/images/986365/Velden_van_ruwe_zeerasp_op_het_harde_substraat_van_een_wrak_%281_15%29.png"], "identifier": ["6045664"], "source": ["1575_RZEERASP-NAT00Z04XO8"], "language": ["nl"], "references": [null], "mediator": [null], "spatial": ["Noordzee", "Nederland"], "attributionName": ["Nudibranch MDP (producent);Peter van Rodijnen (camera);Stichting Natuurbeelden"], "attributionURL": ["https://www.openbeelden.nl/media/985330"], "license": ["https://creativecommons.org/licenses/by-sa/3.0/nl/"]}