{"title": ["Blauwe haarkwal zwemmend in de waterkolom van de Noordzee"], "alternative": [null], "creator": ["Nudibranch MDP (producent);Peter van Rodijnen (camera);Stichting Natuurbeelden"], "subject": ["Cnidaria", "Scyphozoa", "bewolkt", "close", "dag", "fauna", "holtedieren", "jagen", "kwallen", "neteldieren", "onderwateropname", "totaal", "wijd", "zee\u00ebn", "zomer", "zonnig", "zwemmen"], "description": ["Clip gemaakt in de natuur uit de collectie van Stichting Natuurbeelden (www.natuurbeelden.nl)."], "abstract": ["Verschillende sierlijke blauwe haarkwallen met lange, sliertige tentakels in de groene waterkolom van de Noordzee."], "publisher": ["Stichting  Natuurbeelden", "https://www.openbeelden.nl/users/stichting_natuurbeelden"], "contributor": ["Stichting Natuurbeelden", "http://www.openbeelden.nl/users/stichting_natuurbeelden"], "date": ["2013-07-22"], "type": ["Moving Image"], "extent": ["PT3M2S"], "medium": ["https://www.openbeelden.nl/files/09/85/985767.985764.1557_BLHAARKW-NAT00Z04XNQ.mp4", "https://www.openbeelden.nl/files/09/85/985769.985764.1557_BLHAARKW-NAT00Z04XNQ.mp4", "https://www.openbeelden.nl/files/09/85/985764.1557_BLHAARKW-NAT00Z04XNQ.mp4", "https://www.openbeelden.nl/files/09/85/985771.985764.1557_BLHAARKW-NAT00Z04XNQ.webm", "https://www.openbeelden.nl/files/09/85/985773.985764.1557_BLHAARKW-NAT00Z04XNQ.ogv", "https://www.openbeelden.nl/files/09/85/985775.985764.1557_BLHAARKW-NAT00Z04XNQ.ogv", "https://www.openbeelden.nl/files/09/85/985794.985764.1557_BLHAARKW_NAT00Z04XNQ.m3u8", "https://www.openbeelden.nl/images/986350/Blauwe_haarkwal_zwemmend_in_de_waterkolom_van_de_Noordzee_%281_31%29.png"], "identifier": ["6045682"], "source": ["1557_BLHAARKW-NAT00Z04XNQ"], "language": ["nl"], "references": [null], "mediator": [null], "spatial": ["Noordzee", "Nederland"], "attributionName": ["Nudibranch MDP (producent);Peter van Rodijnen (camera);Stichting Natuurbeelden"], "attributionURL": ["https://www.openbeelden.nl/media/985760"], "license": ["https://creativecommons.org/licenses/by-sa/3.0/nl/"]}