{"title": ["Levende gewone oester die het water filtert dat voorbij stroomt"], "alternative": [null], "creator": ["Nudibranch MDP (producent);Peter van Rodijnen (camera);Stichting Natuurbeelden"], "subject": ["Mollusca", "Ostrea edulis", "bewolkt", "close", "dag", "extreem close", "fauna", "filteren", "gewone oesters", "kusten", "onderwateropname", "totaal", "weekdieren", "wijd", "zomer"], "description": ["Clip gemaakt in de natuur uit de collectie van Stichting Natuurbeelden (www.natuurbeelden.nl)."], "abstract": ["Een gewone oester, die met half geopende schelp het voedsel vangt, waarbij het afvoeren van gefilterde deeltjes zichtbaar is."], "publisher": ["Stichting  Natuurbeelden", "https://www.openbeelden.nl/users/stichting_natuurbeelden"], "contributor": ["Stichting Natuurbeelden", "http://www.openbeelden.nl/users/stichting_natuurbeelden"], "date": ["2014-07-28"], "type": ["Moving Image"], "extent": ["PT2M6S"], "medium": ["https://www.openbeelden.nl/files/09/85/985999.985981.1547_GEWOESTR-NAT00Z04XNE.mp4", "https://www.openbeelden.nl/files/09/85/986001.985981.1547_GEWOESTR-NAT00Z04XNE.mp4", "https://www.openbeelden.nl/files/09/85/985981.1547_GEWOESTR-NAT00Z04XNE.mp4", "https://www.openbeelden.nl/files/09/85/986003.985981.1547_GEWOESTR-NAT00Z04XNE.webm", "https://www.openbeelden.nl/files/09/85/986005.985981.1547_GEWOESTR-NAT00Z04XNE.ogv", "https://www.openbeelden.nl/files/09/85/986007.985981.1547_GEWOESTR-NAT00Z04XNE.ogv", "https://www.openbeelden.nl/files/09/85/986042.985981.1547_GEWOESTR_NAT00Z04XNE.m3u8", "https://www.openbeelden.nl/images/986341/Levende_gewone_oester_die_het_water_filtert_dat_voorbij_stroomt_%281_03%29.png"], "identifier": ["6045693"], "source": ["1547_GEWOESTR-NAT00Z04XNE"], "language": ["nl"], "references": [null], "mediator": [null], "spatial": ["Nederland", "Grevelingenmeer", "Zeeland"], "attributionName": ["Nudibranch MDP (producent);Peter van Rodijnen (camera);Stichting Natuurbeelden"], "attributionURL": ["https://www.openbeelden.nl/media/985977"], "license": ["https://creativecommons.org/licenses/by-sa/3.0/nl/"]}