{"title": ["Dodemansduim dat met fijne poliepen voedsel filtert (zacht koraal)"], "alternative": [null], "creator": ["Nudibranch MDP (producent);Peter van Rodijnen (camera);Stichting Natuurbeelden"], "subject": ["Alcyonacea", "Alcyonium digitatum", "Cnidaria", "bewolkt", "close", "dag", "dodemansduimen", "eten", "extreem close", "fauna", "filteren", "holtedieren", "kusten", "nacht", "onderwateropname", "totaal", "wijd", "zachte koralen", "zomer"], "description": ["Clip gemaakt in de natuur uit de collectie van Stichting Natuurbeelden (www.natuurbeelden.nl)."], "abstract": ["Oranje en witte exemplaren dodemansduim, waarbij de filterende werking van de poliepen duidelijk zichtbaar is."], "publisher": ["Stichting  Natuurbeelden", "https://www.openbeelden.nl/users/stichting_natuurbeelden"], "contributor": ["Stichting Natuurbeelden", "http://www.openbeelden.nl/users/stichting_natuurbeelden"], "date": ["2014-09-26"], "type": ["Moving Image"], "extent": ["PT4M46S"], "medium": ["https://www.openbeelden.nl/files/09/86/986441.986438.1532_DODEDUIM-NAT00Z04XMX.mp4", "https://www.openbeelden.nl/files/09/86/986443.986438.1532_DODEDUIM-NAT00Z04XMX.mp4", "https://www.openbeelden.nl/files/09/86/986438.1532_DODEDUIM-NAT00Z04XMX.mp4", "https://www.openbeelden.nl/files/09/86/986445.986438.1532_DODEDUIM-NAT00Z04XMX.webm", "https://www.openbeelden.nl/files/09/86/986447.986438.1532_DODEDUIM-NAT00Z04XMX.ogv", "https://www.openbeelden.nl/files/09/86/986449.986438.1532_DODEDUIM-NAT00Z04XMX.ogv", "https://www.openbeelden.nl/files/09/86/986453.986438.1532_DODEDUIM_NAT00Z04XMX.m3u8", "https://www.openbeelden.nl/images/987527/Dodemansduim_dat_met_fijne_poliepen_voedsel_filtert_%28zacht_koraal%29_%282_23%29.png"], "identifier": ["6045708"], "source": ["1532_DODEDUIM-NAT00Z04XMX"], "language": ["nl"], "references": [null], "mediator": [null], "spatial": ["Nederland", "Oosterschelde", "Zeeland"], "attributionName": ["Nudibranch MDP (producent);Peter van Rodijnen (camera);Stichting Natuurbeelden"], "attributionURL": ["https://www.openbeelden.nl/media/986434"], "license": ["https://creativecommons.org/licenses/by-sa/3.0/nl/"]}