{"title": ["Diverse sponzen op hard substraat in de Delta"], "alternative": [null], "creator": ["Nudibranch MDP (producent);Peter van Rodijnen (camera);Stichting Natuurbeelden"], "subject": ["Halichondria panicea", "Haliclona oculata", "Haliclona xena", "Porifera", "bewolkt", "close", "dag", "fauna", "geweisponzen", "gewone broodsponzen", "groeien", "kusten", "onderwateropname", "paarse buisjessponzen", "sponzen", "totaal", "wijd", "zomer", "zonnig"], "description": ["Clip gemaakt in de natuur uit de collectie van Stichting Natuurbeelden (www.natuurbeelden.nl)."], "abstract": ["Een verzameling en compilatie van enkele soorten sponzen die in de Nederlandse Delta voor kunnen komen."], "publisher": ["Stichting  Natuurbeelden", "https://www.openbeelden.nl/users/stichting_natuurbeelden"], "contributor": ["Stichting Natuurbeelden", "http://www.openbeelden.nl/users/stichting_natuurbeelden"], "date": ["2014-03-14"], "type": ["Moving Image"], "extent": ["PT7M36S"], "medium": ["https://www.openbeelden.nl/files/09/86/986472.986463.1531_DIVSPONS-NAT00Z04XMW.mp4", "https://www.openbeelden.nl/files/09/86/986474.986463.1531_DIVSPONS-NAT00Z04XMW.mp4", "https://www.openbeelden.nl/files/09/86/986463.1531_DIVSPONS-NAT00Z04XMW.mp4", "https://www.openbeelden.nl/files/09/86/986476.986463.1531_DIVSPONS-NAT00Z04XMW.webm", "https://www.openbeelden.nl/files/09/86/986478.986463.1531_DIVSPONS-NAT00Z04XMW.ogv", "https://www.openbeelden.nl/files/09/86/986480.986463.1531_DIVSPONS-NAT00Z04XMW.ogv", "https://www.openbeelden.nl/files/09/86/986516.986463.1531_DIVSPONS_NAT00Z04XMW.m3u8", "https://www.openbeelden.nl/images/987523/Diverse_sponzen_op_hard_substraat_in_de_Delta_%283_48%29.png"], "identifier": ["6045709"], "source": ["1531_DIVSPONS-NAT00Z04XMW"], "language": ["nl"], "references": [null], "mediator": [null], "spatial": ["Nederland", "Oosterschelde", "Grevelingenmeer", "Zeeland"], "attributionName": ["Nudibranch MDP (producent);Peter van Rodijnen (camera);Stichting Natuurbeelden"], "attributionURL": ["https://www.openbeelden.nl/media/986459"], "license": ["https://creativecommons.org/licenses/by-sa/3.0/nl/"]}