{"title": ["School volwassen baars in een meer"], "alternative": [null], "creator": ["Nudibranch MDP (producent);Peter van Rodijnen (camera);Stichting Natuurbeelden"], "subject": ["Perca fluviatilis", "Pisces", "baarzen", "dag", "fauna", "meren", "onderwateropname", "samenscholen", "totaal", "vissen", "wijd", "zomer", "zonnig", "zwemmen"], "description": ["Clip gemaakt in de natuur uit de collectie van Stichting Natuurbeelden (www.natuurbeelden.nl)."], "abstract": ["Een school met tientallen volwassen baarzen, die moeiteloos zweven en rustig bewegen in het zoetwater dat iets melkachtig is."], "publisher": ["Stichting  Natuurbeelden", "https://www.openbeelden.nl/users/stichting_natuurbeelden"], "contributor": ["Stichting Natuurbeelden", "http://www.openbeelden.nl/users/stichting_natuurbeelden"], "date": ["2014-08-05"], "type": ["Moving Image"], "extent": ["PT9M36S"], "medium": ["https://www.openbeelden.nl/files/09/86/986740.986731.1520_SCHBAARS-NAT00Z04XMK.mp4", "https://www.openbeelden.nl/files/09/86/986742.986731.1520_SCHBAARS-NAT00Z04XMK.mp4", "https://www.openbeelden.nl/files/09/86/986731.1520_SCHBAARS-NAT00Z04XMK.mp4", "https://www.openbeelden.nl/files/09/86/986744.986731.1520_SCHBAARS-NAT00Z04XMK.webm", "https://www.openbeelden.nl/files/09/86/986746.986731.1520_SCHBAARS-NAT00Z04XMK.ogv", "https://www.openbeelden.nl/files/09/86/986748.986731.1520_SCHBAARS-NAT00Z04XMK.ogv", "https://www.openbeelden.nl/files/09/86/986776.986731.1520_SCHBAARS_NAT00Z04XMK.m3u8", "https://www.openbeelden.nl/images/987511/School_volwassen_baars_in_een_meer_%284_48%29.png"], "identifier": ["6045720"], "source": ["1520_SCHBAARS-NAT00Z04XMK"], "language": ["nl"], "references": [null], "mediator": [null], "spatial": ["Nederland", "Hoofddorp"], "attributionName": ["Nudibranch MDP (producent);Peter van Rodijnen (camera);Stichting Natuurbeelden"], "attributionURL": ["https://www.openbeelden.nl/media/986727"], "license": ["https://creativecommons.org/licenses/by-sa/3.0/nl/"]}