{"title": ["Turkse tortelduiven in tuin Eemnes"], "alternative": [null], "creator": ["EYESEALAND Visual Media (producent);;Stichting Natuurbeelden"], "subject": ["Streptopelia decaocto", "Turkse tortelduiven", "actie", "alertheid", "bewolkt", "bomen", "buitenopname", "close", "dag", "eten", "exterieur", "extreem close", "fauna", "flora", "gewoontes", "honger", "natuur", "paren", "schoonmaken", "stedelijke gebieden", "totaal", "tuin", "vliegen", "vogels", "voorjaar", "woonwijk", "zonnig", "zonsondergang"], "description": ["Clip gemaakt in de natuur uit de collectie van Stichting Natuurbeelden (www.natuurbeelden.nl)."], "abstract": ["Een turkse tortelduif eet van voederkolom in een tuin in een woonwijk, vliegt af en aan van de voederplaats. Een turkse tortelduif maakt verenkleed schoon zittend op een tak in een boom. Twee turkse tortelduiven zitten op de houten schutting, maken elkaar schoon en paren. Een turkse tortelduif op het dak van huizen in de woonwijk, vliegt op."], "publisher": ["Stichting  Natuurbeelden", "https://www.openbeelden.nl/users/stichting_natuurbeelden"], "contributor": ["Stichting Natuurbeelden", "http://www.openbeelden.nl/users/stichting_natuurbeelden"], "date": ["2007-04-01"], "type": ["Moving Image"], "extent": ["PT22M15S"], "medium": ["https://www.openbeelden.nl/files/09/87/987377.987364.ESL_TUIN_TORT-NAT00Z04XV0.mp4", "https://www.openbeelden.nl/files/09/87/987379.987364.ESL_TUIN_TORT-NAT00Z04XV0.mp4", "https://www.openbeelden.nl/files/09/87/987364.ESL_TUIN_TORT-NAT00Z04XV0.mp4", "https://www.openbeelden.nl/files/09/87/987381.987364.ESL_TUIN_TORT-NAT00Z04XV0.webm", "https://www.openbeelden.nl/files/09/87/987383.987364.ESL_TUIN_TORT-NAT00Z04XV0.ogv", "https://www.openbeelden.nl/files/09/87/987385.987364.ESL_TUIN_TORT-NAT00Z04XV0.ogv", "https://www.openbeelden.nl/files/09/87/987387.987364.ESL_TUIN_TORT_NAT00Z04XV0.m3u8", "https://www.openbeelden.nl/images/987488/Turkse_tortelduiven_in_tuin_Eemnes_%2811_07%29.png"], "identifier": ["6045376"], "source": ["ESL_TUIN_TORT-NAT00Z04XV0"], "language": ["nl"], "references": [null], "mediator": [null], "spatial": ["Utrecht", "Nederland", "Eemnes"], "attributionName": ["EYESEALAND Visual Media (producent);;Stichting Natuurbeelden"], "attributionURL": ["https://www.openbeelden.nl/media/987360"], "license": ["https://creativecommons.org/licenses/by-sa/3.0/nl/"]}