{"title": ["Expert bag punching"], "alternative": [null], "creator": ["American Mutoscope and Biograph Company"], "subject": ["bag punching", "physical education and training", "silent films", "vaudeville", "shorts"], "description": ["Film from the Paper Print Collection of the Library of Congress."], "abstract": ["A man stands on a stage with a painted backdrop of a forest, as if performing a vaudeville act. To the right of the frame is a sign on an easel identifying him as \"Gus Keller, Novelty Bag Puncher, New Polo A.A.\" To the left of the frame is a rack of various punching bags, topped by American flags and a sign identifying the particular skill being exhibited. Keller stands near a large metal frame for the suspended bag being worked, which is also topped with waving American flags. Rather than sporting attire, Keller wears light-colored slacks, shirt, and shoes, with a dark tie tucked in his shirt front and a pair of gloves tucked at his waist. He proceeds to demonstrate seven types of exhibition bag punching, each in separate scenes as described below that are edited together with dissolves.  Single: single suspended bag worked with hands, forearms, and elbows -- Knee: single bag worked off the floor with knees and, occasionally, knuckles -- Floor: single floor bag worked with hands -- Double: single suspended bag worked with hands and single floor bag punched with knees simultaneously -- Aerial: bag suspended from the ceiling rather than the frame worked with hands and elbows -- Triple: one suspended bag worked by each hand and single floor bag worked with knees simultaneously -- Double Floor: two floor bags worked with hands, forearms, and elbows. Notes: Filmed July 20, 1903 in the Biograph New York City studio.  See also  the entry for this film on the Library of Congress American Memory website"], "publisher": ["Library of  Congress", "https://www.openbeelden.nl/users/loc"], "contributor": ["G.W. \"Billy\" Bitzer (camera)", "Gus Keller (performer)"], "date": ["1903-07-28"], "type": ["Moving Image"], "extent": ["PT1M33S"], "medium": ["https://www.openbeelden.nl/files/99/99258.99245.Expert_Bag_Punching.mp4", "https://www.openbeelden.nl/files/99/99260.99245.Expert_Bag_Punching.mp4", "https://www.openbeelden.nl/files/99/99262.99245.Expert_Bag_Punching.webm", "https://www.openbeelden.nl/files/99/99254.99245.Expert_Bag_Punching.ogv", "https://www.openbeelden.nl/files/99/99256.99245.Expert_Bag_Punching.ogv", "https://www.openbeelden.nl/files/99/99332.99245.Expert_Bag_Punching.m3u8", "https://www.openbeelden.nl/files/99/99264.99245.Expert_Bag_Punching.ts", "https://www.openbeelden.nl/files/99/99248.99245.Expert_Bag_Punching.mpeg", "https://www.openbeelden.nl/images/603256/Expert_bag_punching_%280_46%29.png"], "identifier": ["varsmp 1597 (digital ID)"], "source": ["Paper Print Collection (Library of Congress)"], "language": ["en"], "references": [null], "mediator": [null], "spatial": ["United States", "New York"], "attributionName": ["American Mutoscope and Biograph Company"], "attributionURL": ["https://www.openbeelden.nl/media/99246"], "license": ["https://creativecommons.org/publicdomain/mark/1.0/"]}