{"title": ["Treloar and Miss Marshall, prize winners at the Physical Culture Show in Madison Square Garden"], "alternative": [null], "creator": ["Edison Manufacturing Co"], "subject": ["physical education and training", "competitions", "bodybuilding", "bodybuilders", "women bodybuilders", "masculinity (psychology)", "femininity (psychology)", "silent films", "vaudeville", "shorts", "Treloar", "Marshall, Beatrice"], "description": ["Film from the Paper Print Collection of the Library of Congress."], "abstract": ["Opens with a woman posing on a pedestal, dressed in a white body leotard with a sash tied at her hips. Marshall continues with various feminine poses, reminiscent of classic Greek statuary, to accentuate her figure. Film cuts to Treloar posed on the bare stage without a pedestal. He wears brief leopard-skin trunks or short tunic, wrist bands, and Roman-looking laced sandals. His poses accentuate the muscular development of his upper body, particularly that of his arms, and include movements that make the muscles jump. Treloar finishes with a slight nod to the camera.  Notes: Filmed January 4, 1904, in the Edison New York City studio.  See also  the entry for this film on the Library of Congress American Memory website"], "publisher": ["Library of  Congress", "https://www.openbeelden.nl/users/loc"], "contributor": ["Treloar (performer)", "Beatrice Marshall (performer)"], "date": ["1904-01-16"], "type": ["Moving Image"], "extent": ["PT2M10S"], "medium": ["https://www.openbeelden.nl/files/99/99525.99512.Treloar_and_Miss_Marshall.mp4", "https://www.openbeelden.nl/files/99/99527.99512.Treloar_and_Miss_Marshall.mp4", "https://www.openbeelden.nl/files/99/99529.99512.Treloar_and_Miss_Marshall.webm", "https://www.openbeelden.nl/files/99/99521.99512.Treloar_and_Miss_Marshall.ogv", "https://www.openbeelden.nl/files/99/99523.99512.Treloar_and_Miss_Marshall.ogv", "https://www.openbeelden.nl/files/99/99667.99512.Treloar_and_Miss_Marshall.m3u8", "https://www.openbeelden.nl/files/99/99531.99512.Treloar_and_Miss_Marshall.ts", "https://www.openbeelden.nl/files/99/99515.99512.Treloar_and_Miss_Marshall.mpeg", "https://www.openbeelden.nl/images/603250/Treloar_and_Miss_Marshall%2C_prize_winners_at_the_Physical_Culture_Show_in_Madison_Square_Garden_%281_05%29.png"], "identifier": ["varsmp 1905 (digital ID)"], "source": ["Paper Print Collection (Library of Congress)"], "language": ["en"], "references": [null], "mediator": [null], "spatial": ["United States", "New York (State)", "New York"], "attributionName": ["Edison Manufacturing Co"], "attributionURL": ["https://www.openbeelden.nl/media/99513"], "license": ["https://creativecommons.org/publicdomain/mark/1.0/"]}